Entity,Year,Life expectancy
Afghanistan,1950,28.156
Afghanistan,1951,28.584
Afghanistan,1952,29.014
Afghanistan,1953,29.452
Afghanistan,1954,29.698
Afghanistan,1955,30.366
Afghanistan,1956,30.83
Afghanistan,1957,31.345
Afghanistan,1958,31.84
Afghanistan,1959,32.337
Afghanistan,1960,32.799
Afghanistan,1961,33.291
Afghanistan,1962,33.757
Afghanistan,1963,34.201
Afghanistan,1964,34.673
Afghanistan,1965,35.124
Afghanistan,1966,35.583
Afghanistan,1967,36.042
Afghanistan,1968,36.51
Afghanistan,1969,36.979
Afghanistan,1970,37.46
Afghanistan,1971,37.932
Afghanistan,1972,38.423
Afghanistan,1973,38.951
Afghanistan,1974,39.469
Afghanistan,1975,39.994
Afghanistan,1976,40.518
Afghanistan,1977,41.082
Afghanistan,1978,40.086
Afghanistan,1979,38.844
Afghanistan,1980,39.258
Afghanistan,1981,39.406
Afghanistan,1982,36.058
Afghanistan,1983,36.517
Afghanistan,1984,31.473
Afghanistan,1985,32.132
Afghanistan,1986,38.4
Afghanistan,1987,38.831
Afghanistan,1988,43.238
Afghanistan,1989,44.496
Afghanistan,1990,45.118
Afghanistan,1991,45.521
Afghanistan,1992,46.569
Afghanistan,1993,51.021
Afghanistan,1994,50.969
Afghanistan,1995,52.103
Afghanistan,1996,52.83
Afghanistan,1997,53.212
Afghanistan,1998,52.487
Afghanistan,1999,54.532
Afghanistan,2000,55.005
Afghanistan,2001,55.511
Afghanistan,2002,56.225
Afghanistan,2003,57.171
Afghanistan,2004,57.81
Afghanistan,2005,58.247
Afghanistan,2006,58.553
Afghanistan,2007,58.956
Afghanistan,2008,59.708
Afghanistan,2009,60.248
Afghanistan,2010,60.702
Afghanistan,2011,61.25
Afghanistan,2012,61.735
Afghanistan,2013,62.188
Afghanistan,2014,62.26
Afghanistan,2015,62.27
Afghanistan,2016,62.646
Afghanistan,2017,62.406
Afghanistan,2018,62.443
Afghanistan,2019,62.941
Afghanistan,2020,61.454
Afghanistan,2021,60.417
Afghanistan,2022,65.617
Afghanistan,2023,66.035
Africa (UN),1950,37.245
Africa (UN),1951,37.775
Africa (UN),1952,38.255
Africa (UN),1953,38.731
Africa (UN),1954,39.088
Africa (UN),1955,39.547
Africa (UN),1956,39.976
Africa (UN),1957,39.856
Africa (UN),1958,40.24
Africa (UN),1959,41.194
Africa (UN),1960,41.396
Africa (UN),1961,41.776
Africa (UN),1962,42.253
Africa (UN),1963,42.718
Africa (UN),1964,43.09
Africa (UN),1965,43.355
Africa (UN),1966,43.46
Africa (UN),1967,43.747
Africa (UN),1968,44.252
Africa (UN),1969,44.508
Africa (UN),1970,44.986
Africa (UN),1971,45.4
Africa (UN),1972,45.459
Africa (UN),1973,46.101
Africa (UN),1974,46.412
Africa (UN),1975,46.807
Africa (UN),1976,47.549
Africa (UN),1977,48.041
Africa (UN),1978,48.429
Africa (UN),1979,48.956
Africa (UN),1980,49.409
Africa (UN),1981,49.823
Africa (UN),1982,50.213
Africa (UN),1983,49.546
Africa (UN),1984,49.74
Africa (UN),1985,50.133
Africa (UN),1986,50.589
Africa (UN),1987,51.189
Africa (UN),1988,51.06
Africa (UN),1989,51.706
Africa (UN),1990,51.657
Africa (UN),1991,51.494
Africa (UN),1992,51.426
Africa (UN),1993,51.83
Africa (UN),1994,49.959
Africa (UN),1995,52.343
Africa (UN),1996,52.37
Africa (UN),1997,52.584
Africa (UN),1998,52.399
Africa (UN),1999,53.062
Africa (UN),2000,53.667
Africa (UN),2001,54.006
Africa (UN),2002,54.392
Africa (UN),2003,54.842
Africa (UN),2004,55.343
Africa (UN),2005,55.849
Africa (UN),2006,56.463
Africa (UN),2007,57.082
Africa (UN),2008,57.666
Africa (UN),2009,57.752
Africa (UN),2010,58.77
Africa (UN),2011,58.96
Africa (UN),2012,59.805
Africa (UN),2013,60.267
Africa (UN),2014,60.473
Africa (UN),2015,60.844
Africa (UN),2016,61.208
Africa (UN),2017,61.514
Africa (UN),2018,62.167
Africa (UN),2019,62.449
Africa (UN),2020,62.257
Africa (UN),2021,61.787
Africa (UN),2022,62.92
Africa (UN),2023,63.843
Albania,1950,44.521
Albania,1951,45.274
Albania,1952,46.281
Albania,1953,47.369
Albania,1954,48.416
Albania,1955,49.575
Albania,1956,50.847
Albania,1957,52.257
Albania,1958,53.736
Albania,1959,55.13
Albania,1960,56.413
Albania,1961,57.488
Albania,1962,58.494
Albania,1963,59.479
Albania,1964,60.404
Albania,1965,61.273
Albania,1966,62.149
Albania,1967,62.976
Albania,1968,63.788
Albania,1969,64.538
Albania,1970,65.234
Albania,1971,65.896
Albania,1972,66.526
Albania,1973,67.107
Albania,1974,67.633
Albania,1975,68.12
Albania,1976,68.57
Albania,1977,68.992
Albania,1978,69.367
Albania,1979,69.617
Albania,1980,69.903
Albania,1981,70.145
Albania,1982,70.425
Albania,1983,70.705
Albania,1984,70.984
Albania,1985,71.282
Albania,1986,71.665
Albania,1987,71.981
Albania,1988,72.217
Albania,1989,72.457
Albania,1990,72.71
Albania,1991,73.001
Albania,1992,73.303
Albania,1993,73.638
Albania,1994,73.837
Albania,1995,74.022
Albania,1996,74.113
Albania,1997,73.383
Albania,1998,74.357
Albania,1999,74.568
Albania,2000,74.826
Albania,2001,75.083
Albania,2002,75.299
Albania,2003,75.557
Albania,2004,75.951
Albania,2005,76.427
Albania,2006,76.994
Albania,2007,77.691
Albania,2008,78.248
Albania,2009,78.509
Albania,2010,78.414
Albania,2011,78.303
Albania,2012,78.084
Albania,2013,77.995
Albania,2014,78.029
Albania,2015,78.358
Albania,2016,78.643
Albania,2017,78.9
Albania,2018,79.238
Albania,2019,79.467
Albania,2020,77.824
Albania,2021,76.844
Albania,2022,78.769
Albania,2023,79.602
Algeria,1950,42.679
Algeria,1951,43.301
Algeria,1952,43.465
Algeria,1953,43.6
Algeria,1954,40.64
Algeria,1955,40.87
Algeria,1956,40.909
Algeria,1957,40.919
Algeria,1958,40.903
Algeria,1959,40.883
Algeria,1960,40.839
Algeria,1961,40.792
Algeria,1962,39.527
Algeria,1963,43.143
Algeria,1964,42.987
Algeria,1965,42.846
Algeria,1966,42.745
Algeria,1967,42.731
Algeria,1968,42.806
Algeria,1969,42.991
Algeria,1970,43.328
Algeria,1971,43.782
Algeria,1972,44.384
Algeria,1973,45.102
Algeria,1974,45.953
Algeria,1975,46.921
Algeria,1976,48.034
Algeria,1977,49.249
Algeria,1978,50.615
Algeria,1979,52.409
Algeria,1980,54.512
Algeria,1981,57.422
Algeria,1982,59.594
Algeria,1983,61.251
Algeria,1984,62.722
Algeria,1985,64.155
Algeria,1986,65.273
Algeria,1987,66.13
Algeria,1988,66.91
Algeria,1989,67.461
Algeria,1990,67.658
Algeria,1991,67.692
Algeria,1992,67.725
Algeria,1993,67.797
Algeria,1994,67.284
Algeria,1995,67.691
Algeria,1996,68.219
Algeria,1997,68.859
Algeria,1998,69.327
Algeria,1999,70.088
Algeria,2000,70.576
Algeria,2001,71.025
Algeria,2002,71.644
Algeria,2003,71.906
Algeria,2004,72.536
Algeria,2005,72.836
Algeria,2006,73.116
Algeria,2007,73.346
Algeria,2008,73.618
Algeria,2009,73.871
Algeria,2010,74.144
Algeria,2011,74.383
Algeria,2012,74.609
Algeria,2013,74.809
Algeria,2014,74.992
Algeria,2015,75.159
Algeria,2016,75.31
Algeria,2017,75.431
Algeria,2018,75.555
Algeria,2019,75.682
Algeria,2020,73.257
Algeria,2021,75.208
Algeria,2022,76.129
Algeria,2023,76.261
American Samoa,1950,59.167
American Samoa,1951,59.654
American Samoa,1952,60.229
American Samoa,1953,60.799
American Samoa,1954,61.313
American Samoa,1955,61.827
American Samoa,1956,62.338
American Samoa,1957,62.883
American Samoa,1958,63.552
American Samoa,1959,64.32
American Samoa,1960,65.053
American Samoa,1961,65.648
American Samoa,1962,66.008
American Samoa,1963,66.161
American Samoa,1964,66.135
American Samoa,1965,65.996
American Samoa,1966,58.284
American Samoa,1967,65.807
American Samoa,1968,65.847
American Samoa,1969,66.05
American Samoa,1970,66.364
American Samoa,1971,66.77
American Samoa,1972,67.186
American Samoa,1973,67.604
American Samoa,1974,67.95
American Samoa,1975,68.256
American Samoa,1976,68.475
American Samoa,1977,68.701
American Samoa,1978,68.881
American Samoa,1979,69.114
American Samoa,1980,69.413
American Samoa,1981,69.731
American Samoa,1982,69.975
American Samoa,1983,70.163
American Samoa,1984,70.326
American Samoa,1985,70.532
American Samoa,1986,70.704
American Samoa,1987,70.828
American Samoa,1988,70.883
American Samoa,1989,70.929
American Samoa,1990,71.107
American Samoa,1991,71.312
American Samoa,1992,71.511
American Samoa,1993,71.54
American Samoa,1994,71.569
American Samoa,1995,71.565
American Samoa,1996,71.576
American Samoa,1997,71.606
American Samoa,1998,71.542
American Samoa,1999,71.484
American Samoa,2000,71.443
American Samoa,2001,71.573
American Samoa,2002,71.755
American Samoa,2003,71.698
American Samoa,2004,72.277
American Samoa,2005,72.382
American Samoa,2006,72.397
American Samoa,2007,72.365
American Samoa,2008,72.43
American Samoa,2009,70.839
American Samoa,2010,72.587
American Samoa,2011,72.662
American Samoa,2012,72.709
American Samoa,2013,72.769
American Samoa,2014,72.687
American Samoa,2015,72.654
American Samoa,2016,72.64
American Samoa,2017,72.801
American Samoa,2018,72.794
American Samoa,2019,72.751
American Samoa,2020,72.672
American Samoa,2021,72.708
American Samoa,2022,72.752
American Samoa,2023,72.852
Andorra,1950,67.159
Andorra,1951,67.531
Andorra,1952,67.947
Andorra,1953,68.607
Andorra,1954,69.263
Andorra,1955,69.777
Andorra,1956,70.233
Andorra,1957,70.642
Andorra,1958,71.176
Andorra,1959,71.615
Andorra,1960,72.094
Andorra,1961,72.573
Andorra,1962,72.993
Andorra,1963,73.298
Andorra,1964,73.624
Andorra,1965,73.856
Andorra,1966,74.02
Andorra,1967,74.119
Andorra,1968,74.22
Andorra,1969,74.296
Andorra,1970,74.452
Andorra,1971,74.615
Andorra,1972,74.864
Andorra,1973,75.096
Andorra,1974,75.34
Andorra,1975,75.567
Andorra,1976,75.869
Andorra,1977,76.154
Andorra,1978,76.488
Andorra,1979,76.819
Andorra,1980,77.137
Andorra,1981,77.391
Andorra,1982,77.617
Andorra,1983,77.787
Andorra,1984,77.916
Andorra,1985,78.006
Andorra,1986,78.107
Andorra,1987,78.189
Andorra,1988,78.364
Andorra,1989,78.557
Andorra,1990,78.961
Andorra,1991,79.346
Andorra,1992,79.794
Andorra,1993,80.186
Andorra,1994,80.587
Andorra,1995,80.804
Andorra,1996,81.009
Andorra,1997,81.145
Andorra,1998,81.28
Andorra,1999,81.55
Andorra,2000,81.863
Andorra,2001,82.162
Andorra,2002,82.448
Andorra,2003,82.718
Andorra,2004,82.815
Andorra,2005,83.086
Andorra,2006,83.374
Andorra,2007,83.632
Andorra,2008,83.855
Andorra,2009,84.1
Andorra,2010,84.197
Andorra,2011,84.296
Andorra,2012,84.334
Andorra,2013,84.406
Andorra,2014,84.485
Andorra,2015,84.532
Andorra,2016,84.489
Andorra,2017,84.359
Andorra,2018,84.242
Andorra,2019,84.098
Andorra,2020,79.418
Andorra,2021,82.331
Andorra,2022,84.016
Andorra,2023,84.041
Angola,1950,35.866
Angola,1951,36.046
Angola,1952,36.224
Angola,1953,36.434
Angola,1954,36.625
Angola,1955,36.854
Angola,1956,37.081
Angola,1957,37.27
Angola,1958,37.475
Angola,1959,37.694
Angola,1960,37.933
Angola,1961,36.902
Angola,1962,37.168
Angola,1963,37.419
Angola,1964,37.704
Angola,1965,37.968
Angola,1966,38.258
Angola,1967,38.616
Angola,1968,38.968
Angola,1969,39.329
Angola,1970,39.688
Angola,1971,40.076
Angola,1972,40.469
Angola,1973,40.871
Angola,1974,41.26
Angola,1975,40.817
Angola,1976,40.812
Angola,1977,41.215
Angola,1978,41.573
Angola,1979,41.913
Angola,1980,42.242
Angola,1981,42.556
Angola,1982,42.857
Angola,1983,41.972
Angola,1984,42.245
Angola,1985,42.495
Angola,1986,42.739
Angola,1987,40.786
Angola,1988,41.471
Angola,1989,41.698
Angola,1990,41.854
Angola,1991,43.812
Angola,1992,42.267
Angola,1993,42.19
Angola,1994,43.567
Angola,1995,46.139
Angola,1996,46.418
Angola,1997,46.688
Angola,1998,45.452
Angola,1999,45.808
Angola,2000,46.501
Angola,2001,47.032
Angola,2002,47.874
Angola,2003,50.218
Angola,2004,51.123
Angola,2005,52.13
Angola,2006,52.965
Angola,2007,54.2
Angola,2008,55.281
Angola,2009,56.225
Angola,2010,57.242
Angola,2011,58.093
Angola,2012,58.916
Angola,2013,59.705
Angola,2014,60.396
Angola,2015,61.042
Angola,2016,61.619
Angola,2017,62.122
Angola,2018,62.622
Angola,2019,63.051
Angola,2020,63.116
Angola,2021,62.958
Angola,2022,64.246
Angola,2023,64.617
Anguilla,1950,55.056
Anguilla,1951,55.593
Anguilla,1952,56.081
Anguilla,1953,56.582
Anguilla,1954,57.08
Anguilla,1955,57.608
Anguilla,1956,58.17
Anguilla,1957,58.716
Anguilla,1958,59.26
Anguilla,1959,59.847
Anguilla,1960,58.833
Anguilla,1961,60.924
Anguilla,1962,61.423
Anguilla,1963,61.909
Anguilla,1964,62.39
Anguilla,1965,62.885
Anguilla,1966,63.35
Anguilla,1967,63.741
Anguilla,1968,64.143
Anguilla,1969,64.529
Anguilla,1970,65.001
Anguilla,1971,65.459
Anguilla,1972,65.873
Anguilla,1973,66.247
Anguilla,1974,66.636
Anguilla,1975,67.056
Anguilla,1976,67.438
Anguilla,1977,67.823
Anguilla,1978,68.225
Anguilla,1979,68.602
Anguilla,1980,68.919
Anguilla,1981,69.253
Anguilla,1982,69.57
Anguilla,1983,69.895
Anguilla,1984,70.162
Anguilla,1985,70.431
Anguilla,1986,70.754
Anguilla,1987,71.072
Anguilla,1988,71.396
Anguilla,1989,71.776
Anguilla,1990,72.087
Anguilla,1991,72.446
Anguilla,1992,72.781
Anguilla,1993,73.12
Anguilla,1994,73.441
Anguilla,1995,73.743
Anguilla,1996,74.045
Anguilla,1997,74.339
Anguilla,1998,74.61
Anguilla,1999,74.892
Anguilla,2000,75.147
Anguilla,2001,75.397
Anguilla,2002,75.656
Anguilla,2003,75.895
Anguilla,2004,76.135
Anguilla,2005,76.336
Anguilla,2006,76.569
Anguilla,2007,76.752
Anguilla,2008,76.902
Anguilla,2009,77.043
Anguilla,2010,77.208
Anguilla,2011,77.305
Anguilla,2012,77.406
Anguilla,2013,77.624
Anguilla,2014,77.696
Anguilla,2015,77.741
Anguilla,2016,77.876
Anguilla,2017,77.174
Anguilla,2018,78.236
Anguilla,2019,78.425
Anguilla,2020,78.656
Anguilla,2021,78.414
Anguilla,2022,79.119
Anguilla,2023,79.311
Antigua and Barbuda,1950,58.1
Antigua and Barbuda,1951,58.604
Antigua and Barbuda,1952,59.019
Antigua and Barbuda,1953,59.434
Antigua and Barbuda,1954,59.834
Antigua and Barbuda,1955,60.25
Antigua and Barbuda,1956,60.666
Antigua and Barbuda,1957,61.107
Antigua and Barbuda,1958,61.594
Antigua and Barbuda,1959,62.129
Antigua and Barbuda,1960,62.635
Antigua and Barbuda,1961,63.335
Antigua and Barbuda,1962,63.995
Antigua and Barbuda,1963,64.697
Antigua and Barbuda,1964,65.428
Antigua and Barbuda,1965,66.171
Antigua and Barbuda,1966,66.902
Antigua and Barbuda,1967,67.586
Antigua and Barbuda,1968,68.23
Antigua and Barbuda,1969,68.827
Antigua and Barbuda,1970,69.371
Antigua and Barbuda,1971,69.861
Antigua and Barbuda,1972,70.304
Antigua and Barbuda,1973,70.71
Antigua and Barbuda,1974,71.095
Antigua and Barbuda,1975,71.447
Antigua and Barbuda,1976,71.794
Antigua and Barbuda,1977,72.149
Antigua and Barbuda,1978,72.5
Antigua and Barbuda,1979,72.823
Antigua and Barbuda,1980,73.094
Antigua and Barbuda,1981,73.32
Antigua and Barbuda,1982,73.525
Antigua and Barbuda,1983,73.684
Antigua and Barbuda,1984,73.808
Antigua and Barbuda,1985,73.873
Antigua and Barbuda,1986,73.893
Antigua and Barbuda,1987,73.873
Antigua and Barbuda,1988,73.811
Antigua and Barbuda,1989,73.628
Antigua and Barbuda,1990,73.602
Antigua and Barbuda,1991,73.472
Antigua and Barbuda,1992,73.386
Antigua and Barbuda,1993,73.39
Antigua and Barbuda,1994,73.493
Antigua and Barbuda,1995,73.576
Antigua and Barbuda,1996,73.839
Antigua and Barbuda,1997,74.045
Antigua and Barbuda,1998,74.187
Antigua and Barbuda,1999,74.456
Antigua and Barbuda,2000,74.819
Antigua and Barbuda,2001,75.108
Antigua and Barbuda,2002,75.237
Antigua and Barbuda,2003,75.313
Antigua and Barbuda,2004,75.329
Antigua and Barbuda,2005,75.364
Antigua and Barbuda,2006,75.506
Antigua and Barbuda,2007,75.72
Antigua and Barbuda,2008,76.075
Antigua and Barbuda,2009,76.386
Antigua and Barbuda,2010,76.701
Antigua and Barbuda,2011,77.023
Antigua and Barbuda,2012,77.1
Antigua and Barbuda,2013,77.05
Antigua and Barbuda,2014,76.912
Antigua and Barbuda,2015,76.892
Antigua and Barbuda,2016,76.968
Antigua and Barbuda,2017,77.03
Antigua and Barbuda,2018,77.132
Antigua and Barbuda,2019,77.168
Antigua and Barbuda,2020,77.161
Antigua and Barbuda,2021,77.197
Antigua and Barbuda,2022,77.483
Antigua and Barbuda,2023,77.598
Argentina,1950,61.275
Argentina,1951,61.709
Argentina,1952,62.466
Argentina,1953,62.46
Argentina,1954,63.069
Argentina,1955,62.703
Argentina,1956,63.577
Argentina,1957,63.22
Argentina,1958,64.202
Argentina,1959,64.1
Argentina,1960,64.242
Argentina,1961,64.631
Argentina,1962,64.618
Argentina,1963,64.855
Argentina,1964,64.816
Argentina,1965,65.053
Argentina,1966,65.398
Argentina,1967,65.467
Argentina,1968,65.234
Argentina,1969,65.085
Argentina,1970,65.647
Argentina,1971,65.619
Argentina,1972,65.953
Argentina,1973,66.186
Argentina,1974,66.405
Argentina,1975,66.965
Argentina,1976,67.03
Argentina,1977,67.595
Argentina,1978,67.999
Argentina,1979,68.434
Argentina,1980,68.576
Argentina,1981,68.858
Argentina,1982,68.973
Argentina,1983,69.29
Argentina,1984,69.353
Argentina,1985,69.879
Argentina,1986,70.281
Argentina,1987,70.699
Argentina,1988,71.097
Argentina,1989,71.502
Argentina,1990,71.615
Argentina,1991,72.02
Argentina,1992,72.096
Argentina,1993,72.303
Argentina,1994,72.732
Argentina,1995,72.864
Argentina,1996,73.056
Argentina,1997,73.407
Argentina,1998,73.412
Argentina,1999,73.683
Argentina,2000,73.91
Argentina,2001,74.154
Argentina,2002,74.312
Argentina,2003,74.307
Argentina,2004,74.871
Argentina,2005,75.231
Argentina,2006,75.279
Argentina,2007,74.783
Argentina,2008,75.428
Argentina,2009,75.577
Argentina,2010,75.68
Argentina,2011,76.1
Argentina,2012,75.802
Argentina,2013,75.829
Argentina,2014,76.268
Argentina,2015,76.6
Argentina,2016,76.105
Argentina,2017,76.543
Argentina,2018,76.77
Argentina,2019,76.847
Argentina,2020,75.878
Argentina,2021,73.948
Argentina,2022,75.806
Argentina,2023,77.395
Armenia,1950,54.554
Armenia,1951,55.036
Armenia,1952,55.511
Armenia,1953,55.98
Armenia,1954,56.443
Armenia,1955,56.901
Armenia,1956,57.355
Armenia,1957,57.804
Armenia,1958,58.249
Armenia,1959,58.691
Armenia,1960,59.13
Armenia,1961,59.567
Armenia,1962,59.995
Armenia,1963,60.412
Armenia,1964,60.813
Armenia,1965,61.194
Armenia,1966,61.554
Armenia,1967,61.889
Armenia,1968,62.202
Armenia,1969,62.492
Armenia,1970,62.76
Armenia,1971,63.006
Armenia,1972,63.237
Armenia,1973,63.459
Armenia,1974,63.681
Armenia,1975,63.907
Armenia,1976,64.144
Armenia,1977,64.423
Armenia,1978,64.723
Armenia,1979,65.043
Armenia,1980,65.362
Armenia,1981,65.707
Armenia,1982,66.076
Armenia,1983,66.452
Armenia,1984,66.812
Armenia,1985,67.133
Armenia,1986,67.394
Armenia,1987,67.571
Armenia,1988,52.709
Armenia,1989,67.722
Armenia,1990,67.733
Armenia,1991,67.801
Armenia,1992,67.882
Armenia,1993,68.143
Armenia,1994,68.448
Armenia,1995,68.813
Armenia,1996,69.198
Armenia,1997,69.592
Armenia,1998,70.005
Armenia,1999,70.418
Armenia,2000,70.812
Armenia,2001,71.174
Armenia,2002,71.486
Armenia,2003,71.734
Armenia,2004,71.926
Armenia,2005,72.082
Armenia,2006,72.219
Armenia,2007,72.359
Armenia,2008,72.519
Armenia,2009,72.714
Armenia,2010,72.938
Armenia,2011,73.185
Armenia,2012,73.44
Armenia,2013,73.713
Armenia,2014,73.98
Armenia,2015,74.229
Armenia,2016,74.494
Armenia,2017,74.744
Armenia,2018,74.978
Armenia,2019,75.193
Armenia,2020,68.89
Armenia,2021,72.552
Armenia,2022,74.633
Armenia,2023,75.683
Aruba,1950,57.987
Aruba,1951,58.729
Aruba,1952,59.446
Aruba,1953,60.119
Aruba,1954,60.817
Aruba,1955,61.452
Aruba,1956,62.044
Aruba,1957,62.6
Aruba,1958,63.154
Aruba,1959,63.611
Aruba,1960,64.049
Aruba,1961,64.215
Aruba,1962,64.602
Aruba,1963,64.944
Aruba,1964,65.303
Aruba,1965,65.615
Aruba,1966,66.126
Aruba,1967,66.385
Aruba,1968,66.744
Aruba,1969,67.098
Aruba,1970,67.44
Aruba,1971,67.783
Aruba,1972,68.335
Aruba,1973,68.862
Aruba,1974,69.278
Aruba,1975,69.564
Aruba,1976,69.808
Aruba,1977,70.054
Aruba,1978,70.271
Aruba,1979,70.507
Aruba,1980,70.771
Aruba,1981,71.344
Aruba,1982,71.485
Aruba,1983,71.606
Aruba,1984,71.711
Aruba,1985,71.792
Aruba,1986,71.831
Aruba,1987,72.448
Aruba,1988,72.519
Aruba,1989,72.531
Aruba,1990,72.546
Aruba,1991,72.592
Aruba,1992,72.717
Aruba,1993,72.777
Aruba,1994,72.796
Aruba,1995,72.832
Aruba,1996,72.856
Aruba,1997,72.904
Aruba,1998,72.94
Aruba,1999,72.857
Aruba,2000,72.939
Aruba,2001,73.044
Aruba,2002,73.135
Aruba,2003,73.236
Aruba,2004,73.223
Aruba,2005,73.415
Aruba,2006,73.498
Aruba,2007,73.642
Aruba,2008,73.783
Aruba,2009,73.974
Aruba,2010,74.297
Aruba,2011,74.578
Aruba,2012,74.841
Aruba,2013,75.072
Aruba,2014,75.261
Aruba,2015,75.405
Aruba,2016,75.54
Aruba,2017,75.62
Aruba,2018,75.88
Aruba,2019,76.019
Aruba,2020,75.406
Aruba,2021,73.655
Aruba,2022,76.226
Aruba,2023,76.353
Asia (UN),1950,41.956
Asia (UN),1951,42.959
Asia (UN),1952,44.241
Asia (UN),1953,44.872
Asia (UN),1954,45.839
Asia (UN),1955,46.432
Asia (UN),1956,46.937
Asia (UN),1957,47.436
Asia (UN),1958,47.91
Asia (UN),1959,44.547
Asia (UN),1960,41.792
Asia (UN),1961,45.225
Asia (UN),1962,49.706
Asia (UN),1963,50.413
Asia (UN),1964,51.048
Asia (UN),1965,50.654
Asia (UN),1966,51.508
Asia (UN),1967,52.227
Asia (UN),1968,53.121
Asia (UN),1969,53.751
Asia (UN),1970,54.035
Asia (UN),1971,53.439
Asia (UN),1972,55.319
Asia (UN),1973,55.926
Asia (UN),1974,56.38
Asia (UN),1975,56.609
Asia (UN),1976,56.916
Asia (UN),1977,57.625
Asia (UN),1978,58.113
Asia (UN),1979,58.997
Asia (UN),1980,59.465
Asia (UN),1981,59.962
Asia (UN),1982,60.466
Asia (UN),1983,60.944
Asia (UN),1984,61.406
Asia (UN),1985,61.858
Asia (UN),1986,62.382
Asia (UN),1987,62.853
Asia (UN),1988,63.211
Asia (UN),1989,63.659
Asia (UN),1990,63.964
Asia (UN),1991,64.232
Asia (UN),1992,64.71
Asia (UN),1993,65.076
Asia (UN),1994,65.393
Asia (UN),1995,65.698
Asia (UN),1996,66.097
Asia (UN),1997,66.46
Asia (UN),1998,66.821
Asia (UN),1999,67.166
Asia (UN),2000,67.607
Asia (UN),2001,67.994
Asia (UN),2002,68.403
Asia (UN),2003,68.799
Asia (UN),2004,69.032
Asia (UN),2005,69.497
Asia (UN),2006,69.909
Asia (UN),2007,70.301
Asia (UN),2008,70.501
Asia (UN),2009,71.009
Asia (UN),2010,71.379
Asia (UN),2011,71.684
Asia (UN),2012,72.042
Asia (UN),2013,72.359
Asia (UN),2014,72.706
Asia (UN),2015,72.97
Asia (UN),2016,73.272
Asia (UN),2017,73.492
Asia (UN),2018,73.794
Asia (UN),2019,74.047
Asia (UN),2020,73.606
Asia (UN),2021,72.371
Asia (UN),2022,74.428
Asia (UN),2023,74.566
Australia,1950,69
Australia,1951,68.7
Australia,1952,69.112
Australia,1953,69.691
Australia,1954,69.859
Australia,1955,70.156
Australia,1956,70.037
Australia,1957,70.317
Australia,1958,70.861
Australia,1959,70.445
Australia,1960,70.865
Australia,1961,71.135
Australia,1962,70.906
Australia,1963,70.961
Australia,1964,70.572
Australia,1965,70.802
Australia,1966,70.678
Australia,1967,71.047
Australia,1968,70.681
Australia,1969,71.072
Australia,1970,70.653
Australia,1971,71.451
Australia,1972,71.768
Australia,1973,72.058
Australia,1974,71.849
Australia,1975,72.783
Australia,1976,72.787
Australia,1977,73.472
Australia,1978,73.74
Australia,1979,74.327
Australia,1980,74.566
Australia,1981,74.783
Australia,1982,74.719
Australia,1983,75.44
Australia,1984,75.51
Australia,1985,75.43
Australia,1986,76.072
Australia,1987,76.083
Australia,1988,76.344
Australia,1989,76.197
Australia,1990,77.041
Australia,1991,77.481
Australia,1992,77.473
Australia,1993,78.006
Australia,1994,77.852
Australia,1995,78.257
Australia,1996,78.344
Australia,1997,78.626
Australia,1998,79.02
Australia,1999,79.277
Australia,2000,79.621
Australia,2001,80.006
Australia,2002,80.052
Australia,2003,80.44
Australia,2004,80.733
Australia,2005,81.092
Australia,2006,81.258
Australia,2007,81.232
Australia,2008,81.427
Australia,2009,81.728
Australia,2010,82.013
Australia,2011,82.091
Australia,2012,82.297
Australia,2013,82.551
Australia,2014,82.518
Australia,2015,82.605
Australia,2016,82.801
Australia,2017,82.718
Australia,2018,83.258
Australia,2019,83.241
Australia,2020,83.664
Australia,2021,83.564
Australia,2022,82.766
Australia,2023,83.923
Austria,1950,64.813
Austria,1951,65.222
Austria,1952,66.748
Austria,1953,67.254
Austria,1954,67.287
Austria,1955,67.551
Austria,1956,67.681
Austria,1957,67.445
Austria,1958,68.455
Austria,1959,68.392
Austria,1960,68.747
Austria,1961,69.713
Austria,1962,69.499
Austria,1963,69.653
Austria,1964,70.119
Austria,1965,69.932
Austria,1966,70.223
Austria,1967,70.116
Austria,1968,70.268
Austria,1969,70.041
Austria,1970,70.086
Austria,1971,70.29
Austria,1972,70.62
Austria,1973,71.195
Austria,1974,71.174
Austria,1975,71.326
Austria,1976,71.788
Austria,1977,72.135
Austria,1978,72.203
Austria,1979,72.543
Austria,1980,72.668
Austria,1981,72.99
Austria,1982,73.143
Austria,1983,73.217
Austria,1984,73.766
Austria,1985,73.986
Austria,1986,74.457
Austria,1987,74.9
Austria,1988,75.374
Austria,1989,75.463
Austria,1990,75.739
Austria,1991,75.792
Austria,1992,75.992
Austria,1993,76.225
Austria,1994,76.541
Austria,1995,76.775
Austria,1996,77.026
Austria,1997,77.428
Austria,1998,77.782
Austria,1999,77.955
Austria,2000,78.235
Austria,2001,78.718
Austria,2002,78.846
Austria,2003,78.849
Austria,2004,79.362
Austria,2005,79.52
Austria,2006,79.965
Austria,2007,80.166
Austria,2008,80.363
Austria,2009,80.206
Austria,2010,80.463
Austria,2011,80.828
Austria,2012,80.841
Austria,2013,81.078
Austria,2014,81.39
Austria,2015,81.159
Austria,2016,81.592
Austria,2017,81.639
Austria,2018,81.686
Austria,2019,81.907
Austria,2020,81.804
Austria,2021,81.82
Austria,2022,81.296
Austria,2023,81.956
Azerbaijan,1950,46.288
Azerbaijan,1951,46.64
Azerbaijan,1952,47.008
Azerbaijan,1953,47.435
Azerbaijan,1954,47.84
Azerbaijan,1955,48.347
Azerbaijan,1956,48.797
Azerbaijan,1957,49.195
Azerbaijan,1958,49.687
Azerbaijan,1959,50.258
Azerbaijan,1960,50.862
Azerbaijan,1961,51.435
Azerbaijan,1962,52.053
Azerbaijan,1963,52.696
Azerbaijan,1964,53.292
Azerbaijan,1965,53.884
Azerbaijan,1966,54.485
Azerbaijan,1967,55.032
Azerbaijan,1968,55.563
Azerbaijan,1969,56.08
Azerbaijan,1970,56.586
Azerbaijan,1971,57.043
Azerbaijan,1972,57.503
Azerbaijan,1973,57.926
Azerbaijan,1974,58.332
Azerbaijan,1975,58.687
Azerbaijan,1976,59.477
Azerbaijan,1977,59.972
Azerbaijan,1978,60.494
Azerbaijan,1979,60.931
Azerbaijan,1980,61.433
Azerbaijan,1981,61.908
Azerbaijan,1982,62.23
Azerbaijan,1983,62.479
Azerbaijan,1984,62.084
Azerbaijan,1985,62.674
Azerbaijan,1986,62.603
Azerbaijan,1987,62.824
Azerbaijan,1988,62.672
Azerbaijan,1989,62.945
Azerbaijan,1990,62.75
Azerbaijan,1991,62.544
Azerbaijan,1992,60.773
Azerbaijan,1993,61.426
Azerbaijan,1994,60.277
Azerbaijan,1995,61.931
Azerbaijan,1996,62.66
Azerbaijan,1997,62.953
Azerbaijan,1998,63.75
Azerbaijan,1999,64.733
Azerbaijan,2000,65.377
Azerbaijan,2001,66.043
Azerbaijan,2002,66.769
Azerbaijan,2003,67.036
Azerbaijan,2004,67.488
Azerbaijan,2005,67.71
Azerbaijan,2006,68.489
Azerbaijan,2007,68.659
Azerbaijan,2008,69.355
Azerbaijan,2009,69.874
Azerbaijan,2010,70.309
Azerbaijan,2011,70.565
Azerbaijan,2012,71.08
Azerbaijan,2013,71.485
Azerbaijan,2014,71.93
Azerbaijan,2015,72.349
Azerbaijan,2016,72.568
Azerbaijan,2017,72.694
Azerbaijan,2018,73.016
Azerbaijan,2019,73.29
Azerbaijan,2020,70.312
Azerbaijan,2021,70.999
Azerbaijan,2022,74.125
Azerbaijan,2023,74.429
Bahamas,1950,58.893
Bahamas,1951,59.201
Bahamas,1952,59.578
Bahamas,1953,59.95
Bahamas,1954,60.315
Bahamas,1955,60.652
Bahamas,1956,61.013
Bahamas,1957,61.371
Bahamas,1958,61.737
Bahamas,1959,62.085
Bahamas,1960,62.454
Bahamas,1961,62.813
Bahamas,1962,63.187
Bahamas,1963,63.532
Bahamas,1964,63.897
Bahamas,1965,64.272
Bahamas,1966,64.589
Bahamas,1967,65.03
Bahamas,1968,65.399
Bahamas,1969,65.773
Bahamas,1970,66.163
Bahamas,1971,66.526
Bahamas,1972,66.781
Bahamas,1973,67.147
Bahamas,1974,67.585
Bahamas,1975,68.14
Bahamas,1976,68.529
Bahamas,1977,68.762
Bahamas,1978,68.873
Bahamas,1979,68.96
Bahamas,1980,69.091
Bahamas,1981,69.368
Bahamas,1982,69.682
Bahamas,1983,70.003
Bahamas,1984,70.192
Bahamas,1985,70.289
Bahamas,1986,70.316
Bahamas,1987,70.383
Bahamas,1988,70.508
Bahamas,1989,70.719
Bahamas,1990,70.945
Bahamas,1991,71.183
Bahamas,1992,71.298
Bahamas,1993,71.42
Bahamas,1994,71.429
Bahamas,1995,71.422
Bahamas,1996,71.464
Bahamas,1997,71.597
Bahamas,1998,71.84
Bahamas,1999,72.147
Bahamas,2000,72.481
Bahamas,2001,72.765
Bahamas,2002,73.023
Bahamas,2003,73.213
Bahamas,2004,73.235
Bahamas,2005,73.413
Bahamas,2006,73.456
Bahamas,2007,73.463
Bahamas,2008,73.445
Bahamas,2009,73.455
Bahamas,2010,73.449
Bahamas,2011,73.571
Bahamas,2012,73.707
Bahamas,2013,73.93
Bahamas,2014,74.029
Bahamas,2015,73.805
Bahamas,2016,74.042
Bahamas,2017,74.031
Bahamas,2018,74.062
Bahamas,2019,71.408
Bahamas,2020,72.994
Bahamas,2021,70.752
Bahamas,2022,74.491
Bahamas,2023,74.552
Bahrain,1950,38.602
Bahrain,1951,39.27
Bahrain,1952,39.934
Bahrain,1953,40.714
Bahrain,1954,41.648
Bahrain,1955,42.774
Bahrain,1956,44.127
Bahrain,1957,45.652
Bahrain,1958,47.276
Bahrain,1959,48.951
Bahrain,1960,50.634
Bahrain,1961,52.278
Bahrain,1962,53.893
Bahrain,1963,55.449
Bahrain,1964,56.946
Bahrain,1965,58.379
Bahrain,1966,59.745
Bahrain,1967,61.036
Bahrain,1968,62.253
Bahrain,1969,63.35
Bahrain,1970,64.359
Bahrain,1971,65.279
Bahrain,1972,66.095
Bahrain,1973,66.922
Bahrain,1974,67.633
Bahrain,1975,68.276
Bahrain,1976,68.858
Bahrain,1977,69.383
Bahrain,1978,69.85
Bahrain,1979,70.296
Bahrain,1980,70.684
Bahrain,1981,71.037
Bahrain,1982,71.354
Bahrain,1983,71.637
Bahrain,1984,71.884
Bahrain,1985,72.092
Bahrain,1986,72.257
Bahrain,1987,72.377
Bahrain,1988,72.46
Bahrain,1989,72.524
Bahrain,1990,72.587
Bahrain,1991,72.668
Bahrain,1992,72.785
Bahrain,1993,72.939
Bahrain,1994,73.134
Bahrain,1995,73.361
Bahrain,1996,73.61
Bahrain,1997,73.872
Bahrain,1998,74.138
Bahrain,1999,74.405
Bahrain,2000,74.673
Bahrain,2001,74.942
Bahrain,2002,75.209
Bahrain,2003,75.486
Bahrain,2004,75.787
Bahrain,2005,76.125
Bahrain,2006,76.51
Bahrain,2007,76.952
Bahrain,2008,77.457
Bahrain,2009,78.016
Bahrain,2010,78.593
Bahrain,2011,79.141
Bahrain,2012,79.622
Bahrain,2013,79.998
Bahrain,2014,80.214
Bahrain,2015,80.338
Bahrain,2016,80.407
Bahrain,2017,80.407
Bahrain,2018,80.412
Bahrain,2019,80.471
Bahrain,2020,78.683
Bahrain,2021,78.083
Bahrain,2022,80.992
Bahrain,2023,81.284
Bangladesh,1950,37.411
Bangladesh,1951,38.136
Bangladesh,1952,38.844
Bangladesh,1953,39.445
Bangladesh,1954,40.372
Bangladesh,1955,41.066
Bangladesh,1956,41.603
Bangladesh,1957,42.575
Bangladesh,1958,43.083
Bangladesh,1959,43.716
Bangladesh,1960,43.98
Bangladesh,1961,44.887
Bangladesh,1962,45.765
Bangladesh,1963,45.722
Bangladesh,1964,46.752
Bangladesh,1965,46.046
Bangladesh,1966,47.644
Bangladesh,1967,48.066
Bangladesh,1968,48.4
Bangladesh,1969,48.686
Bangladesh,1970,42.667
Bangladesh,1971,26.522
Bangladesh,1972,49.647
Bangladesh,1973,49.914
Bangladesh,1974,49.589
Bangladesh,1975,50.627
Bangladesh,1976,50.951
Bangladesh,1977,51.265
Bangladesh,1978,51.596
Bangladesh,1979,51.959
Bangladesh,1980,52.278
Bangladesh,1981,52.638
Bangladesh,1982,53.012
Bangladesh,1983,53.441
Bangladesh,1984,53.826
Bangladesh,1985,53.937
Bangladesh,1986,54.592
Bangladesh,1987,54.899
Bangladesh,1988,55.174
Bangladesh,1989,55.514
Bangladesh,1990,55.822
Bangladesh,1991,53.781
Bangladesh,1992,56.592
Bangladesh,1993,57.073
Bangladesh,1994,57.64
Bangladesh,1995,58.244
Bangladesh,1996,58.94
Bangladesh,1997,59.671
Bangladesh,1998,60.429
Bangladesh,1999,61.244
Bangladesh,2000,62.049
Bangladesh,2001,62.836
Bangladesh,2002,63.591
Bangladesh,2003,64.288
Bangladesh,2004,64.912
Bangladesh,2005,65.509
Bangladesh,2006,66.048
Bangladesh,2007,66.458
Bangladesh,2008,67.047
Bangladesh,2009,67.527
Bangladesh,2010,68.009
Bangladesh,2011,68.499
Bangladesh,2012,68.989
Bangladesh,2013,69.487
Bangladesh,2014,70.016
Bangladesh,2015,70.543
Bangladesh,2016,71.075
Bangladesh,2017,71.606
Bangladesh,2018,72.122
Bangladesh,2019,72.625
Bangladesh,2020,71.421
Bangladesh,2021,71.103
Bangladesh,2022,74.265
Bangladesh,2023,74.672
Barbados,1950,53.592
Barbados,1951,54.706
Barbados,1952,55.932
Barbados,1953,56.965
Barbados,1954,58.316
Barbados,1955,59.004
Barbados,1956,60.542
Barbados,1957,61.656
Barbados,1958,62.45
Barbados,1959,63.307
Barbados,1960,64.149
Barbados,1961,65.033
Barbados,1962,65.715
Barbados,1963,66.204
Barbados,1964,66.678
Barbados,1965,67.236
Barbados,1966,67.71
Barbados,1967,67.92
Barbados,1968,68.2
Barbados,1969,68.504
Barbados,1970,68.518
Barbados,1971,68.787
Barbados,1972,69.132
Barbados,1973,69.108
Barbados,1974,69.379
Barbados,1975,69.79
Barbados,1976,70.114
Barbados,1977,70.64
Barbados,1978,71.143
Barbados,1979,71.549
Barbados,1980,72.129
Barbados,1981,72.63
Barbados,1982,72.903
Barbados,1983,73.156
Barbados,1984,73.302
Barbados,1985,73.316
Barbados,1986,73.416
Barbados,1987,73.463
Barbados,1988,73.431
Barbados,1989,73.375
Barbados,1990,73.463
Barbados,1991,73.543
Barbados,1992,73.61
Barbados,1993,73.739
Barbados,1994,73.755
Barbados,1995,73.88
Barbados,1996,74.065
Barbados,1997,73.988
Barbados,1998,74.465
Barbados,1999,74.587
Barbados,2000,74.58
Barbados,2001,74.707
Barbados,2002,74.82
Barbados,2003,74.865
Barbados,2004,75.15
Barbados,2005,74.96
Barbados,2006,75.049
Barbados,2007,75.263
Barbados,2008,75.3
Barbados,2009,75.458
Barbados,2010,75.488
Barbados,2011,75.599
Barbados,2012,75.737
Barbados,2013,75.816
Barbados,2014,75.926
Barbados,2015,76.055
Barbados,2016,76.168
Barbados,2017,76.237
Barbados,2018,76.378
Barbados,2019,76.495
Barbados,2020,76.647
Barbados,2021,76.58
Barbados,2022,75.676
Barbados,2023,76.178
Belarus,1950,58.642
Belarus,1951,59.388
Belarus,1952,60.451
Belarus,1953,61.486
Belarus,1954,62.511
Belarus,1955,63.512
Belarus,1956,64.503
Belarus,1957,65.441
Belarus,1958,66.631
Belarus,1959,67.987
Belarus,1960,69.322
Belarus,1961,70.022
Belarus,1962,70.462
Belarus,1963,70.798
Belarus,1964,71.302
Belarus,1965,71.631
Belarus,1966,71.798
Belarus,1967,71.866
Belarus,1968,71.865
Belarus,1969,71.71
Belarus,1970,71.677
Belarus,1971,71.59
Belarus,1972,71.764
Belarus,1973,71.742
Belarus,1974,71.657
Belarus,1975,71.418
Belarus,1976,71.221
Belarus,1977,71.078
Belarus,1978,70.948
Belarus,1979,70.812
Belarus,1980,70.748
Belarus,1981,70.754
Belarus,1982,70.784
Belarus,1983,70.712
Belarus,1984,70.791
Belarus,1985,71.192
Belarus,1986,71.671
Belarus,1987,71.949
Belarus,1988,71.75
Belarus,1989,71.503
Belarus,1990,71.145
Belarus,1991,70.722
Belarus,1992,70.119
Belarus,1993,69.522
Belarus,1994,68.966
Belarus,1995,68.752
Belarus,1996,68.566
Belarus,1997,68.501
Belarus,1998,68.272
Belarus,1999,68.419
Belarus,2000,68.464
Belarus,2001,68.435
Belarus,2002,68.298
Belarus,2003,68.429
Belarus,2004,68.688
Belarus,2005,68.982
Belarus,2006,69.436
Belarus,2007,69.986
Belarus,2008,70.349
Belarus,2009,70.409
Belarus,2010,70.501
Belarus,2011,71.068
Belarus,2012,71.8
Belarus,2013,72.681
Belarus,2014,73.245
Belarus,2015,73.761
Belarus,2016,74.153
Belarus,2017,74.362
Belarus,2018,74.334
Belarus,2019,74.255
Belarus,2020,72.269
Belarus,2021,72.221
Belarus,2022,74.361
Belarus,2023,74.434
Belgium,1950,66.307
Belgium,1951,66.748
Belgium,1952,67.967
Belgium,1953,68.356
Belgium,1954,68.593
Belgium,1955,68.546
Belgium,1956,68.838
Belgium,1957,69.198
Belgium,1958,69.909
Belgium,1959,70.314
Belgium,1960,69.624
Belgium,1961,70.498
Belgium,1962,70.227
Belgium,1963,70.042
Belgium,1964,70.706
Belgium,1965,70.555
Belgium,1966,70.631
Belgium,1967,70.913
Belgium,1968,70.609
Belgium,1969,70.675
Belgium,1970,70.937
Belgium,1971,71.086
Belgium,1972,71.412
Belgium,1973,71.635
Belgium,1974,71.971
Belgium,1975,71.965
Belgium,1976,72.104
Belgium,1977,72.758
Belgium,1978,72.706
Belgium,1979,73.199
Belgium,1980,73.242
Belgium,1981,73.652
Belgium,1982,73.879
Belgium,1983,73.88
Belgium,1984,74.369
Belgium,1985,74.469
Belgium,1986,74.668
Belgium,1987,75.29
Belgium,1988,75.591
Belgium,1989,75.647
Belgium,1990,76.059
Belgium,1991,76.199
Belgium,1992,76.358
Belgium,1993,76.363
Belgium,1994,76.716
Belgium,1995,76.84
Belgium,1996,77.185
Belgium,1997,77.403
Belgium,1998,77.476
Belgium,1999,77.648
Belgium,2000,77.768
Belgium,2001,78.082
Belgium,2002,78.168
Belgium,2003,78.32
Belgium,2004,78.96
Belgium,2005,79.053
Belgium,2006,79.389
Belgium,2007,79.528
Belgium,2008,79.579
Belgium,2009,79.849
Belgium,2010,80.04
Belgium,2011,80.366
Belgium,2012,80.26
Belgium,2013,80.467
Belgium,2014,81.08
Belgium,2015,80.889
Belgium,2016,81.265
Belgium,2017,81.362
Belgium,2018,81.481
Belgium,2019,81.835
Belgium,2020,80.798
Belgium,2021,81.659
Belgium,2022,81.159
Belgium,2023,82.115
Belize,1950,49.205
Belize,1951,49.933
Belize,1952,50.659
Belize,1953,51.382
Belize,1954,52.177
Belize,1955,52.668
Belize,1956,53.871
Belize,1957,54.785
Belize,1958,55.705
Belize,1959,56.584
Belize,1960,57.389
Belize,1961,52.944
Belize,1962,58.741
Belize,1963,59.316
Belize,1964,59.84
Belize,1965,60.356
Belize,1966,60.86
Belize,1967,61.437
Belize,1968,61.961
Belize,1969,62.497
Belize,1970,63.044
Belize,1971,63.546
Belize,1972,64.025
Belize,1973,64.487
Belize,1974,64.936
Belize,1975,65.377
Belize,1976,65.765
Belize,1977,66.135
Belize,1978,66.338
Belize,1979,66.677
Belize,1980,66.884
Belize,1981,67.095
Belize,1982,67.339
Belize,1983,67.601
Belize,1984,67.952
Belize,1985,68.347
Belize,1986,68.743
Belize,1987,69.108
Belize,1988,69.401
Belize,1989,69.534
Belize,1990,69.569
Belize,1991,69.645
Belize,1992,69.601
Belize,1993,69.595
Belize,1994,69.585
Belize,1995,69.484
Belize,1996,69.363
Belize,1997,69.183
Belize,1998,68.906
Belize,1999,68.976
Belize,2000,68.911
Belize,2001,68.944
Belize,2002,69.528
Belize,2003,69.819
Belize,2004,70.152
Belize,2005,70.335
Belize,2006,70.535
Belize,2007,70.652
Belize,2008,70.665
Belize,2009,70.806
Belize,2010,70.875
Belize,2011,70.975
Belize,2012,71.134
Belize,2013,71.276
Belize,2014,71.437
Belize,2015,71.647
Belize,2016,71.843
Belize,2017,72.062
Belize,2018,72.322
Belize,2019,72.577
Belize,2020,71.58
Belize,2021,70.917
Belize,2022,72.19
Belize,2023,73.566
Benin,1950,35.396
Benin,1951,35.695
Benin,1952,35.988
Benin,1953,36.315
Benin,1954,36.666
Benin,1955,36.961
Benin,1956,37.281
Benin,1957,37.64
Benin,1958,38.013
Benin,1959,38.389
Benin,1960,38.775
Benin,1961,39.233
Benin,1962,39.643
Benin,1963,40.081
Benin,1964,40.502
Benin,1965,40.971
Benin,1966,41.274
Benin,1967,41.759
Benin,1968,42.182
Benin,1969,42.591
Benin,1970,43.029
Benin,1971,43.391
Benin,1972,43.928
Benin,1973,44.435
Benin,1974,44.876
Benin,1975,45.405
Benin,1976,45.952
Benin,1977,46.504
Benin,1978,46.941
Benin,1979,47.362
Benin,1980,47.747
Benin,1981,48.122
Benin,1982,48.493
Benin,1983,48.845
Benin,1984,49.399
Benin,1985,49.959
Benin,1986,50.632
Benin,1987,51.258
Benin,1988,52.019
Benin,1989,52.45
Benin,1990,53.02
Benin,1991,53.441
Benin,1992,54.137
Benin,1993,54.612
Benin,1994,54.988
Benin,1995,55.366
Benin,1996,55.648
Benin,1997,55.986
Benin,1998,56.154
Benin,1999,56.336
Benin,2000,56.594
Benin,2001,56.654
Benin,2002,56.851
Benin,2003,57.092
Benin,2004,57.346
Benin,2005,57.738
Benin,2006,57.966
Benin,2007,58.249
Benin,2008,58.099
Benin,2009,58.258
Benin,2010,58.387
Benin,2011,58.462
Benin,2012,58.559
Benin,2013,58.863
Benin,2014,59.008
Benin,2015,59.123
Benin,2016,59.283
Benin,2017,59.528
Benin,2018,59.71
Benin,2019,59.888
Benin,2020,60.154
Benin,2021,59.61
Benin,2022,60.475
Benin,2023,60.774
Bermuda,1950,60.357
Bermuda,1951,60.612
Bermuda,1952,61.071
Bermuda,1953,61.818
Bermuda,1954,62.476
Bermuda,1955,63.058
Bermuda,1956,64.24
Bermuda,1957,64.777
Bermuda,1958,65.206
Bermuda,1959,65.692
Bermuda,1960,66.482
Bermuda,1961,67.528
Bermuda,1962,67.884
Bermuda,1963,67.689
Bermuda,1964,67.5
Bermuda,1965,67.582
Bermuda,1966,67.718
Bermuda,1967,67.792
Bermuda,1968,67.898
Bermuda,1969,68.088
Bermuda,1970,68.404
Bermuda,1971,68.98
Bermuda,1972,69.643
Bermuda,1973,70.374
Bermuda,1974,70.864
Bermuda,1975,71.171
Bermuda,1976,71.331
Bermuda,1977,71.616
Bermuda,1978,71.968
Bermuda,1979,72.402
Bermuda,1980,72.666
Bermuda,1981,72.892
Bermuda,1982,73.041
Bermuda,1983,73.24
Bermuda,1984,73.365
Bermuda,1985,73.373
Bermuda,1986,73.368
Bermuda,1987,73.454
Bermuda,1988,73.555
Bermuda,1989,73.733
Bermuda,1990,73.952
Bermuda,1991,74.204
Bermuda,1992,74.446
Bermuda,1993,74.766
Bermuda,1994,75.276
Bermuda,1995,75.92
Bermuda,1996,76.52
Bermuda,1997,76.972
Bermuda,1998,77.389
Bermuda,1999,77.854
Bermuda,2000,78.251
Bermuda,2001,78.637
Bermuda,2002,78.841
Bermuda,2003,78.715
Bermuda,2004,78.898
Bermuda,2005,78.874
Bermuda,2006,78.87
Bermuda,2007,79.006
Bermuda,2008,79.101
Bermuda,2009,79.229
Bermuda,2010,79.414
Bermuda,2011,79.651
Bermuda,2012,79.847
Bermuda,2013,80.016
Bermuda,2014,80.199
Bermuda,2015,80.338
Bermuda,2016,80.476
Bermuda,2017,80.686
Bermuda,2018,80.986
Bermuda,2019,81.251
Bermuda,2020,81.456
Bermuda,2021,81.745
Bermuda,2022,82.062
Bermuda,2023,82.309
Bhutan,1950,35.308
Bhutan,1951,35.332
Bhutan,1952,35.354
Bhutan,1953,35.387
Bhutan,1954,35.438
Bhutan,1955,35.513
Bhutan,1956,35.616
Bhutan,1957,35.749
Bhutan,1958,35.915
Bhutan,1959,36.122
Bhutan,1960,36.367
Bhutan,1961,36.654
Bhutan,1962,36.992
Bhutan,1963,37.37
Bhutan,1964,37.796
Bhutan,1965,38.263
Bhutan,1966,38.789
Bhutan,1967,39.359
Bhutan,1968,39.96
Bhutan,1969,40.566
Bhutan,1970,41.185
Bhutan,1971,41.83
Bhutan,1972,42.487
Bhutan,1973,43.136
Bhutan,1974,43.8
Bhutan,1975,44.513
Bhutan,1976,45.23
Bhutan,1977,45.95
Bhutan,1978,46.691
Bhutan,1979,47.446
Bhutan,1980,48.198
Bhutan,1981,48.975
Bhutan,1982,49.776
Bhutan,1983,50.553
Bhutan,1984,51.313
Bhutan,1985,52.033
Bhutan,1986,52.826
Bhutan,1987,53.62
Bhutan,1988,54.385
Bhutan,1989,55.12
Bhutan,1990,55.811
Bhutan,1991,56.451
Bhutan,1992,57.208
Bhutan,1993,57.906
Bhutan,1994,58.395
Bhutan,1995,59.277
Bhutan,1996,59.982
Bhutan,1997,60.639
Bhutan,1998,61.322
Bhutan,1999,62.032
Bhutan,2000,61.842
Bhutan,2001,63.323
Bhutan,2002,63.984
Bhutan,2003,64.662
Bhutan,2004,65.29
Bhutan,2005,65.875
Bhutan,2006,66.499
Bhutan,2007,67.152
Bhutan,2008,67.733
Bhutan,2009,68.156
Bhutan,2010,68.765
Bhutan,2011,69.28
Bhutan,2012,69.759
Bhutan,2013,70.161
Bhutan,2014,70.504
Bhutan,2015,70.797
Bhutan,2016,71.119
Bhutan,2017,71.413
Bhutan,2018,71.711
Bhutan,2019,72.005
Bhutan,2020,72.253
Bhutan,2021,72.448
Bhutan,2022,72.754
Bhutan,2023,72.975
Bolivia,1950,40.703
Bolivia,1951,40.929
Bolivia,1952,41.041
Bolivia,1953,41.421
Bolivia,1954,41.689
Bolivia,1955,41.93
Bolivia,1956,42.197
Bolivia,1957,42.428
Bolivia,1958,42.721
Bolivia,1959,43.01
Bolivia,1960,43.338
Bolivia,1961,43.628
Bolivia,1962,44.002
Bolivia,1963,44.335
Bolivia,1964,44.674
Bolivia,1965,45.09
Bolivia,1966,45.479
Bolivia,1967,45.904
Bolivia,1968,46.342
Bolivia,1969,46.705
Bolivia,1970,47.103
Bolivia,1971,47.483
Bolivia,1972,47.829
Bolivia,1973,48.282
Bolivia,1974,48.752
Bolivia,1975,49.336
Bolivia,1976,49.971
Bolivia,1977,50.387
Bolivia,1978,50.838
Bolivia,1979,51.353
Bolivia,1980,51.828
Bolivia,1981,52.259
Bolivia,1982,52.511
Bolivia,1983,52.861
Bolivia,1984,53.383
Bolivia,1985,53.777
Bolivia,1986,54.247
Bolivia,1987,54.901
Bolivia,1988,55.505
Bolivia,1989,56.146
Bolivia,1990,56.797
Bolivia,1991,57.439
Bolivia,1992,57.923
Bolivia,1993,58.66
Bolivia,1994,59.282
Bolivia,1995,59.787
Bolivia,1996,60.287
Bolivia,1997,60.745
Bolivia,1998,61.227
Bolivia,1999,61.655
Bolivia,2000,62.057
Bolivia,2001,62.538
Bolivia,2002,63.068
Bolivia,2003,63.455
Bolivia,2004,63.819
Bolivia,2005,64.182
Bolivia,2006,64.529
Bolivia,2007,64.939
Bolivia,2008,65.299
Bolivia,2009,65.656
Bolivia,2010,66.003
Bolivia,2011,66.282
Bolivia,2012,66.586
Bolivia,2013,66.777
Bolivia,2014,66.97
Bolivia,2015,67.205
Bolivia,2016,67.392
Bolivia,2017,67.536
Bolivia,2018,67.699
Bolivia,2019,67.82
Bolivia,2020,62.906
Bolivia,2021,61.427
Bolivia,2022,67.434
Bolivia,2023,68.581
Bonaire Sint Eustatius and Saba,1950,61.519
Bonaire Sint Eustatius and Saba,1951,62.736
Bonaire Sint Eustatius and Saba,1952,66.065
Bonaire Sint Eustatius and Saba,1953,65.82
Bonaire Sint Eustatius and Saba,1954,66.533
Bonaire Sint Eustatius and Saba,1955,66.985
Bonaire Sint Eustatius and Saba,1956,66.465
Bonaire Sint Eustatius and Saba,1957,67.816
Bonaire Sint Eustatius and Saba,1958,68.431
Bonaire Sint Eustatius and Saba,1959,68.33
Bonaire Sint Eustatius and Saba,1960,68.516
Bonaire Sint Eustatius and Saba,1961,67.999
Bonaire Sint Eustatius and Saba,1962,68.927
Bonaire Sint Eustatius and Saba,1963,70.813
Bonaire Sint Eustatius and Saba,1964,70.923
Bonaire Sint Eustatius and Saba,1965,69.207
Bonaire Sint Eustatius and Saba,1966,70.108
Bonaire Sint Eustatius and Saba,1967,71.307
Bonaire Sint Eustatius and Saba,1968,69.838
Bonaire Sint Eustatius and Saba,1969,71.639
Bonaire Sint Eustatius and Saba,1970,73.271
Bonaire Sint Eustatius and Saba,1971,73.958
Bonaire Sint Eustatius and Saba,1972,74.122
Bonaire Sint Eustatius and Saba,1973,74.16
Bonaire Sint Eustatius and Saba,1974,74.126
Bonaire Sint Eustatius and Saba,1975,74.287
Bonaire Sint Eustatius and Saba,1976,74.735
Bonaire Sint Eustatius and Saba,1977,74.693
Bonaire Sint Eustatius and Saba,1978,74.176
Bonaire Sint Eustatius and Saba,1979,74.329
Bonaire Sint Eustatius and Saba,1980,72.984
Bonaire Sint Eustatius and Saba,1981,71.978
Bonaire Sint Eustatius and Saba,1982,73.497
Bonaire Sint Eustatius and Saba,1983,74.025
Bonaire Sint Eustatius and Saba,1984,73.962
Bonaire Sint Eustatius and Saba,1985,74.144
Bonaire Sint Eustatius and Saba,1986,74.362
Bonaire Sint Eustatius and Saba,1987,74.001
Bonaire Sint Eustatius and Saba,1988,74.114
Bonaire Sint Eustatius and Saba,1989,74.553
Bonaire Sint Eustatius and Saba,1990,74.283
Bonaire Sint Eustatius and Saba,1991,73.986
Bonaire Sint Eustatius and Saba,1992,73.392
Bonaire Sint Eustatius and Saba,1993,73.681
Bonaire Sint Eustatius and Saba,1994,74.674
Bonaire Sint Eustatius and Saba,1995,75.502
Bonaire Sint Eustatius and Saba,1996,75.608
Bonaire Sint Eustatius and Saba,1997,74.771
Bonaire Sint Eustatius and Saba,1998,75.826
Bonaire Sint Eustatius and Saba,1999,75.763
Bonaire Sint Eustatius and Saba,2000,76.088
Bonaire Sint Eustatius and Saba,2001,75.518
Bonaire Sint Eustatius and Saba,2002,75.883
Bonaire Sint Eustatius and Saba,2003,75.715
Bonaire Sint Eustatius and Saba,2004,75.538
Bonaire Sint Eustatius and Saba,2005,75.868
Bonaire Sint Eustatius and Saba,2006,76.073
Bonaire Sint Eustatius and Saba,2007,76.109
Bonaire Sint Eustatius and Saba,2008,76.551
Bonaire Sint Eustatius and Saba,2009,76.539
Bonaire Sint Eustatius and Saba,2010,76.743
Bonaire Sint Eustatius and Saba,2011,76.367
Bonaire Sint Eustatius and Saba,2012,76.188
Bonaire Sint Eustatius and Saba,2013,76.186
Bonaire Sint Eustatius and Saba,2014,76.947
Bonaire Sint Eustatius and Saba,2015,77.754
Bonaire Sint Eustatius and Saba,2016,77.366
Bonaire Sint Eustatius and Saba,2017,77.605
Bonaire Sint Eustatius and Saba,2018,77.103
Bonaire Sint Eustatius and Saba,2019,77.237
Bonaire Sint Eustatius and Saba,2020,77.213
Bonaire Sint Eustatius and Saba,2021,77.884
Bonaire Sint Eustatius and Saba,2022,78.154
Bonaire Sint Eustatius and Saba,2023,77.436
Bosnia and Herzegovina,1950,47.332
Bosnia and Herzegovina,1951,48.369
Bosnia and Herzegovina,1952,49.435
Bosnia and Herzegovina,1953,51.086
Bosnia and Herzegovina,1954,51.909
Bosnia and Herzegovina,1955,53.039
Bosnia and Herzegovina,1956,53.924
Bosnia and Herzegovina,1957,55.089
Bosnia and Herzegovina,1958,56.164
Bosnia and Herzegovina,1959,57.605
Bosnia and Herzegovina,1960,58.53
Bosnia and Herzegovina,1961,59.285
Bosnia and Herzegovina,1962,60.122
Bosnia and Herzegovina,1963,60.511
Bosnia and Herzegovina,1964,61.511
Bosnia and Herzegovina,1965,62.213
Bosnia and Herzegovina,1966,63.129
Bosnia and Herzegovina,1967,63.734
Bosnia and Herzegovina,1968,64.006
Bosnia and Herzegovina,1969,64.448
Bosnia and Herzegovina,1970,64.844
Bosnia and Herzegovina,1971,65.181
Bosnia and Herzegovina,1972,65.682
Bosnia and Herzegovina,1973,66.586
Bosnia and Herzegovina,1974,67.635
Bosnia and Herzegovina,1975,68.329
Bosnia and Herzegovina,1976,68.574
Bosnia and Herzegovina,1977,68.779
Bosnia and Herzegovina,1978,68.844
Bosnia and Herzegovina,1979,69.083
Bosnia and Herzegovina,1980,69.603
Bosnia and Herzegovina,1981,70.055
Bosnia and Herzegovina,1982,70.076
Bosnia and Herzegovina,1983,70.097
Bosnia and Herzegovina,1984,70.229
Bosnia and Herzegovina,1985,70.582
Bosnia and Herzegovina,1986,70.751
Bosnia and Herzegovina,1987,70.876
Bosnia and Herzegovina,1988,70.97
Bosnia and Herzegovina,1989,71.445
Bosnia and Herzegovina,1990,71.509
Bosnia and Herzegovina,1991,71.813
Bosnia and Herzegovina,1992,51.967
Bosnia and Herzegovina,1993,50.894
Bosnia and Herzegovina,1994,66.603
Bosnia and Herzegovina,1995,70.188
Bosnia and Herzegovina,1996,73.454
Bosnia and Herzegovina,1997,73.895
Bosnia and Herzegovina,1998,74.472
Bosnia and Herzegovina,1999,74.946
Bosnia and Herzegovina,2000,75.292
Bosnia and Herzegovina,2001,75.573
Bosnia and Herzegovina,2002,75.994
Bosnia and Herzegovina,2003,76.449
Bosnia and Herzegovina,2004,76.489
Bosnia and Herzegovina,2005,76.424
Bosnia and Herzegovina,2006,76.028
Bosnia and Herzegovina,2007,76.162
Bosnia and Herzegovina,2008,76.3
Bosnia and Herzegovina,2009,76.701
Bosnia and Herzegovina,2010,76.827
Bosnia and Herzegovina,2011,76.963
Bosnia and Herzegovina,2012,77.037
Bosnia and Herzegovina,2013,77.129
Bosnia and Herzegovina,2014,77.089
Bosnia and Herzegovina,2015,77.073
Bosnia and Herzegovina,2016,77.124
Bosnia and Herzegovina,2017,77.385
Bosnia and Herzegovina,2018,77.942
Bosnia and Herzegovina,2019,77.394
Bosnia and Herzegovina,2020,76.04
Bosnia and Herzegovina,2021,74.567
Bosnia and Herzegovina,2022,76.777
Bosnia and Herzegovina,2023,77.85
Botswana,1950,46.171
Botswana,1951,46.591
Botswana,1952,47.039
Botswana,1953,47.501
Botswana,1954,47.973
Botswana,1955,48.465
Botswana,1956,48.991
Botswana,1957,49.53
Botswana,1958,50.089
Botswana,1959,50.669
Botswana,1960,51.22
Botswana,1961,51.781
Botswana,1962,52.313
Botswana,1963,52.848
Botswana,1964,53.358
Botswana,1965,53.853
Botswana,1966,54.36
Botswana,1967,54.859
Botswana,1968,55.372
Botswana,1969,55.903
Botswana,1970,56.446
Botswana,1971,57.062
Botswana,1972,57.669
Botswana,1973,58.286
Botswana,1974,58.914
Botswana,1975,59.53
Botswana,1976,60.209
Botswana,1977,60.867
Botswana,1978,61.485
Botswana,1979,62.035
Botswana,1980,62.527
Botswana,1981,63.027
Botswana,1982,63.382
Botswana,1983,63.605
Botswana,1984,63.706
Botswana,1985,63.647
Botswana,1986,63.363
Botswana,1987,62.837
Botswana,1988,61.696
Botswana,1989,61.189
Botswana,1990,60.104
Botswana,1991,58.911
Botswana,1992,58.19
Botswana,1993,57.316
Botswana,1994,55.97
Botswana,1995,54.713
Botswana,1996,54.284
Botswana,1997,53.594
Botswana,1998,52.968
Botswana,1999,52.499
Botswana,2000,52.263
Botswana,2001,52.21
Botswana,2002,52.373
Botswana,2003,52.851
Botswana,2004,53.573
Botswana,2005,54.386
Botswana,2006,55.112
Botswana,2007,56.735
Botswana,2008,57.661
Botswana,2009,58.297
Botswana,2010,59.137
Botswana,2011,59.715
Botswana,2012,60.384
Botswana,2013,61.217
Botswana,2014,62.167
Botswana,2015,63.215
Botswana,2016,64.32
Botswana,2017,65.42
Botswana,2018,66.371
Botswana,2019,67.167
Botswana,2020,67.643
Botswana,2021,63.303
Botswana,2022,68.749
Botswana,2023,69.163
Brazil,1950,48.529
Brazil,1951,49.045
Brazil,1952,49.553
Brazil,1953,49.988
Brazil,1954,50.434
Brazil,1955,50.887
Brazil,1956,51.343
Brazil,1957,51.806
Brazil,1958,52.249
Brazil,1959,52.704
Brazil,1960,53.162
Brazil,1961,53.594
Brazil,1962,54.017
Brazil,1963,54.452
Brazil,1964,54.848
Brazil,1965,55.243
Brazil,1966,55.625
Brazil,1967,56.016
Brazil,1968,56.47
Brazil,1969,56.898
Brazil,1970,57.338
Brazil,1971,57.786
Brazil,1972,58.255
Brazil,1973,58.681
Brazil,1974,59.081
Brazil,1975,59.556
Brazil,1976,60.007
Brazil,1977,60.461
Brazil,1978,60.922
Brazil,1979,61.365
Brazil,1980,61.819
Brazil,1981,62.267
Brazil,1982,62.708
Brazil,1983,63.133
Brazil,1984,63.553
Brazil,1985,63.98
Brazil,1986,64.389
Brazil,1987,64.785
Brazil,1988,65.161
Brazil,1989,65.514
Brazil,1990,65.862
Brazil,1991,66.203
Brazil,1992,66.539
Brazil,1993,66.892
Brazil,1994,67.293
Brazil,1995,67.701
Brazil,1996,68.108
Brazil,1997,68.505
Brazil,1998,68.848
Brazil,1999,69.211
Brazil,2000,69.584
Brazil,2001,69.98
Brazil,2002,70.396
Brazil,2003,70.884
Brazil,2004,71.361
Brazil,2005,71.832
Brazil,2006,72.296
Brazil,2007,72.73
Brazil,2008,73.111
Brazil,2009,73.457
Brazil,2010,73.779
Brazil,2011,74.047
Brazil,2012,74.335
Brazil,2013,74.609
Brazil,2014,74.823
Brazil,2015,75.106
Brazil,2016,75.081
Brazil,2017,75.383
Brazil,2018,75.633
Brazil,2019,75.809
Brazil,2020,74.506
Brazil,2021,73.038
Brazil,2022,74.872
Brazil,2023,75.848
British Virgin Islands,1950,53.349
British Virgin Islands,1951,54.258
British Virgin Islands,1952,55.219
British Virgin Islands,1953,56.233
British Virgin Islands,1954,57.368
British Virgin Islands,1955,58.425
British Virgin Islands,1956,59.503
British Virgin Islands,1957,60.518
British Virgin Islands,1958,61.389
British Virgin Islands,1959,62.171
British Virgin Islands,1960,62.709
British Virgin Islands,1961,63.274
British Virgin Islands,1962,63.828
British Virgin Islands,1963,64.313
British Virgin Islands,1964,64.757
British Virgin Islands,1965,65.149
British Virgin Islands,1966,65.496
British Virgin Islands,1967,65.857
British Virgin Islands,1968,66.022
British Virgin Islands,1969,66.245
British Virgin Islands,1970,66.407
British Virgin Islands,1971,66.665
British Virgin Islands,1972,66.899
British Virgin Islands,1973,67.191
British Virgin Islands,1974,67.652
British Virgin Islands,1975,68.069
British Virgin Islands,1976,68.408
British Virgin Islands,1977,68.68
British Virgin Islands,1978,69.028
British Virgin Islands,1979,69.315
British Virgin Islands,1980,69.645
British Virgin Islands,1981,69.906
British Virgin Islands,1982,70.138
British Virgin Islands,1983,70.374
British Virgin Islands,1984,70.711
British Virgin Islands,1985,70.987
British Virgin Islands,1986,71.252
British Virgin Islands,1987,71.492
British Virgin Islands,1988,71.763
British Virgin Islands,1989,72.038
British Virgin Islands,1990,72.392
British Virgin Islands,1991,72.75
British Virgin Islands,1992,73.109
British Virgin Islands,1993,73.431
British Virgin Islands,1994,73.794
British Virgin Islands,1995,74.089
British Virgin Islands,1996,74.341
British Virgin Islands,1997,74.469
British Virgin Islands,1998,74.569
British Virgin Islands,1999,74.652
British Virgin Islands,2000,74.753
British Virgin Islands,2001,74.831
British Virgin Islands,2002,74.971
British Virgin Islands,2003,75.183
British Virgin Islands,2004,75.404
British Virgin Islands,2005,75.569
British Virgin Islands,2006,75.745
British Virgin Islands,2007,75.893
British Virgin Islands,2008,76.07
British Virgin Islands,2009,76.205
British Virgin Islands,2010,76.289
British Virgin Islands,2011,76.363
British Virgin Islands,2012,76.433
British Virgin Islands,2013,76.472
British Virgin Islands,2014,76.527
British Virgin Islands,2015,76.558
British Virgin Islands,2016,76.624
British Virgin Islands,2017,75.67
British Virgin Islands,2018,76.728
British Virgin Islands,2019,76.845
British Virgin Islands,2020,76.894
British Virgin Islands,2021,75.297
British Virgin Islands,2022,77.177
British Virgin Islands,2023,77.276
Brunei,1950,50.565
Brunei,1951,51.538
Brunei,1952,52.439
Brunei,1953,53.322
Brunei,1954,54.169
Brunei,1955,54.978
Brunei,1956,55.74
Brunei,1957,56.51
Brunei,1958,57.265
Brunei,1959,58.02
Brunei,1960,58.721
Brunei,1961,59.387
Brunei,1962,58.824
Brunei,1963,60.625
Brunei,1964,61.267
Brunei,1965,61.721
Brunei,1966,62.401
Brunei,1967,62.909
Brunei,1968,63.47
Brunei,1969,63.963
Brunei,1970,64.49
Brunei,1971,64.975
Brunei,1972,65.447
Brunei,1973,65.95
Brunei,1974,66.442
Brunei,1975,66.95
Brunei,1976,67.411
Brunei,1977,67.833
Brunei,1978,68.258
Brunei,1979,68.642
Brunei,1980,69.014
Brunei,1981,69.344
Brunei,1982,69.669
Brunei,1983,69.991
Brunei,1984,70.236
Brunei,1985,70.499
Brunei,1986,70.762
Brunei,1987,70.982
Brunei,1988,71.183
Brunei,1989,71.408
Brunei,1990,71.629
Brunei,1991,71.858
Brunei,1992,72.09
Brunei,1993,72.333
Brunei,1994,72.571
Brunei,1995,72.838
Brunei,1996,73.079
Brunei,1997,73.326
Brunei,1998,73.584
Brunei,1999,73.806
Brunei,2000,74.017
Brunei,2001,74.209
Brunei,2002,74.365
Brunei,2003,74.509
Brunei,2004,74.603
Brunei,2005,74.683
Brunei,2006,74.753
Brunei,2007,74.793
Brunei,2008,74.814
Brunei,2009,74.814
Brunei,2010,74.82
Brunei,2011,74.835
Brunei,2012,74.843
Brunei,2013,74.854
Brunei,2014,74.862
Brunei,2015,74.88
Brunei,2016,74.905
Brunei,2017,74.943
Brunei,2018,74.992
Brunei,2019,75.049
Brunei,2020,75.114
Brunei,2021,74.869
Brunei,2022,72.917
Brunei,2023,75.327
Bulgaria,1950,61.469
Bulgaria,1951,60.692
Bulgaria,1952,59.574
Bulgaria,1953,64.191
Bulgaria,1954,64.391
Bulgaria,1955,64.829
Bulgaria,1956,65.219
Bulgaria,1957,66.591
Bulgaria,1958,68.714
Bulgaria,1959,66.629
Bulgaria,1960,69.177
Bulgaria,1961,70.226
Bulgaria,1962,69.535
Bulgaria,1963,70.339
Bulgaria,1964,71.137
Bulgaria,1965,71.306
Bulgaria,1966,71.218
Bulgaria,1967,70.412
Bulgaria,1968,71.2
Bulgaria,1969,70.468
Bulgaria,1970,71.251
Bulgaria,1971,70.855
Bulgaria,1972,70.859
Bulgaria,1973,71.302
Bulgaria,1974,71.217
Bulgaria,1975,71.006
Bulgaria,1976,71.358
Bulgaria,1977,70.768
Bulgaria,1978,71.126
Bulgaria,1979,71.217
Bulgaria,1980,71.081
Bulgaria,1981,71.478
Bulgaria,1982,71.078
Bulgaria,1983,71.239
Bulgaria,1984,71.347
Bulgaria,1985,71.048
Bulgaria,1986,71.55
Bulgaria,1987,71.344
Bulgaria,1988,71.416
Bulgaria,1989,71.48
Bulgaria,1990,71.321
Bulgaria,1991,71.194
Bulgaria,1992,71.178
Bulgaria,1993,71.185
Bulgaria,1994,70.861
Bulgaria,1995,70.962
Bulgaria,1996,70.836
Bulgaria,1997,70.314
Bulgaria,1998,70.873
Bulgaria,1999,71.561
Bulgaria,2000,71.575
Bulgaria,2001,71.879
Bulgaria,2002,72.128
Bulgaria,2003,72.373
Bulgaria,2004,72.575
Bulgaria,2005,72.559
Bulgaria,2006,72.69
Bulgaria,2007,73.008
Bulgaria,2008,73.338
Bulgaria,2009,73.681
Bulgaria,2010,73.814
Bulgaria,2011,74.169
Bulgaria,2012,74.337
Bulgaria,2013,74.828
Bulgaria,2014,74.466
Bulgaria,2015,74.621
Bulgaria,2016,74.827
Bulgaria,2017,74.798
Bulgaria,2018,74.933
Bulgaria,2019,75.087
Bulgaria,2020,73.599
Bulgaria,2021,71.414
Bulgaria,2022,74.034
Bulgaria,2023,75.636
Burkina Faso,1950,33.026
Burkina Faso,1951,33.373
Burkina Faso,1952,33.603
Burkina Faso,1953,33.899
Burkina Faso,1954,34.185
Burkina Faso,1955,34.469
Burkina Faso,1956,34.762
Burkina Faso,1957,35.101
Burkina Faso,1958,35.401
Burkina Faso,1959,35.716
Burkina Faso,1960,36.074
Burkina Faso,1961,36.361
Burkina Faso,1962,36.753
Burkina Faso,1963,37.093
Burkina Faso,1964,37.399
Burkina Faso,1965,37.758
Burkina Faso,1966,38.091
Burkina Faso,1967,38.432
Burkina Faso,1968,38.76
Burkina Faso,1969,39.023
Burkina Faso,1970,39.54
Burkina Faso,1971,39.853
Burkina Faso,1972,40.399
Burkina Faso,1973,40.947
Burkina Faso,1974,41.711
Burkina Faso,1975,42.486
Burkina Faso,1976,43.327
Burkina Faso,1977,44.167
Burkina Faso,1978,44.995
Burkina Faso,1979,45.702
Burkina Faso,1980,46.465
Burkina Faso,1981,46.866
Burkina Faso,1982,47.633
Burkina Faso,1983,48.061
Burkina Faso,1984,48.464
Burkina Faso,1985,48.748
Burkina Faso,1986,48.987
Burkina Faso,1987,49.097
Burkina Faso,1988,49.215
Burkina Faso,1989,49.27
Burkina Faso,1990,49.315
Burkina Faso,1991,49.33
Burkina Faso,1992,49.378
Burkina Faso,1993,49.412
Burkina Faso,1994,49.469
Burkina Faso,1995,49.554
Burkina Faso,1996,49.693
Burkina Faso,1997,49.56
Burkina Faso,1998,50.163
Burkina Faso,1999,50.463
Burkina Faso,2000,50.808
Burkina Faso,2001,51.188
Burkina Faso,2002,51.447
Burkina Faso,2003,51.959
Burkina Faso,2004,52.6
Burkina Faso,2005,53.271
Burkina Faso,2006,53.784
Burkina Faso,2007,54.377
Burkina Faso,2008,55.199
Burkina Faso,2009,55.791
Burkina Faso,2010,56.343
Burkina Faso,2011,57.001
Burkina Faso,2012,57.457
Burkina Faso,2013,57.903
Burkina Faso,2014,58.331
Burkina Faso,2015,58.778
Burkina Faso,2016,59.173
Burkina Faso,2017,59.578
Burkina Faso,2018,59.972
Burkina Faso,2019,60.184
Burkina Faso,2020,60.454
Burkina Faso,2021,60.046
Burkina Faso,2022,60.7
Burkina Faso,2023,61.092
Burundi,1950,40.938
Burundi,1951,41.229
Burundi,1952,41.48
Burundi,1953,41.743
Burundi,1954,41.973
Burundi,1955,42.175
Burundi,1956,42.412
Burundi,1957,42.643
Burundi,1958,42.867
Burundi,1959,43.068
Burundi,1960,43.262
Burundi,1961,43.364
Burundi,1962,43.492
Burundi,1963,43.559
Burundi,1964,43.601
Burundi,1965,41.844
Burundi,1966,43.529
Burundi,1967,43.332
Burundi,1968,43.405
Burundi,1969,43
Burundi,1970,43.225
Burundi,1971,43.172
Burundi,1972,25.777
Burundi,1973,37.409
Burundi,1974,43.337
Burundi,1975,43.445
Burundi,1976,43.691
Burundi,1977,43.97
Burundi,1978,44.404
Burundi,1979,45.038
Burundi,1980,45.731
Burundi,1981,46.412
Burundi,1982,47.012
Burundi,1983,47.433
Burundi,1984,47.687
Burundi,1985,47.662
Burundi,1986,47.402
Burundi,1987,47.066
Burundi,1988,42.889
Burundi,1989,45.745
Burundi,1990,45.184
Burundi,1991,44.66
Burundi,1992,44.469
Burundi,1993,37.221
Burundi,1994,44.515
Burundi,1995,44.589
Burundi,1996,44.807
Burundi,1997,45.721
Burundi,1998,46.678
Burundi,1999,47.627
Burundi,2000,47.617
Burundi,2001,48.509
Burundi,2002,49.924
Burundi,2003,50.997
Burundi,2004,52.217
Burundi,2005,53.053
Burundi,2006,53.962
Burundi,2007,54.832
Burundi,2008,55.581
Burundi,2009,56.422
Burundi,2010,57.088
Burundi,2011,57.804
Burundi,2012,58.501
Burundi,2013,59.179
Burundi,2014,59.764
Burundi,2015,60.107
Burundi,2016,60.789
Burundi,2017,61.345
Burundi,2018,61.806
Burundi,2019,62.18
Burundi,2020,62.569
Burundi,2021,62.101
Burundi,2022,62.882
Burundi,2023,63.651
Cambodia,1950,38.859
Cambodia,1951,39.037
Cambodia,1952,39.339
Cambodia,1953,39.618
Cambodia,1954,39.905
Cambodia,1955,40.253
Cambodia,1956,40.504
Cambodia,1957,40.871
Cambodia,1958,41.218
Cambodia,1959,41.652
Cambodia,1960,42.134
Cambodia,1961,42.588
Cambodia,1962,43.079
Cambodia,1963,43.612
Cambodia,1964,44.044
Cambodia,1965,44.497
Cambodia,1966,44.948
Cambodia,1967,45.193
Cambodia,1968,45.586
Cambodia,1969,45.935
Cambodia,1970,38.628
Cambodia,1971,38.7
Cambodia,1972,38.909
Cambodia,1973,39.078
Cambodia,1974,39.296
Cambodia,1975,12.784
Cambodia,1976,11.632
Cambodia,1977,11.295
Cambodia,1978,11.573
Cambodia,1979,41.072
Cambodia,1980,47.498
Cambodia,1981,48.035
Cambodia,1982,48.755
Cambodia,1983,49.383
Cambodia,1984,50.089
Cambodia,1985,50.799
Cambodia,1986,51.555
Cambodia,1987,53.674
Cambodia,1988,54.433
Cambodia,1989,54.768
Cambodia,1990,55.205
Cambodia,1991,55.582
Cambodia,1992,55.747
Cambodia,1993,56.036
Cambodia,1994,56.221
Cambodia,1995,56.562
Cambodia,1996,56.832
Cambodia,1997,57.266
Cambodia,1998,57.859
Cambodia,1999,58.611
Cambodia,2000,59.491
Cambodia,2001,60.457
Cambodia,2002,61.395
Cambodia,2003,62.345
Cambodia,2004,63.256
Cambodia,2005,64.113
Cambodia,2006,64.886
Cambodia,2007,65.549
Cambodia,2008,66.147
Cambodia,2009,66.747
Cambodia,2010,67.311
Cambodia,2011,67.869
Cambodia,2012,68.371
Cambodia,2013,68.755
Cambodia,2014,69.117
Cambodia,2015,69.398
Cambodia,2016,69.635
Cambodia,2017,69.842
Cambodia,2018,69.993
Cambodia,2019,70.127
Cambodia,2020,70.059
Cambodia,2021,69.301
Cambodia,2022,70.528
Cambodia,2023,70.668
Cameroon,1950,33.091
Cameroon,1951,33.869
Cameroon,1952,34.619
Cameroon,1953,35.522
Cameroon,1954,36.507
Cameroon,1955,37.497
Cameroon,1956,38.414
Cameroon,1957,38.276
Cameroon,1958,39.074
Cameroon,1959,39.804
Cameroon,1960,34.667
Cameroon,1961,35.186
Cameroon,1962,42.599
Cameroon,1963,43.074
Cameroon,1964,43.596
Cameroon,1965,44.175
Cameroon,1966,44.839
Cameroon,1967,45.602
Cameroon,1968,46.389
Cameroon,1969,47.191
Cameroon,1970,47.954
Cameroon,1971,48.577
Cameroon,1972,49.12
Cameroon,1973,49.517
Cameroon,1974,49.734
Cameroon,1975,49.891
Cameroon,1976,50.017
Cameroon,1977,50.13
Cameroon,1978,50.319
Cameroon,1979,50.535
Cameroon,1980,50.852
Cameroon,1981,51.227
Cameroon,1982,51.801
Cameroon,1983,52.447
Cameroon,1984,52.886
Cameroon,1985,53.465
Cameroon,1986,53.572
Cameroon,1987,54.188
Cameroon,1988,54.359
Cameroon,1989,54.389
Cameroon,1990,54.348
Cameroon,1991,54.168
Cameroon,1992,54.053
Cameroon,1993,53.872
Cameroon,1994,53.537
Cameroon,1995,53.347
Cameroon,1996,53.2
Cameroon,1997,53.105
Cameroon,1998,53.043
Cameroon,1999,53.166
Cameroon,2000,53.338
Cameroon,2001,53.598
Cameroon,2002,53.922
Cameroon,2003,54.253
Cameroon,2004,54.578
Cameroon,2005,54.904
Cameroon,2006,55.301
Cameroon,2007,55.71
Cameroon,2008,56.116
Cameroon,2009,56.486
Cameroon,2010,56.965
Cameroon,2011,57.482
Cameroon,2012,58.17
Cameroon,2013,58.73
Cameroon,2014,59.13
Cameroon,2015,59.687
Cameroon,2016,60.293
Cameroon,2017,60.817
Cameroon,2018,61.189
Cameroon,2019,61.695
Cameroon,2020,61.674
Cameroon,2021,61.146
Cameroon,2022,62.443
Cameroon,2023,63.7
Canada,1950,68.215
Canada,1951,68.507
Canada,1952,68.682
Canada,1953,69.067
Canada,1954,69.938
Canada,1955,69.997
Canada,1956,69.97
Canada,1957,69.915
Canada,1958,70.572
Canada,1959,70.612
Canada,1960,70.973
Canada,1961,71.215
Canada,1962,71.236
Canada,1963,71.266
Canada,1964,71.638
Canada,1965,71.748
Canada,1966,71.868
Canada,1967,72.081
Canada,1968,72.237
Canada,1969,72.396
Canada,1970,72.609
Canada,1971,72.949
Canada,1972,72.826
Canada,1973,73.069
Canada,1974,73.142
Canada,1975,73.448
Canada,1976,73.87
Canada,1977,74.154
Canada,1978,74.482
Canada,1979,74.836
Canada,1980,75.061
Canada,1981,75.482
Canada,1982,75.692
Canada,1983,76.066
Canada,1984,76.355
Canada,1985,76.348
Canada,1986,76.491
Canada,1987,76.797
Canada,1988,76.862
Canada,1989,77.124
Canada,1990,77.433
Canada,1991,77.594
Canada,1992,77.853
Canada,1993,77.725
Canada,1994,77.901
Canada,1995,78.021
Canada,1996,78.272
Canada,1997,78.465
Canada,1998,78.674
Canada,1999,78.885
Canada,2000,79.233
Canada,2001,79.449
Canada,2002,79.566
Canada,2003,79.736
Canada,2004,80.029
Canada,2005,80.131
Canada,2006,80.54
Canada,2007,80.542
Canada,2008,80.73
Canada,2009,81.065
Canada,2010,81.336
Canada,2011,81.513
Canada,2012,81.704
Canada,2013,81.785
Canada,2014,81.837
Canada,2015,81.908
Canada,2016,82.03
Canada,2017,81.919
Canada,2018,81.925
Canada,2019,82.285
Canada,2020,81.654
Canada,2021,81.976
Canada,2022,81.249
Canada,2023,82.63
Cape Verde,1950,44.944
Cape Verde,1951,45.552
Cape Verde,1952,46.151
Cape Verde,1953,46.395
Cape Verde,1954,46.626
Cape Verde,1955,46.852
Cape Verde,1956,47.092
Cape Verde,1957,47.376
Cape Verde,1958,47.712
Cape Verde,1959,48.154
Cape Verde,1960,48.713
Cape Verde,1961,49.419
Cape Verde,1962,50.239
Cape Verde,1963,51.145
Cape Verde,1964,52.089
Cape Verde,1965,53.04
Cape Verde,1966,53.922
Cape Verde,1967,54.716
Cape Verde,1968,55.426
Cape Verde,1969,56.038
Cape Verde,1970,56.559
Cape Verde,1971,57.027
Cape Verde,1972,57.486
Cape Verde,1973,57.979
Cape Verde,1974,58.432
Cape Verde,1975,58.976
Cape Verde,1976,59.396
Cape Verde,1977,59.986
Cape Verde,1978,60.381
Cape Verde,1979,60.726
Cape Verde,1980,61.031
Cape Verde,1981,61.299
Cape Verde,1982,61.519
Cape Verde,1983,61.767
Cape Verde,1984,61.829
Cape Verde,1985,62.281
Cape Verde,1986,62.584
Cape Verde,1987,62.91
Cape Verde,1988,63.242
Cape Verde,1989,63.566
Cape Verde,1990,63.869
Cape Verde,1991,64.066
Cape Verde,1992,64.253
Cape Verde,1993,64.458
Cape Verde,1994,64.648
Cape Verde,1995,63.691
Cape Verde,1996,65.521
Cape Verde,1997,66.082
Cape Verde,1998,66.714
Cape Verde,1999,67.409
Cape Verde,2000,68.117
Cape Verde,2001,68.707
Cape Verde,2002,69.447
Cape Verde,2003,70.006
Cape Verde,2004,70.499
Cape Verde,2005,70.936
Cape Verde,2006,71.341
Cape Verde,2007,71.487
Cape Verde,2008,71.888
Cape Verde,2009,72.142
Cape Verde,2010,72.507
Cape Verde,2011,72.913
Cape Verde,2012,73.315
Cape Verde,2013,73.481
Cape Verde,2014,73.788
Cape Verde,2015,74.096
Cape Verde,2016,74.35
Cape Verde,2017,74.71
Cape Verde,2018,74.84
Cape Verde,2019,75.449
Cape Verde,2020,73.818
Cape Verde,2021,74.424
Cape Verde,2022,75.907
Cape Verde,2023,76.059
Cayman Islands,1950,54.005
Cayman Islands,1951,54.493
Cayman Islands,1952,54.964
Cayman Islands,1953,55.423
Cayman Islands,1954,55.883
Cayman Islands,1955,56.369
Cayman Islands,1956,56.806
Cayman Islands,1957,57.261
Cayman Islands,1958,57.732
Cayman Islands,1959,58.238
Cayman Islands,1960,58.782
Cayman Islands,1961,59.426
Cayman Islands,1962,60.09
Cayman Islands,1963,60.78
Cayman Islands,1964,61.436
Cayman Islands,1965,62.186
Cayman Islands,1966,62.841
Cayman Islands,1967,63.205
Cayman Islands,1968,63.597
Cayman Islands,1969,63.965
Cayman Islands,1970,64.383
Cayman Islands,1971,64.827
Cayman Islands,1972,65.365
Cayman Islands,1973,65.889
Cayman Islands,1974,66.489
Cayman Islands,1975,67.044
Cayman Islands,1976,67.549
Cayman Islands,1977,68.08
Cayman Islands,1978,68.533
Cayman Islands,1979,69.02
Cayman Islands,1980,69.487
Cayman Islands,1981,69.951
Cayman Islands,1982,70.407
Cayman Islands,1983,70.839
Cayman Islands,1984,71.187
Cayman Islands,1985,71.558
Cayman Islands,1986,71.869
Cayman Islands,1987,72.13
Cayman Islands,1988,72.351
Cayman Islands,1989,72.545
Cayman Islands,1990,72.744
Cayman Islands,1991,72.911
Cayman Islands,1992,73.088
Cayman Islands,1993,73.25
Cayman Islands,1994,73.42
Cayman Islands,1995,73.597
Cayman Islands,1996,73.74
Cayman Islands,1997,73.904
Cayman Islands,1998,74.08
Cayman Islands,1999,74.232
Cayman Islands,2000,74.378
Cayman Islands,2001,74.529
Cayman Islands,2002,74.609
Cayman Islands,2003,74.639
Cayman Islands,2004,74.596
Cayman Islands,2005,74.863
Cayman Islands,2006,75
Cayman Islands,2007,75.152
Cayman Islands,2008,75.386
Cayman Islands,2009,75.671
Cayman Islands,2010,76.069
Cayman Islands,2011,76.562
Cayman Islands,2012,77.121
Cayman Islands,2013,77.652
Cayman Islands,2014,77.865
Cayman Islands,2015,78.119
Cayman Islands,2016,78.367
Cayman Islands,2017,78.615
Cayman Islands,2018,78.835
Cayman Islands,2019,79.052
Cayman Islands,2020,79.23
Cayman Islands,2021,79.3
Cayman Islands,2022,79.984
Cayman Islands,2023,80.358
Central African Republic,1950,35.445
Central African Republic,1951,35.844
Central African Republic,1952,36.246
Central African Republic,1953,36.637
Central African Republic,1954,37.036
Central African Republic,1955,37.44
Central African Republic,1956,37.837
Central African Republic,1957,38.25
Central African Republic,1958,38.672
Central African Republic,1959,39.102
Central African Republic,1960,39.572
Central African Republic,1961,40.056
Central African Republic,1962,40.562
Central African Republic,1963,41.09
Central African Republic,1964,41.64
Central African Republic,1965,42.207
Central African Republic,1966,42.787
Central African Republic,1967,43.379
Central African Republic,1968,43.98
Central African Republic,1969,44.58
Central African Republic,1970,45.176
Central African Republic,1971,45.764
Central African Republic,1972,46.332
Central African Republic,1973,46.884
Central African Republic,1974,47.405
Central African Republic,1975,47.892
Central African Republic,1976,48.355
Central African Republic,1977,48.778
Central African Republic,1978,49.161
Central African Republic,1979,49.5
Central African Republic,1980,49.789
Central African Republic,1981,50.028
Central African Republic,1982,50.213
Central African Republic,1983,50.342
Central African Republic,1984,50.427
Central African Republic,1985,50.463
Central African Republic,1986,50.445
Central African Republic,1987,50.371
Central African Republic,1988,50.243
Central African Republic,1989,50.074
Central African Republic,1990,49.854
Central African Republic,1991,49.575
Central African Republic,1992,49.213
Central African Republic,1993,48.899
Central African Republic,1994,48.509
Central African Republic,1995,48.109
Central African Republic,1996,47.7
Central African Republic,1997,47.284
Central African Republic,1998,47.089
Central African Republic,1999,46.91
Central African Republic,2000,46.609
Central African Republic,2001,46.734
Central African Republic,2002,46.84
Central African Republic,2003,47.306
Central African Republic,2004,47.696
Central African Republic,2005,48.207
Central African Republic,2006,48.687
Central African Republic,2007,49.327
Central African Republic,2008,49.873
Central African Republic,2009,14.665
Central African Republic,2010,46.871
Central African Republic,2011,50.107
Central African Republic,2012,51.336
Central African Republic,2013,49.487
Central African Republic,2014,40.265
Central African Republic,2015,51.934
Central African Republic,2016,50.999
Central African Republic,2017,45.231
Central African Republic,2018,52.297
Central African Republic,2019,31.53
Central African Republic,2020,50.596
Central African Republic,2021,40.279
Central African Republic,2022,18.818
Central African Republic,2023,57.408
Chad,1950,35.23
Chad,1951,35.451
Chad,1952,35.855
Chad,1953,36.283
Chad,1954,36.786
Chad,1955,37.346
Chad,1956,37.919
Chad,1957,38.333
Chad,1958,38.739
Chad,1959,38.961
Chad,1960,39.216
Chad,1961,39.421
Chad,1962,39.608
Chad,1963,39.893
Chad,1964,40.12
Chad,1965,40.05
Chad,1966,40.089
Chad,1967,40.393
Chad,1968,40.702
Chad,1969,41.019
Chad,1970,41.386
Chad,1971,40.869
Chad,1972,41.922
Chad,1973,42.399
Chad,1974,42.601
Chad,1975,42.736
Chad,1976,42.687
Chad,1977,42.884
Chad,1978,43.017
Chad,1979,43.239
Chad,1980,43.452
Chad,1981,43.497
Chad,1982,43.91
Chad,1983,44.446
Chad,1984,44.732
Chad,1985,45.315
Chad,1986,45.598
Chad,1987,43.071
Chad,1988,46.352
Chad,1989,46.434
Chad,1990,45.074
Chad,1991,46.596
Chad,1992,46.777
Chad,1993,47.002
Chad,1994,47.08
Chad,1995,47.453
Chad,1996,47.551
Chad,1997,47.762
Chad,1998,47.802
Chad,1999,47.934
Chad,2000,47.937
Chad,2001,48.306
Chad,2002,48.36
Chad,2003,48.609
Chad,2004,48.687
Chad,2005,48.86
Chad,2006,48.747
Chad,2007,49.21
Chad,2008,49.503
Chad,2009,49.828
Chad,2010,50.107
Chad,2011,50.426
Chad,2012,50.765
Chad,2013,51.051
Chad,2014,51.141
Chad,2015,51.32
Chad,2016,51.603
Chad,2017,51.875
Chad,2018,52.447
Chad,2019,52.993
Chad,2020,53.082
Chad,2021,53.136
Chad,2022,54.528
Chad,2023,55.069
Chile,1950,53.151
Chile,1951,53.537
Chile,1952,53.929
Chile,1953,54.313
Chile,1954,54.714
Chile,1955,54.928
Chile,1956,55.482
Chile,1957,55.773
Chile,1958,56.288
Chile,1959,56.642
Chile,1960,57.216
Chile,1961,57.309
Chile,1962,57.811
Chile,1963,58.349
Chile,1964,58.812
Chile,1965,59.473
Chile,1966,60.373
Chile,1967,61.054
Chile,1968,61.68
Chile,1969,62.341
Chile,1970,62.634
Chile,1971,63.072
Chile,1972,63.717
Chile,1973,64.42
Chile,1974,65.085
Chile,1975,66.037
Chile,1976,66.819
Chile,1977,67.529
Chile,1978,68.042
Chile,1979,68.858
Chile,1980,69.475
Chile,1981,69.822
Chile,1982,70.291
Chile,1983,70.83
Chile,1984,71.215
Chile,1985,71.615
Chile,1986,72.061
Chile,1987,72.466
Chile,1988,72.788
Chile,1989,73.188
Chile,1990,73.675
Chile,1991,74.082
Chile,1992,74.367
Chile,1993,74.679
Chile,1994,74.973
Chile,1995,75.298
Chile,1996,75.555
Chile,1997,75.826
Chile,1998,76.324
Chile,1999,76.738
Chile,2000,77.128
Chile,2001,77.58
Chile,2002,77.84
Chile,2003,77.884
Chile,2004,78.276
Chile,2005,78.459
Chile,2006,78.533
Chile,2007,78.652
Chile,2008,78.752
Chile,2009,78.89
Chile,2010,79.095
Chile,2011,79.236
Chile,2012,79.221
Chile,2013,79.551
Chile,2014,79.714
Chile,2015,80.008
Chile,2016,80.295
Chile,2017,80.61
Chile,2018,80.559
Chile,2019,80.324
Chile,2020,79.349
Chile,2021,78.876
Chile,2022,79.176
Chile,2023,81.167
China,1950,43.829
China,1951,44.557
China,1952,45.342
China,1953,45.909
China,1954,46.763
China,1955,47.237
China,1956,47.807
China,1957,48.378
China,1958,48.834
China,1959,40.17
China,1960,33.419
China,1961,40.158
China,1962,50.959
China,1963,51.67
China,1964,52.343
China,1965,53.001
China,1966,53.662
China,1967,54.401
China,1968,55.191
China,1969,55.988
China,1970,56.824
China,1971,57.731
China,1972,58.579
China,1973,59.496
China,1974,60.241
China,1975,60.952
China,1976,61.225
China,1977,62.458
China,1978,63.102
China,1979,63.704
China,1980,64.243
China,1981,64.778
China,1982,65.249
China,1983,65.728
China,1984,66.148
China,1985,66.532
China,1986,66.887
China,1987,67.263
China,1988,67.607
China,1989,67.93
China,1990,68.155
China,1991,68.61
China,1992,69.059
China,1993,69.492
China,1994,69.835
China,1995,70.363
China,1996,70.823
China,1997,71.227
China,1998,71.601
China,1999,71.952
China,2000,72.288
China,2001,72.675
China,2002,73.034
China,2003,73.385
China,2004,73.727
China,2005,74.085
China,2006,74.404
China,2007,74.789
China,2008,74.833
China,2009,75.317
China,2010,75.668
China,2011,75.889
China,2012,76.2
China,2013,76.452
China,2014,76.714
China,2015,76.975
China,2016,77.214
China,2017,77.235
China,2018,77.709
China,2019,77.94
China,2020,78.019
China,2021,78.117
China,2022,78.202
China,2023,77.953
Colombia,1950,48.285
Colombia,1951,48.962
Colombia,1952,49.815
Colombia,1953,50.614
Colombia,1954,51.278
Colombia,1955,51.93
Colombia,1956,52.525
Colombia,1957,54.081
Colombia,1958,54.717
Colombia,1959,55.863
Colombia,1960,56.609
Colombia,1961,57.203
Colombia,1962,57.737
Colombia,1963,58.296
Colombia,1964,58.77
Colombia,1965,59.247
Colombia,1966,59.713
Colombia,1967,60.15
Colombia,1968,60.572
Colombia,1969,61.031
Colombia,1970,61.465
Colombia,1971,62.005
Colombia,1972,62.53
Colombia,1973,62.991
Colombia,1974,63.497
Colombia,1975,64.012
Colombia,1976,64.642
Colombia,1977,65.237
Colombia,1978,65.827
Colombia,1979,66.162
Colombia,1980,66.693
Colombia,1981,67.189
Colombia,1982,67.861
Colombia,1983,68.121
Colombia,1984,68.308
Colombia,1985,65.359
Colombia,1986,68.303
Colombia,1987,68.166
Colombia,1988,68.301
Colombia,1989,68.616
Colombia,1990,68.701
Colombia,1991,68.772
Colombia,1992,68.764
Colombia,1993,69.083
Colombia,1994,69.422
Colombia,1995,69.81
Colombia,1996,70.209
Colombia,1997,70.632
Colombia,1998,70.924
Colombia,1999,70.913
Colombia,2000,70.905
Colombia,2001,71.185
Colombia,2002,71.537
Colombia,2003,72.309
Colombia,2004,72.76
Colombia,2005,73.156
Colombia,2006,73.497
Colombia,2007,73.751
Colombia,2008,74.206
Colombia,2009,74.531
Colombia,2010,74.876
Colombia,2011,75.18
Colombia,2012,75.611
Colombia,2013,75.834
Colombia,2014,75.95
Colombia,2015,76.067
Colombia,2016,76.228
Colombia,2017,76.418
Colombia,2018,76.579
Colombia,2019,76.793
Colombia,2020,74.757
Colombia,2021,72.698
Colombia,2022,76.508
Colombia,2023,77.725
Comoros,1950,37.392
Comoros,1951,34.329
Comoros,1952,38.04
Comoros,1953,38.379
Comoros,1954,38.705
Comoros,1955,39.033
Comoros,1956,39.367
Comoros,1957,39.739
Comoros,1958,40.095
Comoros,1959,40.472
Comoros,1960,40.777
Comoros,1961,41.157
Comoros,1962,41.534
Comoros,1963,41.909
Comoros,1964,42.328
Comoros,1965,42.676
Comoros,1966,43.153
Comoros,1967,43.593
Comoros,1968,44.101
Comoros,1969,44.643
Comoros,1970,45.226
Comoros,1971,45.849
Comoros,1972,46.463
Comoros,1973,47.045
Comoros,1974,47.609
Comoros,1975,46.866
Comoros,1976,48.645
Comoros,1977,49.17
Comoros,1978,49.702
Comoros,1979,50.126
Comoros,1980,50.681
Comoros,1981,51.211
Comoros,1982,51.75
Comoros,1983,52.121
Comoros,1984,52.784
Comoros,1985,53.263
Comoros,1986,53.756
Comoros,1987,54.134
Comoros,1988,54.678
Comoros,1989,54.983
Comoros,1990,55.62
Comoros,1991,56.104
Comoros,1992,56.576
Comoros,1993,57.026
Comoros,1994,57.458
Comoros,1995,57.83
Comoros,1996,58.151
Comoros,1997,58.228
Comoros,1998,58.301
Comoros,1999,58.853
Comoros,2000,58.941
Comoros,2001,59.587
Comoros,2002,59.723
Comoros,2003,60.24
Comoros,2004,60.557
Comoros,2005,60.883
Comoros,2006,61.229
Comoros,2007,61.475
Comoros,2008,61.955
Comoros,2009,62.302
Comoros,2010,62.747
Comoros,2011,63.105
Comoros,2012,63.463
Comoros,2013,63.839
Comoros,2014,64.143
Comoros,2015,64.473
Comoros,2016,64.792
Comoros,2017,65.127
Comoros,2018,65.401
Comoros,2019,65.662
Comoros,2020,65.756
Comoros,2021,65.201
Comoros,2022,66.481
Comoros,2023,66.777
Congo,1950,39.602
Congo,1951,40.345
Congo,1952,41.087
Congo,1953,41.855
Congo,1954,42.611
Congo,1955,43.448
Congo,1956,44.276
Congo,1957,45.128
Congo,1958,45.969
Congo,1959,46.785
Congo,1960,47.595
Congo,1961,48.351
Congo,1962,49.038
Congo,1963,49.729
Congo,1964,50.363
Congo,1965,50.996
Congo,1966,51.557
Congo,1967,51.91
Congo,1968,52.62
Congo,1969,53.114
Congo,1970,53.555
Congo,1971,53.983
Congo,1972,54.361
Congo,1973,54.744
Congo,1974,55.053
Congo,1975,55.402
Congo,1976,55.699
Congo,1977,56.027
Congo,1978,56.248
Congo,1979,56.524
Congo,1980,56.803
Congo,1981,57.065
Congo,1982,57.236
Congo,1983,57.428
Congo,1984,57.54
Congo,1985,57.608
Congo,1986,57.633
Congo,1987,57.59
Congo,1988,57.493
Congo,1989,57.292
Congo,1990,57.07
Congo,1991,56.764
Congo,1992,56.483
Congo,1993,56.041
Congo,1994,55.641
Congo,1995,55.474
Congo,1996,55.24
Congo,1997,48.575
Congo,1998,52.551
Congo,1999,54.427
Congo,2000,55.371
Congo,2001,55.885
Congo,2002,56.414
Congo,2003,57.131
Congo,2004,57.957
Congo,2005,58.73
Congo,2006,59.474
Congo,2007,60.05
Congo,2008,60.79
Congo,2009,61.215
Congo,2010,61.731
Congo,2011,62.286
Congo,2012,62.662
Congo,2013,62.969
Congo,2014,63.349
Congo,2015,63.662
Congo,2016,63.911
Congo,2017,64.203
Congo,2018,64.472
Congo,2019,63.152
Congo,2020,64.391
Congo,2021,64.192
Congo,2022,65
Congo,2023,65.772
Cook Islands,1950,37.95
Cook Islands,1951,39.569
Cook Islands,1952,41.23
Cook Islands,1953,42.773
Cook Islands,1954,44.275
Cook Islands,1955,45.747
Cook Islands,1956,47.26
Cook Islands,1957,48.573
Cook Islands,1958,50.031
Cook Islands,1959,51.346
Cook Islands,1960,52.727
Cook Islands,1961,54.084
Cook Islands,1962,55.446
Cook Islands,1963,56.593
Cook Islands,1964,57.774
Cook Islands,1965,58.839
Cook Islands,1966,59.746
Cook Islands,1967,60.648
Cook Islands,1968,61.543
Cook Islands,1969,62.534
Cook Islands,1970,63.574
Cook Islands,1971,64.621
Cook Islands,1972,65.556
Cook Islands,1973,65.892
Cook Islands,1974,65.926
Cook Islands,1975,65.778
Cook Islands,1976,65.546
Cook Islands,1977,65.349
Cook Islands,1978,65.444
Cook Islands,1979,65.684
Cook Islands,1980,65.883
Cook Islands,1981,66.054
Cook Islands,1982,66.146
Cook Islands,1983,66.32
Cook Islands,1984,66.516
Cook Islands,1985,66.751
Cook Islands,1986,67.004
Cook Islands,1987,66.458
Cook Islands,1988,67.362
Cook Islands,1989,67.51
Cook Islands,1990,66.492
Cook Islands,1991,67.713
Cook Islands,1992,67.839
Cook Islands,1993,67.997
Cook Islands,1994,68.2
Cook Islands,1995,68.456
Cook Islands,1996,68.739
Cook Islands,1997,66.396
Cook Islands,1998,69.324
Cook Islands,1999,69.585
Cook Islands,2000,69.849
Cook Islands,2001,70.085
Cook Islands,2002,70.345
Cook Islands,2003,70.579
Cook Islands,2004,70.874
Cook Islands,2005,71.172
Cook Islands,2006,71.449
Cook Islands,2007,71.778
Cook Islands,2008,72.12
Cook Islands,2009,72.439
Cook Islands,2010,72.752
Cook Islands,2011,73.045
Cook Islands,2012,73.324
Cook Islands,2013,73.612
Cook Islands,2014,73.831
Cook Islands,2015,74.018
Cook Islands,2016,74.165
Cook Islands,2017,74.316
Cook Islands,2018,74.441
Cook Islands,2019,74.556
Cook Islands,2020,74.514
Cook Islands,2021,74.583
Cook Islands,2022,75.079
Cook Islands,2023,75.282
Costa Rica,1950,57.461
Costa Rica,1951,57.819
Costa Rica,1952,58.114
Costa Rica,1953,59.059
Costa Rica,1954,59.855
Costa Rica,1955,60.453
Costa Rica,1956,61.202
Costa Rica,1957,61.582
Costa Rica,1958,62.262
Costa Rica,1959,62.905
Costa Rica,1960,63.463
Costa Rica,1961,63.86
Costa Rica,1962,64.232
Costa Rica,1963,64.326
Costa Rica,1964,64.493
Costa Rica,1965,64.76
Costa Rica,1966,65.096
Costa Rica,1967,65.552
Costa Rica,1968,65.78
Costa Rica,1969,66.363
Costa Rica,1970,66.787
Costa Rica,1971,67.413
Costa Rica,1972,68.014
Costa Rica,1973,68.731
Costa Rica,1974,69.446
Costa Rica,1975,70.253
Costa Rica,1976,70.946
Costa Rica,1977,71.519
Costa Rica,1978,72.029
Costa Rica,1979,72.537
Costa Rica,1980,73.034
Costa Rica,1981,73.441
Costa Rica,1982,73.865
Costa Rica,1983,74.245
Costa Rica,1984,74.581
Costa Rica,1985,74.765
Costa Rica,1986,74.949
Costa Rica,1987,75.224
Costa Rica,1988,75.546
Costa Rica,1989,75.85
Costa Rica,1990,76.094
Costa Rica,1991,76.237
Costa Rica,1992,76.385
Costa Rica,1993,76.315
Costa Rica,1994,76.329
Costa Rica,1995,76.44
Costa Rica,1996,76.428
Costa Rica,1997,76.603
Costa Rica,1998,76.869
Costa Rica,1999,77.058
Costa Rica,2000,77.317
Costa Rica,2001,77.609
Costa Rica,2002,77.939
Costa Rica,2003,78.214
Costa Rica,2004,78.512
Costa Rica,2005,78.877
Costa Rica,2006,79.049
Costa Rica,2007,79.098
Costa Rica,2008,79.18
Costa Rica,2009,79.372
Costa Rica,2010,79.354
Costa Rica,2011,79.624
Costa Rica,2012,79.925
Costa Rica,2013,80.189
Costa Rica,2014,80.231
Costa Rica,2015,80.407
Costa Rica,2016,79.988
Costa Rica,2017,79.994
Costa Rica,2018,80.09
Costa Rica,2019,80.296
Costa Rica,2020,79.725
Costa Rica,2021,78.05
Costa Rica,2022,79.316
Costa Rica,2023,80.799
Cote d'Ivoire,1950,30.832
Cote d'Ivoire,1951,31.384
Cote d'Ivoire,1952,31.959
Cote d'Ivoire,1953,32.548
Cote d'Ivoire,1954,33.191
Cote d'Ivoire,1955,33.811
Cote d'Ivoire,1956,34.464
Cote d'Ivoire,1957,35.156
Cote d'Ivoire,1958,35.826
Cote d'Ivoire,1959,36.547
Cote d'Ivoire,1960,37.244
Cote d'Ivoire,1961,37.923
Cote d'Ivoire,1962,38.62
Cote d'Ivoire,1963,39.315
Cote d'Ivoire,1964,39.966
Cote d'Ivoire,1965,40.643
Cote d'Ivoire,1966,41.297
Cote d'Ivoire,1967,41.959
Cote d'Ivoire,1968,42.648
Cote d'Ivoire,1969,43.345
Cote d'Ivoire,1970,44.045
Cote d'Ivoire,1971,44.783
Cote d'Ivoire,1972,45.575
Cote d'Ivoire,1973,46.372
Cote d'Ivoire,1974,47.207
Cote d'Ivoire,1975,48.03
Cote d'Ivoire,1976,48.863
Cote d'Ivoire,1977,49.624
Cote d'Ivoire,1978,50.361
Cote d'Ivoire,1979,50.983
Cote d'Ivoire,1980,51.437
Cote d'Ivoire,1981,51.791
Cote d'Ivoire,1982,52.09
Cote d'Ivoire,1983,52.352
Cote d'Ivoire,1984,52.648
Cote d'Ivoire,1985,52.861
Cote d'Ivoire,1986,53.009
Cote d'Ivoire,1987,53.118
Cote d'Ivoire,1988,53.062
Cote d'Ivoire,1989,52.955
Cote d'Ivoire,1990,52.796
Cote d'Ivoire,1991,52.621
Cote d'Ivoire,1992,52.429
Cote d'Ivoire,1993,52.247
Cote d'Ivoire,1994,52.005
Cote d'Ivoire,1995,51.713
Cote d'Ivoire,1996,51.596
Cote d'Ivoire,1997,51.498
Cote d'Ivoire,1998,51.22
Cote d'Ivoire,1999,51.273
Cote d'Ivoire,2000,51.393
Cote d'Ivoire,2001,51.428
Cote d'Ivoire,2002,51.544
Cote d'Ivoire,2003,51.443
Cote d'Ivoire,2004,51.939
Cote d'Ivoire,2005,52.432
Cote d'Ivoire,2006,52.885
Cote d'Ivoire,2007,53.452
Cote d'Ivoire,2008,54.179
Cote d'Ivoire,2009,54.744
Cote d'Ivoire,2010,55.282
Cote d'Ivoire,2011,55.972
Cote d'Ivoire,2012,56.57
Cote d'Ivoire,2013,57.057
Cote d'Ivoire,2014,57.772
Cote d'Ivoire,2015,58.281
Cote d'Ivoire,2016,58.814
Cote d'Ivoire,2017,59.315
Cote d'Ivoire,2018,59.795
Cote d'Ivoire,2019,60.274
Cote d'Ivoire,2020,60.14
Cote d'Ivoire,2021,60.29
Cote d'Ivoire,2022,61.562
Cote d'Ivoire,2023,61.944
Croatia,1950,58.453
Croatia,1951,59.03
Croatia,1952,59.844
Croatia,1953,61.489
Croatia,1954,62.231
Croatia,1955,63.101
Croatia,1956,63.559
Croatia,1957,64.412
Croatia,1958,65.031
Croatia,1959,65.549
Croatia,1960,65.946
Croatia,1961,66.549
Croatia,1962,67.266
Croatia,1963,67.619
Croatia,1964,68.044
Croatia,1965,68.475
Croatia,1966,68.914
Croatia,1967,69.043
Croatia,1968,68.892
Croatia,1969,68.956
Croatia,1970,69.175
Croatia,1971,69.446
Croatia,1972,69.753
Croatia,1973,70.106
Croatia,1974,70.612
Croatia,1975,71.04
Croatia,1976,71.366
Croatia,1977,71.372
Croatia,1978,71.265
Croatia,1979,71.095
Croatia,1980,70.969
Croatia,1981,70.876
Croatia,1982,70.662
Croatia,1983,70.746
Croatia,1984,70.978
Croatia,1985,71.528
Croatia,1986,71.788
Croatia,1987,71.938
Croatia,1988,72.15
Croatia,1989,72.497
Croatia,1990,72.243
Croatia,1991,70.575
Croatia,1992,71.721
Croatia,1993,72.305
Croatia,1994,72.614
Croatia,1995,72.561
Croatia,1996,72.975
Croatia,1997,72.99
Croatia,1998,73.193
Croatia,1999,73.609
Croatia,2000,74.001
Croatia,2001,74.355
Croatia,2002,74.646
Croatia,2003,74.709
Croatia,2004,75.266
Croatia,2005,75.57
Croatia,2006,75.677
Croatia,2007,75.886
Croatia,2008,76.001
Croatia,2009,76.313
Croatia,2010,76.676
Croatia,2011,76.993
Croatia,2012,77.284
Croatia,2013,77.51
Croatia,2014,77.514
Croatia,2015,77.633
Croatia,2016,77.629
Croatia,2017,77.726
Croatia,2018,77.865
Croatia,2019,78.197
Croatia,2020,77.497
Croatia,2021,77.141
Croatia,2022,78.278
Croatia,2023,78.58
Cuba,1950,58.989
Cuba,1951,59.408
Cuba,1952,59.83
Cuba,1953,60.245
Cuba,1954,60.693
Cuba,1955,61.152
Cuba,1956,61.484
Cuba,1957,61.904
Cuba,1958,62.319
Cuba,1959,62.829
Cuba,1960,63.316
Cuba,1961,63.743
Cuba,1962,64.374
Cuba,1963,64.347
Cuba,1964,65.264
Cuba,1965,65.636
Cuba,1966,66.074
Cuba,1967,66.514
Cuba,1968,66.944
Cuba,1969,67.358
Cuba,1970,67.935
Cuba,1971,68.432
Cuba,1972,68.949
Cuba,1973,69.347
Cuba,1974,69.867
Cuba,1975,70.375
Cuba,1976,70.878
Cuba,1977,71.411
Cuba,1978,71.89
Cuba,1979,72.272
Cuba,1980,72.603
Cuba,1981,72.996
Cuba,1982,73.439
Cuba,1983,73.564
Cuba,1984,73.552
Cuba,1985,73.464
Cuba,1986,73.558
Cuba,1987,73.596
Cuba,1988,73.724
Cuba,1989,73.69
Cuba,1990,73.823
Cuba,1991,73.757
Cuba,1992,73.846
Cuba,1993,73.874
Cuba,1994,74.092
Cuba,1995,74.346
Cuba,1996,74.69
Cuba,1997,75.064
Cuba,1998,75.412
Cuba,1999,75.719
Cuba,2000,75.922
Cuba,2001,76.429
Cuba,2002,76.766
Cuba,2003,77.405
Cuba,2004,77.326
Cuba,2005,77.54
Cuba,2006,77.406
Cuba,2007,77.55
Cuba,2008,77.589
Cuba,2009,77.584
Cuba,2010,77.876
Cuba,2011,78.051
Cuba,2012,78.162
Cuba,2013,78.028
Cuba,2014,77.825
Cuba,2015,77.745
Cuba,2016,77.571
Cuba,2017,77.3
Cuba,2018,77.426
Cuba,2019,77.413
Cuba,2020,77.407
Cuba,2021,73.201
Cuba,2022,77.629
Cuba,2023,78.085
Curacao,1950,60.291
Curacao,1951,60.967
Curacao,1952,61.587
Curacao,1953,62.138
Curacao,1954,62.714
Curacao,1955,63.261
Curacao,1956,63.762
Curacao,1957,64.247
Curacao,1958,64.656
Curacao,1959,65.08
Curacao,1960,65.406
Curacao,1961,65.745
Curacao,1962,66.027
Curacao,1963,66.312
Curacao,1964,66.59
Curacao,1965,66.862
Curacao,1966,67.136
Curacao,1967,67.405
Curacao,1968,67.67
Curacao,1969,67.929
Curacao,1970,68.23
Curacao,1971,68.505
Curacao,1972,68.811
Curacao,1973,69.092
Curacao,1974,69.394
Curacao,1975,69.672
Curacao,1976,69.951
Curacao,1977,70.202
Curacao,1978,70.445
Curacao,1979,70.716
Curacao,1980,70.951
Curacao,1981,71.175
Curacao,1982,71.377
Curacao,1983,71.534
Curacao,1984,71.715
Curacao,1985,71.867
Curacao,1986,71.996
Curacao,1987,72.139
Curacao,1988,72.23
Curacao,1989,72.151
Curacao,1990,72.439
Curacao,1991,72.536
Curacao,1992,72.65
Curacao,1993,72.703
Curacao,1994,72.791
Curacao,1995,72.831
Curacao,1996,72.945
Curacao,1997,73.035
Curacao,1998,73.084
Curacao,1999,73.174
Curacao,2000,73.283
Curacao,2001,73.36
Curacao,2002,73.472
Curacao,2003,73.603
Curacao,2004,73.735
Curacao,2005,73.873
Curacao,2006,73.978
Curacao,2007,74.137
Curacao,2008,74.314
Curacao,2009,74.485
Curacao,2010,75.117
Curacao,2011,75.576
Curacao,2012,75.96
Curacao,2013,76.239
Curacao,2014,76.384
Curacao,2015,76.482
Curacao,2016,76.322
Curacao,2017,76.423
Curacao,2018,76.493
Curacao,2019,76.492
Curacao,2020,76.501
Curacao,2021,75.686
Curacao,2022,76.729
Curacao,2023,76.8
Cyprus,1950,55.828
Cyprus,1951,56.762
Cyprus,1952,57.678
Cyprus,1953,58.372
Cyprus,1954,59.276
Cyprus,1955,59.739
Cyprus,1956,60.388
Cyprus,1957,60.986
Cyprus,1958,61.637
Cyprus,1959,62.31
Cyprus,1960,63.32
Cyprus,1961,64.076
Cyprus,1962,64.72
Cyprus,1963,61.779
Cyprus,1964,62.24
Cyprus,1965,66.124
Cyprus,1966,66.489
Cyprus,1967,66.906
Cyprus,1968,67.251
Cyprus,1969,67.599
Cyprus,1970,68.05
Cyprus,1971,68.351
Cyprus,1972,68.629
Cyprus,1973,69.005
Cyprus,1974,54.551
Cyprus,1975,70.336
Cyprus,1976,70.805
Cyprus,1977,71.258
Cyprus,1978,71.741
Cyprus,1979,72.179
Cyprus,1980,72.844
Cyprus,1981,73.053
Cyprus,1982,73.518
Cyprus,1983,73.708
Cyprus,1984,74
Cyprus,1985,74.64
Cyprus,1986,74.93
Cyprus,1987,75.264
Cyprus,1988,75.39
Cyprus,1989,75.841
Cyprus,1990,76.044
Cyprus,1991,76.246
Cyprus,1992,76.291
Cyprus,1993,76.294
Cyprus,1994,76.383
Cyprus,1995,76.583
Cyprus,1996,76.88
Cyprus,1997,77.119
Cyprus,1998,77.164
Cyprus,1999,77.572
Cyprus,2000,77.9
Cyprus,2001,78.185
Cyprus,2002,78.758
Cyprus,2003,78.908
Cyprus,2004,79.007
Cyprus,2005,79.198
Cyprus,2006,79.456
Cyprus,2007,79.798
Cyprus,2008,79.906
Cyprus,2009,80.375
Cyprus,2010,80.632
Cyprus,2011,80.855
Cyprus,2012,81.128
Cyprus,2013,81.317
Cyprus,2014,81.337
Cyprus,2015,81.464
Cyprus,2016,81.534
Cyprus,2017,81.543
Cyprus,2018,81.556
Cyprus,2019,81.454
Cyprus,2020,81.23
Cyprus,2021,80.573
Cyprus,2022,80.434
Cyprus,2023,81.648
Czechia,1950,64.406
Czechia,1951,65.267
Czechia,1952,66.863
Czechia,1953,67.553
Czechia,1954,68.05
Czechia,1955,68.978
Czechia,1956,69.368
Czechia,1957,69.033
Czechia,1958,69.973
Czechia,1959,69.894
Czechia,1960,70.452
Czechia,1961,70.622
Czechia,1962,69.891
Czechia,1963,70.391
Czechia,1964,70.589
Czechia,1965,70.258
Czechia,1966,70.454
Czechia,1967,70.349
Czechia,1968,69.91
Czechia,1969,69.418
Czechia,1970,69.488
Czechia,1971,69.736
Czechia,1972,70.23
Czechia,1973,70.088
Czechia,1974,70.174
Czechia,1975,70.485
Czechia,1976,70.601
Czechia,1977,70.641
Czechia,1978,70.712
Czechia,1979,70.823
Czechia,1980,70.34
Czechia,1981,70.772
Czechia,1982,70.877
Czechia,1983,70.64
Czechia,1984,70.897
Czechia,1985,71.102
Czechia,1986,71.053
Czechia,1987,71.51
Czechia,1988,71.714
Czechia,1989,71.754
Czechia,1990,71.409
Czechia,1991,71.97
Czechia,1992,72.33
Czechia,1993,72.853
Czechia,1994,73.082
Czechia,1995,73.177
Czechia,1996,73.834
Czechia,1997,73.946
Czechia,1998,74.553
Czechia,1999,74.741
Czechia,2000,74.978
Czechia,2001,75.314
Czechia,2002,75.442
Czechia,2003,75.396
Czechia,2004,75.942
Czechia,2005,76.156
Czechia,2006,76.708
Czechia,2007,76.919
Czechia,2008,77.172
Czechia,2009,77.258
Czechia,2010,77.568
Czechia,2011,77.814
Czechia,2012,77.998
Czechia,2013,78.169
Czechia,2014,78.744
Czechia,2015,78.561
Czechia,2016,78.974
Czechia,2017,78.926
Czechia,2018,78.961
Czechia,2019,79.185
Czechia,2020,78.237
Czechia,2021,77.234
Czechia,2022,79.165
Czechia,2023,79.834
Democratic Republic of Congo,1950,38.216
Democratic Republic of Congo,1951,38.514
Democratic Republic of Congo,1952,38.856
Democratic Republic of Congo,1953,39.141
Democratic Republic of Congo,1954,39.366
Democratic Republic of Congo,1955,39.656
Democratic Republic of Congo,1956,39.904
Democratic Republic of Congo,1957,40.228
Democratic Republic of Congo,1958,40.463
Democratic Republic of Congo,1959,40.615
Democratic Republic of Congo,1960,40.752
Democratic Republic of Congo,1961,40.161
Democratic Republic of Congo,1962,40.382
Democratic Republic of Congo,1963,40.604
Democratic Republic of Congo,1964,40.099
Democratic Republic of Congo,1965,40.767
Democratic Republic of Congo,1966,42.169
Democratic Republic of Congo,1967,42.339
Democratic Republic of Congo,1968,42.667
Democratic Republic of Congo,1969,42.959
Democratic Republic of Congo,1970,43.3
Democratic Republic of Congo,1971,43.578
Democratic Republic of Congo,1972,43.869
Democratic Republic of Congo,1973,44.09
Democratic Republic of Congo,1974,44.311
Democratic Republic of Congo,1975,44.53
Democratic Republic of Congo,1976,44.695
Democratic Republic of Congo,1977,44.866
Democratic Republic of Congo,1978,44.628
Democratic Republic of Congo,1979,45.278
Democratic Republic of Congo,1980,45.543
Democratic Republic of Congo,1981,45.726
Democratic Republic of Congo,1982,45.946
Democratic Republic of Congo,1983,46.207
Democratic Republic of Congo,1984,46.514
Democratic Republic of Congo,1985,46.663
Democratic Republic of Congo,1986,47.016
Democratic Republic of Congo,1987,47.362
Democratic Republic of Congo,1988,47.755
Democratic Republic of Congo,1989,48.149
Democratic Republic of Congo,1990,48.538
Democratic Republic of Congo,1991,48.944
Democratic Republic of Congo,1992,49.323
Democratic Republic of Congo,1993,49.621
Democratic Republic of Congo,1994,49.88
Democratic Republic of Congo,1995,50.381
Democratic Republic of Congo,1996,49.376
Democratic Republic of Congo,1997,50.461
Democratic Republic of Congo,1998,49.664
Democratic Republic of Congo,1999,50.089
Democratic Republic of Congo,2000,51.887
Democratic Republic of Congo,2001,52.205
Democratic Republic of Congo,2002,52.371
Democratic Republic of Congo,2003,52.952
Democratic Republic of Congo,2004,53.534
Democratic Republic of Congo,2005,54.001
Democratic Republic of Congo,2006,54.498
Democratic Republic of Congo,2007,54.954
Democratic Republic of Congo,2008,55.388
Democratic Republic of Congo,2009,55.798
Democratic Republic of Congo,2010,56.411
Democratic Republic of Congo,2011,56.911
Democratic Republic of Congo,2012,57.35
Democratic Republic of Congo,2013,57.795
Democratic Republic of Congo,2014,58.236
Democratic Republic of Congo,2015,58.658
Democratic Republic of Congo,2016,59.081
Democratic Republic of Congo,2017,59.495
Democratic Republic of Congo,2018,59.926
Democratic Republic of Congo,2019,60.242
Democratic Republic of Congo,2020,60.428
Democratic Republic of Congo,2021,60.044
Democratic Republic of Congo,2022,60.979
Democratic Republic of Congo,2023,61.895
Denmark,1950,70.308
Denmark,1951,70.924
Denmark,1952,70.76
Denmark,1953,71.172
Denmark,1954,71.339
Denmark,1955,71.914
Denmark,1956,72.042
Denmark,1957,71.807
Denmark,1958,72.238
Denmark,1959,72.225
Denmark,1960,72.196
Denmark,1961,72.453
Denmark,1962,72.352
Denmark,1963,72.419
Denmark,1964,72.508
Denmark,1965,72.388
Denmark,1966,72.466
Denmark,1967,72.955
Denmark,1968,73.147
Denmark,1969,73.245
Denmark,1970,73.364
Denmark,1971,73.427
Denmark,1972,73.468
Denmark,1973,73.694
Denmark,1974,73.822
Denmark,1975,74.1
Denmark,1976,73.77
Denmark,1977,74.659
Denmark,1978,74.426
Denmark,1979,74.241
Denmark,1980,74.129
Denmark,1981,74.251
Denmark,1982,74.597
Denmark,1983,74.456
Denmark,1984,74.616
Denmark,1985,74.48
Denmark,1986,74.639
Denmark,1987,74.745
Denmark,1988,74.84
Denmark,1989,74.86
Denmark,1990,74.865
Denmark,1991,75.227
Denmark,1992,75.269
Denmark,1993,75.189
Denmark,1994,75.441
Denmark,1995,75.287
Denmark,1996,75.664
Denmark,1997,76.041
Denmark,1998,76.436
Denmark,1999,76.578
Denmark,2000,76.815
Denmark,2001,76.974
Denmark,2002,77.099
Denmark,2003,77.401
Denmark,2004,77.785
Denmark,2005,78.226
Denmark,2006,78.223
Denmark,2007,78.349
Denmark,2008,78.714
Denmark,2009,78.957
Denmark,2010,79.247
Denmark,2011,79.786
Denmark,2012,80.082
Denmark,2013,80.306
Denmark,2014,80.632
Denmark,2015,80.739
Denmark,2016,80.881
Denmark,2017,81.112
Denmark,2018,80.991
Denmark,2019,81.434
Denmark,2020,81.546
Denmark,2021,81.436
Denmark,2022,81.291
Denmark,2023,81.933
Djibouti,1950,40.728
Djibouti,1951,41.036
Djibouti,1952,41.23
Djibouti,1953,41.484
Djibouti,1954,41.775
Djibouti,1955,42.044
Djibouti,1956,42.287
Djibouti,1957,42.57
Djibouti,1958,42.772
Djibouti,1959,43.079
Djibouti,1960,43.421
Djibouti,1961,43.781
Djibouti,1962,44.092
Djibouti,1963,44.442
Djibouti,1964,44.812
Djibouti,1965,45.234
Djibouti,1966,45.62
Djibouti,1967,46.103
Djibouti,1968,46.552
Djibouti,1969,47.067
Djibouti,1970,47.536
Djibouti,1971,47.259
Djibouti,1972,48.532
Djibouti,1973,49.097
Djibouti,1974,49.52
Djibouti,1975,49.923
Djibouti,1976,50.335
Djibouti,1977,50.755
Djibouti,1978,51.172
Djibouti,1979,51.597
Djibouti,1980,52.046
Djibouti,1981,52.355
Djibouti,1982,52.893
Djibouti,1983,53.334
Djibouti,1984,53.745
Djibouti,1985,54.075
Djibouti,1986,54.494
Djibouti,1987,54.832
Djibouti,1988,55.133
Djibouti,1989,55.369
Djibouti,1990,55.469
Djibouti,1991,55.194
Djibouti,1992,54.375
Djibouti,1993,55.734
Djibouti,1994,55.592
Djibouti,1995,56.234
Djibouti,1996,56.33
Djibouti,1997,56.207
Djibouti,1998,56.426
Djibouti,1999,56.564
Djibouti,2000,56.734
Djibouti,2001,57.506
Djibouti,2002,57.824
Djibouti,2003,58.041
Djibouti,2004,58.103
Djibouti,2005,58.548
Djibouti,2006,58.962
Djibouti,2007,59.362
Djibouti,2008,59.815
Djibouti,2009,60.351
Djibouti,2010,60.743
Djibouti,2011,61.337
Djibouti,2012,61.719
Djibouti,2013,62.116
Djibouti,2014,62.427
Djibouti,2015,62.833
Djibouti,2016,63.335
Djibouti,2017,63.71
Djibouti,2018,64.105
Djibouti,2019,64.381
Djibouti,2020,64.2
Djibouti,2021,63.83
Djibouti,2022,65.54
Djibouti,2023,65.987
Dominica,1950,44.49
Dominica,1951,46.317
Dominica,1952,48.16
Dominica,1953,49.992
Dominica,1954,51.67
Dominica,1955,53.408
Dominica,1956,55.038
Dominica,1957,56.539
Dominica,1958,57.905
Dominica,1959,59.12
Dominica,1960,60.076
Dominica,1961,61.022
Dominica,1962,61.894
Dominica,1963,62.612
Dominica,1964,63.278
Dominica,1965,63.913
Dominica,1966,64.457
Dominica,1967,64.856
Dominica,1968,65.277
Dominica,1969,65.704
Dominica,1970,66.208
Dominica,1971,66.763
Dominica,1972,67.468
Dominica,1973,68.097
Dominica,1974,68.585
Dominica,1975,69.059
Dominica,1976,69.411
Dominica,1977,69.715
Dominica,1978,70.115
Dominica,1979,69.195
Dominica,1980,71.013
Dominica,1981,71.46
Dominica,1982,71.749
Dominica,1983,72.005
Dominica,1984,71.913
Dominica,1985,71.918
Dominica,1986,71.671
Dominica,1987,71.368
Dominica,1988,70.974
Dominica,1989,70.663
Dominica,1990,70.471
Dominica,1991,70.398
Dominica,1992,70.473
Dominica,1993,70.612
Dominica,1994,70.777
Dominica,1995,70.832
Dominica,1996,71.039
Dominica,1997,71.195
Dominica,1998,71.352
Dominica,1999,71.527
Dominica,2000,71.715
Dominica,2001,71.862
Dominica,2002,71.927
Dominica,2003,71.942
Dominica,2004,71.987
Dominica,2005,72.016
Dominica,2006,72.007
Dominica,2007,71.901
Dominica,2008,71.945
Dominica,2009,71.835
Dominica,2010,71.68
Dominica,2011,71.517
Dominica,2012,71.391
Dominica,2013,71.228
Dominica,2014,71.189
Dominica,2015,69.968
Dominica,2016,71.189
Dominica,2017,68.62
Dominica,2018,71.378
Dominica,2019,71.305
Dominica,2020,71.269
Dominica,2021,69.832
Dominica,2022,71.081
Dominica,2023,71.132
Dominican Republic,1950,44.065
Dominican Republic,1951,44.825
Dominican Republic,1952,45.571
Dominican Republic,1953,46.35
Dominican Republic,1954,47.123
Dominican Republic,1955,47.925
Dominican Republic,1956,48.71
Dominican Republic,1957,49.47
Dominican Republic,1958,50.211
Dominican Republic,1959,50.953
Dominican Republic,1960,51.705
Dominican Republic,1961,52.447
Dominican Republic,1962,53.199
Dominican Republic,1963,53.754
Dominican Republic,1964,54.653
Dominican Republic,1965,52.842
Dominican Republic,1966,55.965
Dominican Republic,1967,56.646
Dominican Republic,1968,57.272
Dominican Republic,1969,57.886
Dominican Republic,1970,58.493
Dominican Republic,1971,59.09
Dominican Republic,1972,59.661
Dominican Republic,1973,60.228
Dominican Republic,1974,60.757
Dominican Republic,1975,61.254
Dominican Republic,1976,61.739
Dominican Republic,1977,62.2
Dominican Republic,1978,62.624
Dominican Republic,1979,62.425
Dominican Republic,1980,63.391
Dominican Republic,1981,63.776
Dominican Republic,1982,64.198
Dominican Republic,1983,64.63
Dominican Republic,1984,65.134
Dominican Republic,1985,65.614
Dominican Republic,1986,66.059
Dominican Republic,1987,66.49
Dominican Republic,1988,66.914
Dominican Republic,1989,67.331
Dominican Republic,1990,67.746
Dominican Republic,1991,68.154
Dominican Republic,1992,68.525
Dominican Republic,1993,68.86
Dominican Republic,1994,69.16
Dominican Republic,1995,69.394
Dominican Republic,1996,69.595
Dominican Republic,1997,69.809
Dominican Republic,1998,69.875
Dominican Republic,1999,70.178
Dominican Republic,2000,70.365
Dominican Republic,2001,70.553
Dominican Republic,2002,70.719
Dominican Republic,2003,70.856
Dominican Republic,2004,70.73
Dominican Republic,2005,71.043
Dominican Republic,2006,71.054
Dominican Republic,2007,71.097
Dominican Republic,2008,71.331
Dominican Republic,2009,71.587
Dominican Republic,2010,72.039
Dominican Republic,2011,72.496
Dominican Republic,2012,72.817
Dominican Republic,2013,73.038
Dominican Republic,2014,73.145
Dominican Republic,2015,72.982
Dominican Republic,2016,72.889
Dominican Republic,2017,73.37
Dominican Republic,2018,73.555
Dominican Republic,2019,73.112
Dominican Republic,2020,72.636
Dominican Republic,2021,71.757
Dominican Republic,2022,74.211
Dominican Republic,2023,73.72
East Timor,1950,29.161
East Timor,1951,29.461
East Timor,1952,29.763
East Timor,1953,30.065
East Timor,1954,30.368
East Timor,1955,30.674
East Timor,1956,30.983
East Timor,1957,31.305
East Timor,1958,31.656
East Timor,1959,32.021
East Timor,1960,32.402
East Timor,1961,32.801
East Timor,1962,33.221
East Timor,1963,33.665
East Timor,1964,34.147
East Timor,1965,34.653
East Timor,1966,35.174
East Timor,1967,35.703
East Timor,1968,36.241
East Timor,1969,36.802
East Timor,1970,37.362
East Timor,1971,37.909
East Timor,1972,38.443
East Timor,1973,38.966
East Timor,1974,36.454
East Timor,1975,24.314
East Timor,1976,25.863
East Timor,1977,24.875
East Timor,1978,22.933
East Timor,1979,24.172
East Timor,1980,30.196
East Timor,1981,31.247
East Timor,1982,32.247
East Timor,1983,32.694
East Timor,1984,34.468
East Timor,1985,34.342
East Timor,1986,34.764
East Timor,1987,35.974
East Timor,1988,36.047
East Timor,1989,44.795
East Timor,1990,45.185
East Timor,1991,45.076
East Timor,1992,46.19
East Timor,1993,47.008
East Timor,1994,47.861
East Timor,1995,47.543
East Timor,1996,48.26
East Timor,1997,48.968
East Timor,1998,48.583
East Timor,1999,45.246
East Timor,2000,58.097
East Timor,2001,58.772
East Timor,2002,59.477
East Timor,2003,60.13
East Timor,2004,60.743
East Timor,2005,61.272
East Timor,2006,61.881
East Timor,2007,62.396
East Timor,2008,62.858
East Timor,2009,63.265
East Timor,2010,63.66
East Timor,2011,64.022
East Timor,2012,64.384
East Timor,2013,64.719
East Timor,2014,65.027
East Timor,2015,65.326
East Timor,2016,65.61
East Timor,2017,65.898
East Timor,2018,66.204
East Timor,2019,66.496
East Timor,2020,66.919
East Timor,2021,66.199
East Timor,2022,67.368
East Timor,2023,67.689
Ecuador,1950,48.449
Ecuador,1951,48.897
Ecuador,1952,49.235
Ecuador,1953,49.562
Ecuador,1954,49.962
Ecuador,1955,50.393
Ecuador,1956,50.883
Ecuador,1957,51.455
Ecuador,1958,52.073
Ecuador,1959,52.736
Ecuador,1960,53.396
Ecuador,1961,54.052
Ecuador,1962,54.681
Ecuador,1963,55.322
Ecuador,1964,55.95
Ecuador,1965,56.524
Ecuador,1966,57.019
Ecuador,1967,57.482
Ecuador,1968,57.946
Ecuador,1969,58.267
Ecuador,1970,58.85
Ecuador,1971,59.343
Ecuador,1972,59.816
Ecuador,1973,60.306
Ecuador,1974,60.7
Ecuador,1975,61.085
Ecuador,1976,61.425
Ecuador,1977,61.935
Ecuador,1978,62.397
Ecuador,1979,62.854
Ecuador,1980,63.326
Ecuador,1981,63.809
Ecuador,1982,64.271
Ecuador,1983,64.659
Ecuador,1984,65.202
Ecuador,1985,65.625
Ecuador,1986,66.123
Ecuador,1987,66.587
Ecuador,1988,67.038
Ecuador,1989,67.817
Ecuador,1990,68.445
Ecuador,1991,69.04
Ecuador,1992,69.468
Ecuador,1993,70.07
Ecuador,1994,70.876
Ecuador,1995,71.349
Ecuador,1996,71.82
Ecuador,1997,72.007
Ecuador,1998,71.949
Ecuador,1999,71.92
Ecuador,2000,72.09
Ecuador,2001,72.571
Ecuador,2002,73.164
Ecuador,2003,73.632
Ecuador,2004,73.868
Ecuador,2005,73.909
Ecuador,2006,74.01
Ecuador,2007,74.226
Ecuador,2008,74.709
Ecuador,2009,74.901
Ecuador,2010,75.188
Ecuador,2011,75.179
Ecuador,2012,75.486
Ecuador,2013,75.832
Ecuador,2014,76.141
Ecuador,2015,76.222
Ecuador,2016,76.094
Ecuador,2017,76.22
Ecuador,2018,77.248
Ecuador,2019,77.286
Ecuador,2020,72.004
Ecuador,2021,72.746
Ecuador,2022,76.577
Ecuador,2023,77.392
Egypt,1950,33.95
Egypt,1951,35.283
Egypt,1952,36.597
Egypt,1953,37.869
Egypt,1954,39.058
Egypt,1955,40.154
Egypt,1956,41.015
Egypt,1957,42.05
Egypt,1958,42.888
Egypt,1959,43.682
Egypt,1960,44.436
Egypt,1961,45.146
Egypt,1962,45.844
Egypt,1963,46.493
Egypt,1964,47.075
Egypt,1965,47.577
Egypt,1966,47.988
Egypt,1967,48.13
Egypt,1968,48.602
Egypt,1969,48.7
Egypt,1970,49
Egypt,1971,49.48
Egypt,1972,49.908
Egypt,1973,50.098
Egypt,1974,51.044
Egypt,1975,51.734
Egypt,1976,52.484
Egypt,1977,53.272
Egypt,1978,54.075
Egypt,1979,54.876
Egypt,1980,55.673
Egypt,1981,56.454
Egypt,1982,57.219
Egypt,1983,57.967
Egypt,1984,58.697
Egypt,1985,59.405
Egypt,1986,60.085
Egypt,1987,60.736
Egypt,1988,61.358
Egypt,1989,61.949
Egypt,1990,62.513
Egypt,1991,63.059
Egypt,1992,63.585
Egypt,1993,64.147
Egypt,1994,64.663
Egypt,1995,65.214
Egypt,1996,65.733
Egypt,1997,66.207
Egypt,1998,66.635
Egypt,1999,67.01
Egypt,2000,67.332
Egypt,2001,67.612
Egypt,2002,67.846
Egypt,2003,68.045
Egypt,2004,68.211
Egypt,2005,68.355
Egypt,2006,68.493
Egypt,2007,68.627
Egypt,2008,68.761
Egypt,2009,68.915
Egypt,2010,69.078
Egypt,2011,69.232
Egypt,2012,69.464
Egypt,2013,69.632
Egypt,2014,69.911
Egypt,2015,70.135
Egypt,2016,70.437
Egypt,2017,70.709
Egypt,2018,70.974
Egypt,2019,71.213
Egypt,2020,69.79
Egypt,2021,68.976
Egypt,2022,71.01
Egypt,2023,71.633
El Salvador,1950,44.195
El Salvador,1951,43.81
El Salvador,1952,44.752
El Salvador,1953,44.989
El Salvador,1954,45.511
El Salvador,1955,46.033
El Salvador,1956,46.561
El Salvador,1957,47.117
El Salvador,1958,47.687
El Salvador,1959,47.971
El Salvador,1960,48.292
El Salvador,1961,48.633
El Salvador,1962,49.001
El Salvador,1963,49.38
El Salvador,1964,49.75
El Salvador,1965,50.208
El Salvador,1966,50.672
El Salvador,1967,50.844
El Salvador,1968,50.837
El Salvador,1969,51.279
El Salvador,1970,51.364
El Salvador,1971,51.665
El Salvador,1972,51.956
El Salvador,1973,52.782
El Salvador,1974,52.891
El Salvador,1975,53.422
El Salvador,1976,54.375
El Salvador,1977,54.047
El Salvador,1978,54.709
El Salvador,1979,53.805
El Salvador,1980,48.589
El Salvador,1981,50.889
El Salvador,1982,53.342
El Salvador,1983,54.373
El Salvador,1984,56.571
El Salvador,1985,58.031
El Salvador,1986,59.329
El Salvador,1987,59.402
El Salvador,1988,59.977
El Salvador,1989,61.254
El Salvador,1990,61.981
El Salvador,1991,62.542
El Salvador,1992,62.944
El Salvador,1993,63.998
El Salvador,1994,64.47
El Salvador,1995,64.903
El Salvador,1996,65.48
El Salvador,1997,66.248
El Salvador,1998,66.655
El Salvador,1999,67.285
El Salvador,2000,67.711
El Salvador,2001,67.965
El Salvador,2002,68.526
El Salvador,2003,68.792
El Salvador,2004,69.295
El Salvador,2005,69.336
El Salvador,2006,69.612
El Salvador,2007,69.82
El Salvador,2008,70.138
El Salvador,2009,70.359
El Salvador,2010,70.909
El Salvador,2011,71.192
El Salvador,2012,71.42
El Salvador,2013,71.225
El Salvador,2014,71.144
El Salvador,2015,70.952
El Salvador,2016,70.908
El Salvador,2017,71.007
El Salvador,2018,71.384
El Salvador,2019,71.725
El Salvador,2020,70.244
El Salvador,2021,69.941
El Salvador,2022,71.969
El Salvador,2023,72.099
Equatorial Guinea,1950,40.111
Equatorial Guinea,1951,40.371
Equatorial Guinea,1952,40.63
Equatorial Guinea,1953,40.889
Equatorial Guinea,1954,41.148
Equatorial Guinea,1955,41.41
Equatorial Guinea,1956,41.674
Equatorial Guinea,1957,41.939
Equatorial Guinea,1958,42.204
Equatorial Guinea,1959,42.475
Equatorial Guinea,1960,42.742
Equatorial Guinea,1961,43.008
Equatorial Guinea,1962,43.275
Equatorial Guinea,1963,43.54
Equatorial Guinea,1964,43.805
Equatorial Guinea,1965,44.069
Equatorial Guinea,1966,44.334
Equatorial Guinea,1967,44.595
Equatorial Guinea,1968,44.852
Equatorial Guinea,1969,31
Equatorial Guinea,1970,31.086
Equatorial Guinea,1971,37.229
Equatorial Guinea,1972,44.441
Equatorial Guinea,1973,44.658
Equatorial Guinea,1974,41.486
Equatorial Guinea,1975,37.32
Equatorial Guinea,1976,30.537
Equatorial Guinea,1977,42.008
Equatorial Guinea,1978,42.331
Equatorial Guinea,1979,43.033
Equatorial Guinea,1980,48.78
Equatorial Guinea,1981,49.107
Equatorial Guinea,1982,49.666
Equatorial Guinea,1983,50.046
Equatorial Guinea,1984,50.195
Equatorial Guinea,1985,50.599
Equatorial Guinea,1986,50.848
Equatorial Guinea,1987,50.99
Equatorial Guinea,1988,51.184
Equatorial Guinea,1989,51.292
Equatorial Guinea,1990,51.397
Equatorial Guinea,1991,51.497
Equatorial Guinea,1992,51.579
Equatorial Guinea,1993,51.671
Equatorial Guinea,1994,51.785
Equatorial Guinea,1995,51.926
Equatorial Guinea,1996,52.123
Equatorial Guinea,1997,52.365
Equatorial Guinea,1998,52.646
Equatorial Guinea,1999,53.001
Equatorial Guinea,2000,53.395
Equatorial Guinea,2001,53.827
Equatorial Guinea,2002,54.324
Equatorial Guinea,2003,54.791
Equatorial Guinea,2004,55.307
Equatorial Guinea,2005,55.766
Equatorial Guinea,2006,56.354
Equatorial Guinea,2007,56.857
Equatorial Guinea,2008,57.384
Equatorial Guinea,2009,57.881
Equatorial Guinea,2010,58.344
Equatorial Guinea,2011,58.827
Equatorial Guinea,2012,59.301
Equatorial Guinea,2013,59.784
Equatorial Guinea,2014,60.228
Equatorial Guinea,2015,60.635
Equatorial Guinea,2016,61.081
Equatorial Guinea,2017,61.481
Equatorial Guinea,2018,61.915
Equatorial Guinea,2019,62.297
Equatorial Guinea,2020,62.141
Equatorial Guinea,2021,62.447
Equatorial Guinea,2022,63.355
Equatorial Guinea,2023,63.707
Eritrea,1950,33.294
Eritrea,1951,33.638
Eritrea,1952,34.002
Eritrea,1953,34.376
Eritrea,1954,34.801
Eritrea,1955,35.177
Eritrea,1956,35.632
Eritrea,1957,30.398
Eritrea,1958,30.909
Eritrea,1959,36.969
Eritrea,1960,37.443
Eritrea,1961,37.912
Eritrea,1962,38.346
Eritrea,1963,38.833
Eritrea,1964,39.184
Eritrea,1965,39.576
Eritrea,1966,37.634
Eritrea,1967,40.151
Eritrea,1968,40.483
Eritrea,1969,40.792
Eritrea,1970,41.162
Eritrea,1971,41.527
Eritrea,1972,40.723
Eritrea,1973,41.131
Eritrea,1974,39.001
Eritrea,1975,39.031
Eritrea,1976,42.587
Eritrea,1977,42.984
Eritrea,1978,43.38
Eritrea,1979,43.78
Eritrea,1980,44.625
Eritrea,1981,44.974
Eritrea,1982,44.891
Eritrea,1983,37.173
Eritrea,1984,37.679
Eritrea,1985,38.586
Eritrea,1986,39.541
Eritrea,1987,47.363
Eritrea,1988,48.094
Eritrea,1989,47.802
Eritrea,1990,49.733
Eritrea,1991,50.516
Eritrea,1992,52.436
Eritrea,1993,53.189
Eritrea,1994,54.027
Eritrea,1995,54.822
Eritrea,1996,55.498
Eritrea,1997,56.155
Eritrea,1998,49.997
Eritrea,1999,44.506
Eritrea,2000,56.285
Eritrea,2001,58.359
Eritrea,2002,58.941
Eritrea,2003,59.455
Eritrea,2004,60.063
Eritrea,2005,60.628
Eritrea,2006,61.457
Eritrea,2007,61.998
Eritrea,2008,62.422
Eritrea,2009,63.203
Eritrea,2010,63.665
Eritrea,2011,64.231
Eritrea,2012,64.697
Eritrea,2013,65.005
Eritrea,2014,65.517
Eritrea,2015,65.909
Eritrea,2016,66.242
Eritrea,2017,66.612
Eritrea,2018,66.979
Eritrea,2019,67.306
Eritrea,2020,66.98
Eritrea,2021,66.94
Eritrea,2022,67.789
Eritrea,2023,68.624
Estonia,1950,66.362
Estonia,1951,66.75
Estonia,1952,67.153
Estonia,1953,67.498
Estonia,1954,67.832
Estonia,1955,68.17
Estonia,1956,68.492
Estonia,1957,68.775
Estonia,1958,68.751
Estonia,1959,68.673
Estonia,1960,69.335
Estonia,1961,69.641
Estonia,1962,69.845
Estonia,1963,69.885
Estonia,1964,70.648
Estonia,1965,70.715
Estonia,1966,70.665
Estonia,1967,70.984
Estonia,1968,70.609
Estonia,1969,70.273
Estonia,1970,70.399
Estonia,1971,70.596
Estonia,1972,70.382
Estonia,1973,70.693
Estonia,1974,70.809
Estonia,1975,70.121
Estonia,1976,69.739
Estonia,1977,69.826
Estonia,1978,69.658
Estonia,1979,69.405
Estonia,1980,69.467
Estonia,1981,69.336
Estonia,1982,69.863
Estonia,1983,69.787
Estonia,1984,69.638
Estonia,1985,69.774
Estonia,1986,70.907
Estonia,1987,70.922
Estonia,1988,70.971
Estonia,1989,70.498
Estonia,1990,69.917
Estonia,1991,69.795
Estonia,1992,69.159
Estonia,1993,68.222
Estonia,1994,66.744
Estonia,1995,67.814
Estonia,1996,70.031
Estonia,1997,70.244
Estonia,1998,69.84
Estonia,1999,70.681
Estonia,2000,71.014
Estonia,2001,70.834
Estonia,2002,71.364
Estonia,2003,71.923
Estonia,2004,72.375
Estonia,2005,73.028
Estonia,2006,73.2
Estonia,2007,73.153
Estonia,2008,74.279
Estonia,2009,75.152
Estonia,2010,75.882
Estonia,2011,76.346
Estonia,2012,76.416
Estonia,2013,77.252
Estonia,2014,77.11
Estonia,2015,77.665
Estonia,2016,77.763
Estonia,2017,78.181
Estonia,2018,78.334
Estonia,2019,78.773
Estonia,2020,78.893
Estonia,2021,77.409
Estonia,2022,78.167
Estonia,2023,79.153
Eswatini,1950,43.438
Eswatini,1951,43.74
Eswatini,1952,44.009
Eswatini,1953,44.284
Eswatini,1954,44.587
Eswatini,1955,44.848
Eswatini,1956,45.11
Eswatini,1957,45.432
Eswatini,1958,45.752
Eswatini,1959,46.09
Eswatini,1960,46.389
Eswatini,1961,46.75
Eswatini,1962,47.145
Eswatini,1963,47.471
Eswatini,1964,47.922
Eswatini,1965,48.431
Eswatini,1966,48.99
Eswatini,1967,49.526
Eswatini,1968,50.084
Eswatini,1969,50.641
Eswatini,1970,51.208
Eswatini,1971,51.779
Eswatini,1972,52.352
Eswatini,1973,52.99
Eswatini,1974,53.656
Eswatini,1975,54.399
Eswatini,1976,55.172
Eswatini,1977,55.973
Eswatini,1978,56.785
Eswatini,1979,57.536
Eswatini,1980,58.227
Eswatini,1981,58.788
Eswatini,1982,59.467
Eswatini,1983,58.418
Eswatini,1984,60.439
Eswatini,1985,61.165
Eswatini,1986,61.598
Eswatini,1987,61.899
Eswatini,1988,61.934
Eswatini,1989,61.669
Eswatini,1990,61.167
Eswatini,1991,60.392
Eswatini,1992,59.284
Eswatini,1993,58.092
Eswatini,1994,56.643
Eswatini,1995,55.08
Eswatini,1996,53.296
Eswatini,1997,51.699
Eswatini,1998,50.066
Eswatini,1999,48.808
Eswatini,2000,47.627
Eswatini,2001,46.344
Eswatini,2002,45.38
Eswatini,2003,44.632
Eswatini,2004,43.906
Eswatini,2005,43.958
Eswatini,2006,44.563
Eswatini,2007,45.16
Eswatini,2008,45.853
Eswatini,2009,46.913
Eswatini,2010,48.331
Eswatini,2011,49.057
Eswatini,2012,50.714
Eswatini,2013,52.11
Eswatini,2014,53.491
Eswatini,2015,54.941
Eswatini,2016,56.228
Eswatini,2017,57.574
Eswatini,2018,58.707
Eswatini,2019,59.85
Eswatini,2020,59.862
Eswatini,2021,58.228
Eswatini,2022,63.028
Eswatini,2023,64.123
Ethiopia,1950,35.512
Ethiopia,1951,35.864
Ethiopia,1952,36.222
Ethiopia,1953,36.559
Ethiopia,1954,36.957
Ethiopia,1955,37.32
Ethiopia,1956,37.785
Ethiopia,1957,32.173
Ethiopia,1958,32.628
Ethiopia,1959,39.168
Ethiopia,1960,39.615
Ethiopia,1961,40.198
Ethiopia,1962,40.531
Ethiopia,1963,40.967
Ethiopia,1964,41.261
Ethiopia,1965,41.413
Ethiopia,1966,39.343
Ethiopia,1967,41.941
Ethiopia,1968,42.092
Ethiopia,1969,42.131
Ethiopia,1970,42.115
Ethiopia,1971,42.216
Ethiopia,1972,41.035
Ethiopia,1973,41.103
Ethiopia,1974,39.083
Ethiopia,1975,38.941
Ethiopia,1976,41.32
Ethiopia,1977,41.397
Ethiopia,1978,41.506
Ethiopia,1979,42.376
Ethiopia,1980,42.815
Ethiopia,1981,43.084
Ethiopia,1982,43.434
Ethiopia,1983,36.319
Ethiopia,1984,36.737
Ethiopia,1985,37.747
Ethiopia,1986,38.371
Ethiopia,1987,45.892
Ethiopia,1988,45.682
Ethiopia,1989,45.644
Ethiopia,1990,45.117
Ethiopia,1991,46.657
Ethiopia,1992,47.279
Ethiopia,1993,47.676
Ethiopia,1994,47.926
Ethiopia,1995,48.156
Ethiopia,1996,48.697
Ethiopia,1997,49.21
Ethiopia,1998,49.785
Ethiopia,1999,49.486
Ethiopia,2000,50.88
Ethiopia,2001,51.428
Ethiopia,2002,52.085
Ethiopia,2003,52.877
Ethiopia,2004,53.735
Ethiopia,2005,54.364
Ethiopia,2006,55.402
Ethiopia,2007,56.566
Ethiopia,2008,57.733
Ethiopia,2009,58.715
Ethiopia,2010,59.709
Ethiopia,2011,60.595
Ethiopia,2012,61.443
Ethiopia,2013,62.161
Ethiopia,2014,62.927
Ethiopia,2015,63.592
Ethiopia,2016,64.162
Ethiopia,2017,64.766
Ethiopia,2018,65.257
Ethiopia,2019,65.741
Ethiopia,2020,65.969
Ethiopia,2021,65.33
Ethiopia,2022,66.897
Ethiopia,2023,67.315
Europe (UN),1950,61.96
Europe (UN),1951,61.889
Europe (UN),1952,63.287
Europe (UN),1953,64.054
Europe (UN),1954,64.876
Europe (UN),1955,65.648
Europe (UN),1956,66.8
Europe (UN),1957,66.982
Europe (UN),1958,68.039
Europe (UN),1959,68.26
Europe (UN),1960,68.712
Europe (UN),1961,69.171
Europe (UN),1962,69.144
Europe (UN),1963,69.393
Europe (UN),1964,70.025
Europe (UN),1965,70.037
Europe (UN),1966,70.235
Europe (UN),1967,70.316
Europe (UN),1968,70.149
Europe (UN),1969,69.956
Europe (UN),1970,70.286
Europe (UN),1971,70.468
Europe (UN),1972,70.686
Europe (UN),1973,70.8
Europe (UN),1974,70.959
Europe (UN),1975,70.872
Europe (UN),1976,70.958
Europe (UN),1977,71.159
Europe (UN),1978,71.191
Europe (UN),1979,71.28
Europe (UN),1980,71.342
Europe (UN),1981,71.55
Europe (UN),1982,71.873
Europe (UN),1983,71.87
Europe (UN),1984,72.01
Europe (UN),1985,72.229
Europe (UN),1986,72.831
Europe (UN),1987,73.08
Europe (UN),1988,73.154
Europe (UN),1989,73.204
Europe (UN),1990,73.123
Europe (UN),1991,73.086
Europe (UN),1992,72.763
Europe (UN),1993,72.108
Europe (UN),1994,72.039
Europe (UN),1995,72.181
Europe (UN),1996,72.74
Europe (UN),1997,73.299
Europe (UN),1998,73.555
Europe (UN),1999,73.319
Europe (UN),2000,73.442
Europe (UN),2001,73.619
Europe (UN),2002,73.626
Europe (UN),2003,73.676
Europe (UN),2004,74.15
Europe (UN),2005,74.287
Europe (UN),2006,74.903
Europe (UN),2007,75.308
Europe (UN),2008,75.609
Europe (UN),2009,76.059
Europe (UN),2010,76.203
Europe (UN),2011,76.87
Europe (UN),2012,77.061
Europe (UN),2013,77.412
Europe (UN),2014,77.675
Europe (UN),2015,77.777
Europe (UN),2016,78.171
Europe (UN),2017,78.461
Europe (UN),2018,78.528
Europe (UN),2019,78.759
Europe (UN),2020,77.651
Europe (UN),2021,77.036
Europe (UN),2022,78.183
Europe (UN),2023,79.059
Falkland Islands,1950,49.481
Falkland Islands,1951,49.682
Falkland Islands,1952,49.889
Falkland Islands,1953,50.321
Falkland Islands,1954,50.862
Falkland Islands,1955,51.331
Falkland Islands,1956,51.809
Falkland Islands,1957,52.294
Falkland Islands,1958,52.778
Falkland Islands,1959,53.19
Falkland Islands,1960,53.539
Falkland Islands,1961,53.8
Falkland Islands,1962,54.043
Falkland Islands,1963,54.185
Falkland Islands,1964,54.334
Falkland Islands,1965,54.53
Falkland Islands,1966,54.716
Falkland Islands,1967,54.847
Falkland Islands,1968,55.013
Falkland Islands,1969,55.221
Falkland Islands,1970,55.379
Falkland Islands,1971,55.587
Falkland Islands,1972,55.801
Falkland Islands,1973,55.987
Falkland Islands,1974,56.094
Falkland Islands,1975,56.178
Falkland Islands,1976,56.107
Falkland Islands,1977,55.838
Falkland Islands,1978,55.361
Falkland Islands,1979,54.732
Falkland Islands,1980,53.936
Falkland Islands,1981,53.116
Falkland Islands,1982,52.389
Falkland Islands,1983,51.796
Falkland Islands,1984,51.378
Falkland Islands,1985,51.165
Falkland Islands,1986,51.154
Falkland Islands,1987,51.337
Falkland Islands,1988,51.697
Falkland Islands,1989,52.358
Falkland Islands,1990,53.336
Falkland Islands,1991,54.617
Falkland Islands,1992,56.283
Falkland Islands,1993,58.176
Falkland Islands,1994,60.23
Falkland Islands,1995,62.361
Falkland Islands,1996,64.436
Falkland Islands,1997,66.387
Falkland Islands,1998,68.161
Falkland Islands,1999,69.772
Falkland Islands,2000,71.133
Falkland Islands,2001,72.266
Falkland Islands,2002,73.243
Falkland Islands,2003,74.034
Falkland Islands,2004,74.701
Falkland Islands,2005,75.341
Falkland Islands,2006,75.941
Falkland Islands,2007,76.49
Falkland Islands,2008,76.952
Falkland Islands,2009,77.394
Falkland Islands,2010,77.728
Falkland Islands,2011,77.98
Falkland Islands,2012,78.191
Falkland Islands,2013,78.295
Falkland Islands,2014,78.355
Falkland Islands,2015,78.43
Falkland Islands,2016,78.483
Falkland Islands,2017,78.511
Falkland Islands,2018,78.558
Falkland Islands,2019,78.613
Falkland Islands,2020,78.775
Falkland Islands,2021,78.988
Falkland Islands,2022,79.045
Falkland Islands,2023,79.213
Faroe Islands,1950,60.569
Faroe Islands,1951,61.666
Faroe Islands,1952,62.714
Faroe Islands,1953,63.903
Faroe Islands,1954,65.178
Faroe Islands,1955,66.578
Faroe Islands,1956,67.979
Faroe Islands,1957,69.282
Faroe Islands,1958,70.364
Faroe Islands,1959,71.3
Faroe Islands,1960,72.018
Faroe Islands,1961,72.616
Faroe Islands,1962,73.067
Faroe Islands,1963,73.432
Faroe Islands,1964,73.721
Faroe Islands,1965,73.961
Faroe Islands,1966,74.163
Faroe Islands,1967,74.35
Faroe Islands,1968,74.553
Faroe Islands,1969,74.71
Faroe Islands,1970,74.849
Faroe Islands,1971,74.993
Faroe Islands,1972,75.085
Faroe Islands,1973,75.198
Faroe Islands,1974,75.243
Faroe Islands,1975,75.323
Faroe Islands,1976,75.399
Faroe Islands,1977,75.522
Faroe Islands,1978,75.615
Faroe Islands,1979,75.667
Faroe Islands,1980,75.751
Faroe Islands,1981,75.831
Faroe Islands,1982,75.884
Faroe Islands,1983,75.926
Faroe Islands,1984,75.976
Faroe Islands,1985,76.049
Faroe Islands,1986,76.162
Faroe Islands,1987,76.306
Faroe Islands,1988,76.486
Faroe Islands,1989,76.701
Faroe Islands,1990,76.894
Faroe Islands,1991,77.088
Faroe Islands,1992,77.267
Faroe Islands,1993,77.406
Faroe Islands,1994,77.542
Faroe Islands,1995,77.658
Faroe Islands,1996,77.764
Faroe Islands,1997,77.898
Faroe Islands,1998,78.023
Faroe Islands,1999,78.148
Faroe Islands,2000,78.251
Faroe Islands,2001,78.325
Faroe Islands,2002,78.366
Faroe Islands,2003,78.386
Faroe Islands,2004,78.376
Faroe Islands,2005,78.365
Faroe Islands,2006,78.389
Faroe Islands,2007,78.439
Faroe Islands,2008,78.518
Faroe Islands,2009,78.62
Faroe Islands,2010,78.731
Faroe Islands,2011,78.89
Faroe Islands,2012,79.022
Faroe Islands,2013,79.154
Faroe Islands,2014,79.3
Faroe Islands,2015,79.426
Faroe Islands,2016,79.575
Faroe Islands,2017,79.694
Faroe Islands,2018,79.812
Faroe Islands,2019,79.906
Faroe Islands,2020,79.982
Faroe Islands,2021,79.792
Faroe Islands,2022,79.264
Faroe Islands,2023,80.179
Fiji,1950,51.708
Fiji,1951,52.203
Fiji,1952,52.602
Fiji,1953,53.354
Fiji,1954,54.214
Fiji,1955,55.306
Fiji,1956,56.158
Fiji,1957,57.069
Fiji,1958,57.828
Fiji,1959,58.159
Fiji,1960,58.602
Fiji,1961,59.102
Fiji,1962,59.654
Fiji,1963,60.155
Fiji,1964,60.714
Fiji,1965,61.413
Fiji,1966,61.565
Fiji,1967,61.442
Fiji,1968,61.719
Fiji,1969,61.397
Fiji,1970,61.652
Fiji,1971,61.74
Fiji,1972,61.63
Fiji,1973,60.649
Fiji,1974,61.194
Fiji,1975,61.689
Fiji,1976,62.1
Fiji,1977,62.691
Fiji,1978,63.065
Fiji,1979,62.305
Fiji,1980,62.406
Fiji,1981,62.255
Fiji,1982,62.195
Fiji,1983,62.916
Fiji,1984,63.238
Fiji,1985,63.998
Fiji,1986,63.961
Fiji,1987,64.278
Fiji,1988,64.951
Fiji,1989,65.386
Fiji,1990,65.056
Fiji,1991,65.457
Fiji,1992,65.407
Fiji,1993,65.51
Fiji,1994,65.796
Fiji,1995,66.007
Fiji,1996,66.202
Fiji,1997,66.293
Fiji,1998,66.536
Fiji,1999,66.728
Fiji,2000,66.194
Fiji,2001,66.205
Fiji,2002,65.492
Fiji,2003,65.653
Fiji,2004,65.841
Fiji,2005,65.983
Fiji,2006,66.126
Fiji,2007,66.161
Fiji,2008,66.32
Fiji,2009,66.347
Fiji,2010,66.778
Fiji,2011,66.88
Fiji,2012,65.812
Fiji,2013,66.545
Fiji,2014,66.581
Fiji,2015,66.48
Fiji,2016,66.657
Fiji,2017,67.06
Fiji,2018,66.965
Fiji,2019,67.009
Fiji,2020,66.924
Fiji,2021,64.904
Fiji,2022,67.148
Fiji,2023,67.316
Finland,1950,64.201
Finland,1951,65.635
Finland,1952,66.524
Finland,1953,66.6
Finland,1954,67.547
Finland,1955,67.341
Finland,1956,67.985
Finland,1957,67.451
Finland,1958,68.614
Finland,1959,68.795
Finland,1960,68.993
Finland,1961,69.011
Finland,1962,68.742
Finland,1963,69.179
Finland,1964,69.379
Finland,1965,69.127
Finland,1966,69.644
Finland,1967,69.817
Finland,1968,69.783
Finland,1969,69.648
Finland,1970,70.325
Finland,1971,70.147
Finland,1972,70.867
Finland,1973,71.367
Finland,1974,71.293
Finland,1975,71.838
Finland,1976,71.989
Finland,1977,72.513
Finland,1978,73.08
Finland,1979,73.36
Finland,1980,73.649
Finland,1981,73.965
Finland,1982,74.53
Finland,1983,74.437
Finland,1984,74.743
Finland,1985,74.424
Finland,1986,74.766
Finland,1987,74.799
Finland,1988,74.765
Finland,1989,74.969
Finland,1990,74.989
Finland,1991,75.407
Finland,1992,75.647
Finland,1993,75.885
Finland,1994,76.575
Finland,1995,76.604
Finland,1996,76.87
Finland,1997,77.064
Finland,1998,77.259
Finland,1999,77.451
Finland,2000,77.671
Finland,2001,78.142
Finland,2002,78.27
Finland,2003,78.533
Finland,2004,78.846
Finland,2005,78.971
Finland,2006,79.373
Finland,2007,79.391
Finland,2008,79.695
Finland,2009,79.831
Finland,2010,80.012
Finland,2011,80.392
Finland,2012,80.508
Finland,2013,80.869
Finland,2014,81.055
Finland,2015,81.377
Finland,2016,81.303
Finland,2017,81.497
Finland,2018,81.626
Finland,2019,81.864
Finland,2020,81.822
Finland,2021,81.814
Finland,2022,81.243
Finland,2023,81.91
France,1950,66.382
France,1951,66.097
France,1952,67.391
France,1953,67.319
France,1954,68.188
France,1955,68.444
France,1956,68.465
France,1957,68.897
France,1958,70.107
France,1959,70.168
France,1960,70.368
France,1961,70.958
France,1962,70.47
France,1963,70.32
France,1964,71.28
France,1965,71.107
France,1966,71.514
France,1967,71.498
France,1968,71.486
France,1969,71.206
France,1970,72.091
France,1971,72.073
France,1972,72.313
France,1973,72.476
France,1974,72.804
France,1975,72.9
France,1976,73.122
France,1977,73.728
France,1978,73.844
France,1979,74.125
France,1980,74.234
France,1981,74.397
France,1982,74.766
France,1983,74.734
France,1984,75.218
France,1985,75.309
France,1986,75.578
France,1987,76.147
France,1988,76.398
France,1989,76.543
France,1990,76.835
France,1991,77.016
France,1992,77.297
France,1993,77.349
France,1994,77.768
France,1995,77.871
France,1996,78.061
France,1997,78.425
France,1998,78.588
France,1999,78.746
France,2000,79.044
France,2001,79.221
France,2002,79.411
France,2003,79.419
France,2004,80.336
France,2005,80.337
France,2006,80.745
France,2007,80.96
France,2008,81.039
France,2009,81.163
France,2010,81.405
France,2011,81.781
France,2012,81.739
France,2013,81.979
France,2014,82.437
France,2015,82.149
France,2016,82.401
France,2017,82.439
France,2018,82.568
France,2019,82.73
France,2020,82.199
France,2021,82.322
France,2022,82.475
France,2023,83.325
French Guiana,1950,47.737
French Guiana,1951,48.424
French Guiana,1952,48.989
French Guiana,1953,49.538
French Guiana,1954,50.098
French Guiana,1955,50.743
French Guiana,1956,51.551
French Guiana,1957,52.555
French Guiana,1958,53.636
French Guiana,1959,54.743
French Guiana,1960,55.816
French Guiana,1961,56.892
French Guiana,1962,57.92
French Guiana,1963,58.86
French Guiana,1964,59.74
French Guiana,1965,60.548
French Guiana,1966,61.272
French Guiana,1967,61.891
French Guiana,1968,62.414
French Guiana,1969,62.878
French Guiana,1970,63.274
French Guiana,1971,63.655
French Guiana,1972,64.04
French Guiana,1973,64.412
French Guiana,1974,64.738
French Guiana,1975,65.023
French Guiana,1976,65.252
French Guiana,1977,65.549
French Guiana,1978,66.006
French Guiana,1979,66.563
French Guiana,1980,67.135
French Guiana,1981,67.647
French Guiana,1982,68.13
French Guiana,1983,68.592
French Guiana,1984,69.015
French Guiana,1985,69.388
French Guiana,1986,69.717
French Guiana,1987,70.045
French Guiana,1988,70.359
French Guiana,1989,70.634
French Guiana,1990,70.851
French Guiana,1991,71.042
French Guiana,1992,71.242
French Guiana,1993,71.46
French Guiana,1994,71.691
French Guiana,1995,71.918
French Guiana,1996,72.126
French Guiana,1997,72.219
French Guiana,1998,72.492
French Guiana,1999,72.72
French Guiana,2000,72.965
French Guiana,2001,73.323
French Guiana,2002,73.493
French Guiana,2003,73.578
French Guiana,2004,73.804
French Guiana,2005,74.134
French Guiana,2006,74.565
French Guiana,2007,74.952
French Guiana,2008,75.365
French Guiana,2009,75.635
French Guiana,2010,75.852
French Guiana,2011,76.017
French Guiana,2012,76.217
French Guiana,2013,76.459
French Guiana,2014,76.677
French Guiana,2015,76.631
French Guiana,2016,76.652
French Guiana,2017,76.799
French Guiana,2018,77.238
French Guiana,2019,76.571
French Guiana,2020,77.507
French Guiana,2021,74.195
French Guiana,2022,76.794
French Guiana,2023,76.978
French Polynesia,1950,51.859
French Polynesia,1951,52.843
French Polynesia,1952,53.775
French Polynesia,1953,54.724
French Polynesia,1954,55.585
French Polynesia,1955,56.396
French Polynesia,1956,57.181
French Polynesia,1957,57.855
French Polynesia,1958,58.425
French Polynesia,1959,58.967
French Polynesia,1960,59.445
French Polynesia,1961,59.85
French Polynesia,1962,60.201
French Polynesia,1963,60.514
French Polynesia,1964,60.797
French Polynesia,1965,61.069
French Polynesia,1966,61.353
French Polynesia,1967,61.645
French Polynesia,1968,61.931
French Polynesia,1969,62.214
French Polynesia,1970,62.495
French Polynesia,1971,62.782
French Polynesia,1972,63.082
French Polynesia,1973,63.401
French Polynesia,1974,63.778
French Polynesia,1975,64.249
French Polynesia,1976,64.761
French Polynesia,1977,65.31
French Polynesia,1978,65.891
French Polynesia,1979,66.612
French Polynesia,1980,67.405
French Polynesia,1981,68.157
French Polynesia,1982,68.922
French Polynesia,1983,69.702
French Polynesia,1984,70.559
French Polynesia,1985,71.203
French Polynesia,1986,71.967
French Polynesia,1987,72.448
French Polynesia,1988,73.088
French Polynesia,1989,73.494
French Polynesia,1990,73.908
French Polynesia,1991,74.295
French Polynesia,1992,74.746
French Polynesia,1993,75.191
French Polynesia,1994,75.65
French Polynesia,1995,76.243
French Polynesia,1996,76.813
French Polynesia,1997,77.38
French Polynesia,1998,77.842
French Polynesia,1999,78.574
French Polynesia,2000,79
French Polynesia,2001,79.316
French Polynesia,2002,79.544
French Polynesia,2003,79.71
French Polynesia,2004,79.829
French Polynesia,2005,79.951
French Polynesia,2006,80.1
French Polynesia,2007,80.328
French Polynesia,2008,80.587
French Polynesia,2009,80.867
French Polynesia,2010,81.141
French Polynesia,2011,81.434
French Polynesia,2012,81.695
French Polynesia,2013,81.935
French Polynesia,2014,82.151
French Polynesia,2015,82.339
French Polynesia,2016,82.555
French Polynesia,2017,82.774
French Polynesia,2018,82.985
French Polynesia,2019,83.195
French Polynesia,2020,82.459
French Polynesia,2021,79.571
French Polynesia,2022,83.859
French Polynesia,2023,84.07
Gabon,1950,39.268
Gabon,1951,39.978
Gabon,1952,40.737
Gabon,1953,41.483
Gabon,1954,42.189
Gabon,1955,42.946
Gabon,1956,43.655
Gabon,1957,44.363
Gabon,1958,45.063
Gabon,1959,45.756
Gabon,1960,46.443
Gabon,1961,47.115
Gabon,1962,47.777
Gabon,1963,48.425
Gabon,1964,48.994
Gabon,1965,49.71
Gabon,1966,50.322
Gabon,1967,50.928
Gabon,1968,51.545
Gabon,1969,52.127
Gabon,1970,52.697
Gabon,1971,53.259
Gabon,1972,53.811
Gabon,1973,54.352
Gabon,1974,54.911
Gabon,1975,55.455
Gabon,1976,55.97
Gabon,1977,56.467
Gabon,1978,56.954
Gabon,1979,57.438
Gabon,1980,57.893
Gabon,1981,58.332
Gabon,1982,58.644
Gabon,1983,58.994
Gabon,1984,59.34
Gabon,1985,59.665
Gabon,1986,59.956
Gabon,1987,60.2
Gabon,1988,60.398
Gabon,1989,60.584
Gabon,1990,60.736
Gabon,1991,60.891
Gabon,1992,61.013
Gabon,1993,61.125
Gabon,1994,61.183
Gabon,1995,61.27
Gabon,1996,61.265
Gabon,1997,61.395
Gabon,1998,61.506
Gabon,1999,61.658
Gabon,2000,61.81
Gabon,2001,61.982
Gabon,2002,62.175
Gabon,2003,62.463
Gabon,2004,62.694
Gabon,2005,62.978
Gabon,2006,63.259
Gabon,2007,63.619
Gabon,2008,64.011
Gabon,2009,64.361
Gabon,2010,64.715
Gabon,2011,65.102
Gabon,2012,65.438
Gabon,2013,65.751
Gabon,2014,66.07
Gabon,2015,66.336
Gabon,2016,66.583
Gabon,2017,66.816
Gabon,2018,67.043
Gabon,2019,67.337
Gabon,2020,67.073
Gabon,2021,67.072
Gabon,2022,67.713
Gabon,2023,68.337
Gambia,1950,31.156
Gambia,1951,31.451
Gambia,1952,31.709
Gambia,1953,31.917
Gambia,1954,32.178
Gambia,1955,32.411
Gambia,1956,32.756
Gambia,1957,33.115
Gambia,1958,33.61
Gambia,1959,34.085
Gambia,1960,34.574
Gambia,1961,35.063
Gambia,1962,35.599
Gambia,1963,36.086
Gambia,1964,36.579
Gambia,1965,37.12
Gambia,1966,37.559
Gambia,1967,38.063
Gambia,1968,38.533
Gambia,1969,39.004
Gambia,1970,39.532
Gambia,1971,40.048
Gambia,1972,40.549
Gambia,1973,41.088
Gambia,1974,41.676
Gambia,1975,42.192
Gambia,1976,42.876
Gambia,1977,43.366
Gambia,1978,43.573
Gambia,1979,44.517
Gambia,1980,44.977
Gambia,1981,44.489
Gambia,1982,46.25
Gambia,1983,46.892
Gambia,1984,47.513
Gambia,1985,48.151
Gambia,1986,48.798
Gambia,1987,49.392
Gambia,1988,50.146
Gambia,1989,50.725
Gambia,1990,51.278
Gambia,1991,51.857
Gambia,1992,52.477
Gambia,1993,53.15
Gambia,1994,53.768
Gambia,1995,54.292
Gambia,1996,54.849
Gambia,1997,55.225
Gambia,1998,56.007
Gambia,1999,56.466
Gambia,2000,56.899
Gambia,2001,57.283
Gambia,2002,57.736
Gambia,2003,58.223
Gambia,2004,58.749
Gambia,2005,59.11
Gambia,2006,59.667
Gambia,2007,60.001
Gambia,2008,60.473
Gambia,2009,60.735
Gambia,2010,61.167
Gambia,2011,61.561
Gambia,2012,61.9
Gambia,2013,62.252
Gambia,2014,62.576
Gambia,2015,62.971
Gambia,2016,63.386
Gambia,2017,63.708
Gambia,2018,64.034
Gambia,2019,64.427
Gambia,2020,64.418
Gambia,2021,63.847
Gambia,2022,64.859
Gambia,2023,65.86
Georgia,1950,57.711
Georgia,1951,58.049
Georgia,1952,58.404
Georgia,1953,58.767
Georgia,1954,59.124
Georgia,1955,59.478
Georgia,1956,59.85
Georgia,1957,60.244
Georgia,1958,60.602
Georgia,1959,60.994
Georgia,1960,61.347
Georgia,1961,61.72
Georgia,1962,62.078
Georgia,1963,62.457
Georgia,1964,62.818
Georgia,1965,63.097
Georgia,1966,63.397
Georgia,1967,63.772
Georgia,1968,64.139
Georgia,1969,64.509
Georgia,1970,64.869
Georgia,1971,65.189
Georgia,1972,65.516
Georgia,1973,65.851
Georgia,1974,66.18
Georgia,1975,66.512
Georgia,1976,66.894
Georgia,1977,67.246
Georgia,1978,67.597
Georgia,1979,67.942
Georgia,1980,68.273
Georgia,1981,68.741
Georgia,1982,69.109
Georgia,1983,69.135
Georgia,1984,68.795
Georgia,1985,69.006
Georgia,1986,69.225
Georgia,1987,69.219
Georgia,1988,68.825
Georgia,1989,68.635
Georgia,1990,68.679
Georgia,1991,68.202
Georgia,1992,67.78
Georgia,1993,67.405
Georgia,1994,68.669
Georgia,1995,69.398
Georgia,1996,70.637
Georgia,1997,69.683
Georgia,1998,69.787
Georgia,1999,70.012
Georgia,2000,70.091
Georgia,2001,70.371
Georgia,2002,70.438
Georgia,2003,71.377
Georgia,2004,71.011
Georgia,2005,70.689
Georgia,2006,70.983
Georgia,2007,70.985
Georgia,2008,70.949
Georgia,2009,71.058
Georgia,2010,71.732
Georgia,2011,72.485
Georgia,2012,72.672
Georgia,2013,73.025
Georgia,2014,73.105
Georgia,2015,73.241
Georgia,2016,73.136
Georgia,2017,73.435
Georgia,2018,73.985
Georgia,2019,74.165
Georgia,2020,73.509
Georgia,2021,71.635
Georgia,2022,74.141
Georgia,2023,74.496
Germany,1950,66.811
Germany,1951,67.142
Germany,1952,67.459
Germany,1953,67.765
Germany,1954,68.058
Germany,1955,68.341
Germany,1956,68.585
Germany,1957,68.499
Germany,1958,69.233
Germany,1959,69.335
Germany,1960,69.251
Germany,1961,69.837
Germany,1962,69.999
Germany,1963,70.117
Germany,1964,70.649
Germany,1965,70.625
Germany,1966,70.741
Germany,1967,70.958
Germany,1968,70.608
Germany,1969,70.458
Germany,1970,70.678
Germany,1971,70.912
Germany,1972,71.148
Germany,1973,71.362
Germany,1974,71.678
Germany,1975,71.516
Germany,1976,71.979
Germany,1977,72.59
Germany,1978,72.57
Germany,1979,72.918
Germany,1980,73.088
Germany,1981,73.331
Germany,1982,73.628
Germany,1983,73.918
Germany,1984,74.38
Germany,1985,74.492
Germany,1986,74.695
Germany,1987,75.107
Germany,1988,75.281
Germany,1989,75.467
Germany,1990,75.341
Germany,1991,75.56
Germany,1992,76.004
Germany,1993,76.08
Germany,1994,76.38
Germany,1995,76.552
Germany,1996,76.783
Germany,1997,77.218
Germany,1998,77.576
Germany,1999,77.798
Germany,2000,78.056
Germany,2001,78.402
Germany,2002,78.475
Germany,2003,78.536
Germany,2004,79.119
Germany,2005,79.254
Germany,2006,79.586
Germany,2007,79.731
Germany,2008,79.816
Germany,2009,79.915
Germany,2010,80.081
Germany,2011,80.355
Germany,2012,80.502
Germany,2013,80.454
Germany,2014,80.906
Germany,2015,80.566
Germany,2016,80.837
Germany,2017,80.937
Germany,2018,80.875
Germany,2019,81.189
Germany,2020,81.004
Germany,2021,81.106
Germany,2022,80.58
Germany,2023,81.378
Ghana,1950,43.072
Ghana,1951,43.594
Ghana,1952,44.037
Ghana,1953,44.506
Ghana,1954,44.987
Ghana,1955,45.373
Ghana,1956,45.748
Ghana,1957,46.131
Ghana,1958,46.403
Ghana,1959,46.709
Ghana,1960,46.942
Ghana,1961,47.127
Ghana,1962,47.335
Ghana,1963,47.476
Ghana,1964,47.637
Ghana,1965,47.689
Ghana,1966,47.708
Ghana,1967,47.734
Ghana,1968,47.758
Ghana,1969,47.895
Ghana,1970,47.888
Ghana,1971,47.949
Ghana,1972,48.274
Ghana,1973,48.577
Ghana,1974,48.918
Ghana,1975,49.323
Ghana,1976,49.732
Ghana,1977,50.079
Ghana,1978,50.461
Ghana,1979,50.787
Ghana,1980,51.059
Ghana,1981,51.313
Ghana,1982,51.425
Ghana,1983,51.78
Ghana,1984,52.232
Ghana,1985,52.732
Ghana,1986,53.276
Ghana,1987,53.818
Ghana,1988,54.396
Ghana,1989,54.936
Ghana,1990,55.395
Ghana,1991,55.722
Ghana,1992,56.055
Ghana,1993,56.286
Ghana,1994,56.234
Ghana,1995,56.662
Ghana,1996,56.957
Ghana,1997,57.241
Ghana,1998,57.525
Ghana,1999,57.835
Ghana,2000,58.139
Ghana,2001,58.403
Ghana,2002,58.709
Ghana,2003,59.014
Ghana,2004,59.316
Ghana,2005,59.638
Ghana,2006,59.975
Ghana,2007,60.282
Ghana,2008,60.578
Ghana,2009,60.928
Ghana,2010,61.297
Ghana,2011,61.617
Ghana,2012,61.995
Ghana,2013,62.397
Ghana,2014,62.832
Ghana,2015,63.175
Ghana,2016,63.522
Ghana,2017,63.829
Ghana,2018,64.138
Ghana,2019,64.455
Ghana,2020,64.309
Ghana,2021,64.286
Ghana,2022,65.246
Ghana,2023,65.498
Gibraltar,1950,65.104
Gibraltar,1951,65.286
Gibraltar,1952,65.636
Gibraltar,1953,66.18
Gibraltar,1954,66.839
Gibraltar,1955,67.692
Gibraltar,1956,68.514
Gibraltar,1957,69.114
Gibraltar,1958,69.711
Gibraltar,1959,70.109
Gibraltar,1960,70.209
Gibraltar,1961,70.165
Gibraltar,1962,70.174
Gibraltar,1963,70.249
Gibraltar,1964,70.438
Gibraltar,1965,70.755
Gibraltar,1966,71.178
Gibraltar,1967,71.54
Gibraltar,1968,71.709
Gibraltar,1969,71.812
Gibraltar,1970,71.888
Gibraltar,1971,72.103
Gibraltar,1972,72.356
Gibraltar,1973,72.707
Gibraltar,1974,73.053
Gibraltar,1975,73.322
Gibraltar,1976,73.443
Gibraltar,1977,73.479
Gibraltar,1978,73.512
Gibraltar,1979,73.585
Gibraltar,1980,73.755
Gibraltar,1981,73.999
Gibraltar,1982,74.325
Gibraltar,1983,74.613
Gibraltar,1984,74.935
Gibraltar,1985,75.232
Gibraltar,1986,75.557
Gibraltar,1987,75.871
Gibraltar,1988,76.18
Gibraltar,1989,76.474
Gibraltar,1990,76.814
Gibraltar,1991,77.118
Gibraltar,1992,77.412
Gibraltar,1993,77.722
Gibraltar,1994,78.052
Gibraltar,1995,78.345
Gibraltar,1996,78.696
Gibraltar,1997,79.097
Gibraltar,1998,79.477
Gibraltar,1999,79.812
Gibraltar,2000,80.145
Gibraltar,2001,80.419
Gibraltar,2002,80.59
Gibraltar,2003,80.713
Gibraltar,2004,80.856
Gibraltar,2005,80.991
Gibraltar,2006,81.103
Gibraltar,2007,81.269
Gibraltar,2008,81.541
Gibraltar,2009,81.807
Gibraltar,2010,82.08
Gibraltar,2011,82.333
Gibraltar,2012,82.527
Gibraltar,2013,82.586
Gibraltar,2014,82.644
Gibraltar,2015,82.668
Gibraltar,2016,82.741
Gibraltar,2017,82.858
Gibraltar,2018,83.028
Gibraltar,2019,83.183
Gibraltar,2020,83.07
Gibraltar,2021,80.274
Gibraltar,2022,83.517
Gibraltar,2023,83.553
Greece,1950,66.213
Greece,1951,66.735
Greece,1952,67.323
Greece,1953,67.468
Greece,1954,68.046
Greece,1955,68.593
Greece,1956,68.122
Greece,1957,68.397
Greece,1958,69.707
Greece,1959,69.578
Greece,1960,70.524
Greece,1961,70.385
Greece,1962,70.314
Greece,1963,70.647
Greece,1964,70.531
Greece,1965,71.461
Greece,1966,71.859
Greece,1967,71.389
Greece,1968,71.466
Greece,1969,72.06
Greece,1970,72.748
Greece,1971,72.939
Greece,1972,72.724
Greece,1973,72.976
Greece,1974,73.472
Greece,1975,73.473
Greece,1976,73.748
Greece,1977,73.751
Greece,1978,74.441
Greece,1979,74.671
Greece,1980,74.481
Greece,1981,74.909
Greece,1982,75.208
Greece,1983,75.497
Greece,1984,75.785
Greece,1985,76.14
Greece,1986,76.536
Greece,1987,76.105
Greece,1988,77.001
Greece,1989,77.133
Greece,1990,77.299
Greece,1991,77.386
Greece,1992,77.306
Greece,1993,77.691
Greece,1994,77.858
Greece,1995,77.893
Greece,1996,78.036
Greece,1997,78.399
Greece,1998,78.303
Greece,1999,78.423
Greece,2000,78.442
Greece,2001,78.909
Greece,2002,79.031
Greece,2003,79.085
Greece,2004,79.35
Greece,2005,79.65
Greece,2006,79.76
Greece,2007,79.662
Greece,2008,80.105
Greece,2009,80.368
Greece,2010,80.573
Greece,2011,80.625
Greece,2012,80.422
Greece,2013,81.067
Greece,2014,81.12
Greece,2015,80.789
Greece,2016,81.269
Greece,2017,80.961
Greece,2018,81.495
Greece,2019,81.349
Greece,2020,81.536
Greece,2021,80.531
Greece,2022,79.944
Greece,2023,81.857
Greenland,1950,39.503
Greenland,1951,41.085
Greenland,1952,42.848
Greenland,1953,44.654
Greenland,1954,46.651
Greenland,1955,48.795
Greenland,1956,51.104
Greenland,1957,53.531
Greenland,1958,55.559
Greenland,1959,57.249
Greenland,1960,58.546
Greenland,1961,59.386
Greenland,1962,59.919
Greenland,1963,60.281
Greenland,1964,60.694
Greenland,1965,61.224
Greenland,1966,61.651
Greenland,1967,62.223
Greenland,1968,62.66
Greenland,1969,63.033
Greenland,1970,63.03
Greenland,1971,62.973
Greenland,1972,62.734
Greenland,1973,62.394
Greenland,1974,61.964
Greenland,1975,61.746
Greenland,1976,61.672
Greenland,1977,61.651
Greenland,1978,61.767
Greenland,1979,61.98
Greenland,1980,62.16
Greenland,1981,62.331
Greenland,1982,62.507
Greenland,1983,62.643
Greenland,1984,62.746
Greenland,1985,62.824
Greenland,1986,62.871
Greenland,1987,62.914
Greenland,1988,62.985
Greenland,1989,63.094
Greenland,1990,63.24
Greenland,1991,63.514
Greenland,1992,63.792
Greenland,1993,64.079
Greenland,1994,63.913
Greenland,1995,64.157
Greenland,1996,64.331
Greenland,1997,64.487
Greenland,1998,64.659
Greenland,1999,65.121
Greenland,2000,65.631
Greenland,2001,66.273
Greenland,2002,67.007
Greenland,2003,67.617
Greenland,2004,67.546
Greenland,2005,67.769
Greenland,2006,68.144
Greenland,2007,68.338
Greenland,2008,68.4
Greenland,2009,68.379
Greenland,2010,68.455
Greenland,2011,68.794
Greenland,2012,69.352
Greenland,2013,69.801
Greenland,2014,70.086
Greenland,2015,70.234
Greenland,2016,70.387
Greenland,2017,70.386
Greenland,2018,70.354
Greenland,2019,70.257
Greenland,2020,70.156
Greenland,2021,70.049
Greenland,2022,70.052
Greenland,2023,70.055
Grenada,1950,52.721
Grenada,1951,53.831
Grenada,1952,54.806
Grenada,1953,55.731
Grenada,1954,56.697
Grenada,1955,57.794
Grenada,1956,59.02
Grenada,1957,60.263
Grenada,1958,61.423
Grenada,1959,62.415
Grenada,1960,63.144
Grenada,1961,63.553
Grenada,1962,63.752
Grenada,1963,63.783
Grenada,1964,64.199
Grenada,1965,64.78
Grenada,1966,65.649
Grenada,1967,66.46
Grenada,1968,66.912
Grenada,1969,66.975
Grenada,1970,66.856
Grenada,1971,66.874
Grenada,1972,67.151
Grenada,1973,67.557
Grenada,1974,67.884
Grenada,1975,68.004
Grenada,1976,67.949
Grenada,1977,67.869
Grenada,1978,67.856
Grenada,1979,67.941
Grenada,1980,68.117
Grenada,1981,68.348
Grenada,1982,68.597
Grenada,1983,64.333
Grenada,1984,69.095
Grenada,1985,69.338
Grenada,1986,69.574
Grenada,1987,69.808
Grenada,1988,70.045
Grenada,1989,70.289
Grenada,1990,70.546
Grenada,1991,70.823
Grenada,1992,71.125
Grenada,1993,71.45
Grenada,1994,71.78
Grenada,1995,72.094
Grenada,1996,72.373
Grenada,1997,72.6
Grenada,1998,72.762
Grenada,1999,72.873
Grenada,2000,72.955
Grenada,2001,73.034
Grenada,2002,73.142
Grenada,2003,73.291
Grenada,2004,72.447
Grenada,2005,73.7
Grenada,2006,73.93
Grenada,2007,74.159
Grenada,2008,74.374
Grenada,2009,74.567
Grenada,2010,74.731
Grenada,2011,74.861
Grenada,2012,74.961
Grenada,2013,75.022
Grenada,2014,75.045
Grenada,2015,75.037
Grenada,2016,75.01
Grenada,2017,74.977
Grenada,2018,74.957
Grenada,2019,74.971
Grenada,2020,75.019
Grenada,2021,74.522
Grenada,2022,75.151
Grenada,2023,75.205
Guadeloupe,1950,53.099
Guadeloupe,1951,53.828
Guadeloupe,1952,54.175
Guadeloupe,1953,54.999
Guadeloupe,1954,56.092
Guadeloupe,1955,57.271
Guadeloupe,1956,57.585
Guadeloupe,1957,58.392
Guadeloupe,1958,59.303
Guadeloupe,1959,60.27
Guadeloupe,1960,61.058
Guadeloupe,1961,61.57
Guadeloupe,1962,62.263
Guadeloupe,1963,62.684
Guadeloupe,1964,62.642
Guadeloupe,1965,63.167
Guadeloupe,1966,63.066
Guadeloupe,1967,63.411
Guadeloupe,1968,63.604
Guadeloupe,1969,64.196
Guadeloupe,1970,64.692
Guadeloupe,1971,65.149
Guadeloupe,1972,65.578
Guadeloupe,1973,66.078
Guadeloupe,1974,66.652
Guadeloupe,1975,67.157
Guadeloupe,1976,67.806
Guadeloupe,1977,68.45
Guadeloupe,1978,68.924
Guadeloupe,1979,69.431
Guadeloupe,1980,69.924
Guadeloupe,1981,70.436
Guadeloupe,1982,70.921
Guadeloupe,1983,71.378
Guadeloupe,1984,71.834
Guadeloupe,1985,72.234
Guadeloupe,1986,72.631
Guadeloupe,1987,72.958
Guadeloupe,1988,73.283
Guadeloupe,1989,73.6
Guadeloupe,1990,73.932
Guadeloupe,1991,74.267
Guadeloupe,1992,74.619
Guadeloupe,1993,74.895
Guadeloupe,1994,75.206
Guadeloupe,1995,75.533
Guadeloupe,1996,75.85
Guadeloupe,1997,76.156
Guadeloupe,1998,76.429
Guadeloupe,1999,76.744
Guadeloupe,2000,77.08
Guadeloupe,2001,77.267
Guadeloupe,2002,77.811
Guadeloupe,2003,78.171
Guadeloupe,2004,78.349
Guadeloupe,2005,78.184
Guadeloupe,2006,78.428
Guadeloupe,2007,79.054
Guadeloupe,2008,79.659
Guadeloupe,2009,79.747
Guadeloupe,2010,80.12
Guadeloupe,2011,80.453
Guadeloupe,2012,80.972
Guadeloupe,2013,80.792
Guadeloupe,2014,81.185
Guadeloupe,2015,81.268
Guadeloupe,2016,81.64
Guadeloupe,2017,81.754
Guadeloupe,2018,81.382
Guadeloupe,2019,81.392
Guadeloupe,2020,80.648
Guadeloupe,2021,78.211
Guadeloupe,2022,80.905
Guadeloupe,2023,82.05
Guam,1950,59.569
Guam,1951,59.859
Guam,1952,60.208
Guam,1953,60.537
Guam,1954,60.879
Guam,1955,61.202
Guam,1956,61.536
Guam,1957,61.887
Guam,1958,62.219
Guam,1959,62.566
Guam,1960,62.882
Guam,1961,63.226
Guam,1962,63.349
Guam,1963,63.833
Guam,1964,64.104
Guam,1965,64.367
Guam,1966,64.639
Guam,1967,64.916
Guam,1968,65.201
Guam,1969,65.499
Guam,1970,65.811
Guam,1971,66.064
Guam,1972,66.469
Guam,1973,66.93
Guam,1974,67.532
Guam,1975,68.011
Guam,1976,68.275
Guam,1977,69.024
Guam,1978,69.57
Guam,1979,70.116
Guam,1980,70.674
Guam,1981,71.18
Guam,1982,71.681
Guam,1983,72.141
Guam,1984,72.589
Guam,1985,73.07
Guam,1986,73.324
Guam,1987,73.468
Guam,1988,73.429
Guam,1989,73.503
Guam,1990,73.455
Guam,1991,73.518
Guam,1992,73.632
Guam,1993,74.004
Guam,1994,74.344
Guam,1995,74.511
Guam,1996,74.638
Guam,1997,74.7
Guam,1998,74.753
Guam,1999,74.789
Guam,2000,74.894
Guam,2001,75.195
Guam,2002,75.506
Guam,2003,75.885
Guam,2004,76.114
Guam,2005,76.427
Guam,2006,76.477
Guam,2007,76.397
Guam,2008,76.233
Guam,2009,76.141
Guam,2010,76.095
Guam,2011,76.153
Guam,2012,76.237
Guam,2013,76.361
Guam,2014,76.423
Guam,2015,76.444
Guam,2016,76.449
Guam,2017,76.463
Guam,2018,76.561
Guam,2019,76.645
Guam,2020,75.529
Guam,2021,75.434
Guam,2022,77.102
Guam,2023,77.209
Guatemala,1950,37.799
Guatemala,1951,38.344
Guatemala,1952,38.917
Guatemala,1953,39.499
Guatemala,1954,40.065
Guatemala,1955,40.683
Guatemala,1956,41.291
Guatemala,1957,41.916
Guatemala,1958,43.138
Guatemala,1959,44.331
Guatemala,1960,45.76
Guatemala,1961,46.12
Guatemala,1962,46.492
Guatemala,1963,46.622
Guatemala,1964,47.055
Guatemala,1965,47.185
Guatemala,1966,47.511
Guatemala,1967,47.727
Guatemala,1968,47.758
Guatemala,1969,47.521
Guatemala,1970,48.507
Guatemala,1971,50.276
Guatemala,1972,51.817
Guatemala,1973,52.848
Guatemala,1974,53.023
Guatemala,1975,52.832
Guatemala,1976,47.617
Guatemala,1977,55.184
Guatemala,1978,56.412
Guatemala,1979,56.6
Guatemala,1980,55.297
Guatemala,1981,54.709
Guatemala,1982,48.863
Guatemala,1983,57.913
Guatemala,1984,59.074
Guatemala,1985,59.788
Guatemala,1986,60.341
Guatemala,1987,60.991
Guatemala,1988,61.538
Guatemala,1989,61.745
Guatemala,1990,61.767
Guatemala,1991,61.926
Guatemala,1992,61.992
Guatemala,1993,62.442
Guatemala,1994,63.026
Guatemala,1995,63.662
Guatemala,1996,64.54
Guatemala,1997,65.249
Guatemala,1998,65.969
Guatemala,1999,66.634
Guatemala,2000,67.102
Guatemala,2001,67.436
Guatemala,2002,67.835
Guatemala,2003,68.204
Guatemala,2004,68.245
Guatemala,2005,68.167
Guatemala,2006,68.79
Guatemala,2007,69.299
Guatemala,2008,69.493
Guatemala,2009,69.676
Guatemala,2010,69.885
Guatemala,2011,70.321
Guatemala,2012,70.722
Guatemala,2013,70.878
Guatemala,2014,70.942
Guatemala,2015,70.915
Guatemala,2016,71.215
Guatemala,2017,71.583
Guatemala,2018,71.496
Guatemala,2019,71.639
Guatemala,2020,69.971
Guatemala,2021,67.858
Guatemala,2022,71.206
Guatemala,2023,72.602
Guernsey,1950,71.231
Guernsey,1951,71.715
Guernsey,1952,72.682
Guernsey,1953,71.465
Guernsey,1954,73.07
Guernsey,1955,71.584
Guernsey,1956,75.863
Guernsey,1957,72.614
Guernsey,1958,73.575
Guernsey,1959,73.93
Guernsey,1960,75.194
Guernsey,1961,72.883
Guernsey,1962,73.575
Guernsey,1963,73.834
Guernsey,1964,73.117
Guernsey,1965,72.157
Guernsey,1966,73.719
Guernsey,1967,73.43
Guernsey,1968,72.392
Guernsey,1969,72.384
Guernsey,1970,72.578
Guernsey,1971,73.008
Guernsey,1972,72.894
Guernsey,1973,74.218
Guernsey,1974,73.558
Guernsey,1975,73.578
Guernsey,1976,73.643
Guernsey,1977,74.121
Guernsey,1978,74.442
Guernsey,1979,74.315
Guernsey,1980,75.487
Guernsey,1981,74.681
Guernsey,1982,72.365
Guernsey,1983,76.208
Guernsey,1984,76.227
Guernsey,1985,76.033
Guernsey,1986,76.027
Guernsey,1987,76.427
Guernsey,1988,76.699
Guernsey,1989,77.601
Guernsey,1990,76.636
Guernsey,1991,76.793
Guernsey,1992,77.822
Guernsey,1993,76.8
Guernsey,1994,77.016
Guernsey,1995,78.124
Guernsey,1996,78.092
Guernsey,1997,78.702
Guernsey,1998,79.157
Guernsey,1999,80.255
Guernsey,2000,79.387
Guernsey,2001,79.487
Guernsey,2002,79.612
Guernsey,2003,79.683
Guernsey,2004,80.434
Guernsey,2005,80.731
Guernsey,2006,81.157
Guernsey,2007,81.309
Guernsey,2008,81.559
Guernsey,2009,81.903
Guernsey,2010,82.311
Guernsey,2011,82.641
Guernsey,2012,82.352
Guernsey,2013,82.835
Guernsey,2014,83.009
Guernsey,2015,82.75
Guernsey,2016,82.565
Guernsey,2017,82.321
Guernsey,2018,82.748
Guernsey,2019,83.281
Guernsey,2020,83.346
Guernsey,2021,81.969
Guernsey,2022,83.108
Guernsey,2023,83.274
Guinea,1950,35.586
Guinea,1951,35.647
Guinea,1952,35.726
Guinea,1953,35.801
Guinea,1954,35.857
Guinea,1955,35.959
Guinea,1956,36.056
Guinea,1957,36.229
Guinea,1958,36.364
Guinea,1959,36.468
Guinea,1960,36.623
Guinea,1961,36.816
Guinea,1962,36.997
Guinea,1963,37.196
Guinea,1964,37.415
Guinea,1965,37.653
Guinea,1966,37.959
Guinea,1967,38.224
Guinea,1968,38.501
Guinea,1969,38.824
Guinea,1970,39.06
Guinea,1971,39.372
Guinea,1972,39.683
Guinea,1973,39.937
Guinea,1974,40.229
Guinea,1975,40.606
Guinea,1976,41.028
Guinea,1977,41.409
Guinea,1978,41.882
Guinea,1979,42.343
Guinea,1980,42.842
Guinea,1981,43.33
Guinea,1982,43.863
Guinea,1983,44.226
Guinea,1984,44.858
Guinea,1985,45.31
Guinea,1986,45.719
Guinea,1987,46.107
Guinea,1988,46.478
Guinea,1989,46.86
Guinea,1990,47.252
Guinea,1991,47.781
Guinea,1992,48.266
Guinea,1993,48.819
Guinea,1994,49.188
Guinea,1995,49.836
Guinea,1996,50.546
Guinea,1997,51.113
Guinea,1998,51.61
Guinea,1999,51.987
Guinea,2000,52.42
Guinea,2001,52.669
Guinea,2002,53.2
Guinea,2003,53.589
Guinea,2004,53.975
Guinea,2005,54.422
Guinea,2006,54.875
Guinea,2007,55.233
Guinea,2008,55.703
Guinea,2009,56.052
Guinea,2010,56.431
Guinea,2011,56.778
Guinea,2012,57.117
Guinea,2013,57.459
Guinea,2014,57.581
Guinea,2015,57.899
Guinea,2016,58.49
Guinea,2017,58.715
Guinea,2018,59.043
Guinea,2019,59.379
Guinea,2020,59.35
Guinea,2021,59.373
Guinea,2022,60.432
Guinea,2023,60.74
Guinea-Bissau,1950,35.736
Guinea-Bissau,1951,35.912
Guinea-Bissau,1952,36.087
Guinea-Bissau,1953,36.26
Guinea-Bissau,1954,36.434
Guinea-Bissau,1955,36.603
Guinea-Bissau,1956,36.778
Guinea-Bissau,1957,36.965
Guinea-Bissau,1958,37.144
Guinea-Bissau,1959,37.344
Guinea-Bissau,1960,37.554
Guinea-Bissau,1961,37.788
Guinea-Bissau,1962,38.032
Guinea-Bissau,1963,35.644
Guinea-Bissau,1964,35.807
Guinea-Bissau,1965,35.92
Guinea-Bissau,1966,36.083
Guinea-Bissau,1967,36.344
Guinea-Bissau,1968,36.672
Guinea-Bissau,1969,36.959
Guinea-Bissau,1970,37.258
Guinea-Bissau,1971,37.538
Guinea-Bissau,1972,37.82
Guinea-Bissau,1973,38.17
Guinea-Bissau,1974,41.613
Guinea-Bissau,1975,41.934
Guinea-Bissau,1976,42.253
Guinea-Bissau,1977,42.578
Guinea-Bissau,1978,42.908
Guinea-Bissau,1979,43.239
Guinea-Bissau,1980,43.57
Guinea-Bissau,1981,43.926
Guinea-Bissau,1982,44.293
Guinea-Bissau,1983,44.6
Guinea-Bissau,1984,44.943
Guinea-Bissau,1985,45.266
Guinea-Bissau,1986,45.523
Guinea-Bissau,1987,45.844
Guinea-Bissau,1988,46.279
Guinea-Bissau,1989,46.614
Guinea-Bissau,1990,46.89
Guinea-Bissau,1991,47.201
Guinea-Bissau,1992,47.518
Guinea-Bissau,1993,47.84
Guinea-Bissau,1994,47.775
Guinea-Bissau,1995,48.531
Guinea-Bissau,1996,48.772
Guinea-Bissau,1997,48.033
Guinea-Bissau,1998,48.123
Guinea-Bissau,1999,48.492
Guinea-Bissau,2000,50.565
Guinea-Bissau,2001,51.054
Guinea-Bissau,2002,51.608
Guinea-Bissau,2003,52.186
Guinea-Bissau,2004,52.8
Guinea-Bissau,2005,52.949
Guinea-Bissau,2006,54.089
Guinea-Bissau,2007,54.87
Guinea-Bissau,2008,55.3
Guinea-Bissau,2009,56.297
Guinea-Bissau,2010,56.999
Guinea-Bissau,2011,57.663
Guinea-Bissau,2012,58.27
Guinea-Bissau,2013,58.879
Guinea-Bissau,2014,59.476
Guinea-Bissau,2015,60.071
Guinea-Bissau,2016,60.619
Guinea-Bissau,2017,61.148
Guinea-Bissau,2018,61.652
Guinea-Bissau,2019,62.161
Guinea-Bissau,2020,61.343
Guinea-Bissau,2021,61.653
Guinea-Bissau,2022,63.605
Guinea-Bissau,2023,64.085
Guyana,1950,49.208
Guyana,1951,50.233
Guyana,1952,51.285
Guyana,1953,52.366
Guyana,1954,53.321
Guyana,1955,54.119
Guyana,1956,55.156
Guyana,1957,56.097
Guyana,1958,56.449
Guyana,1959,57.006
Guyana,1960,57.51
Guyana,1961,57.912
Guyana,1962,58.303
Guyana,1963,58.644
Guyana,1964,58.958
Guyana,1965,59.137
Guyana,1966,59.329
Guyana,1967,59.53
Guyana,1968,59.69
Guyana,1969,59.835
Guyana,1970,59.961
Guyana,1971,60.068
Guyana,1972,60.133
Guyana,1973,60.211
Guyana,1974,60.305
Guyana,1975,60.375
Guyana,1976,60.449
Guyana,1977,60.558
Guyana,1978,60.646
Guyana,1979,60.735
Guyana,1980,60.808
Guyana,1981,60.91
Guyana,1982,61.01
Guyana,1983,61.157
Guyana,1984,61.255
Guyana,1985,61.379
Guyana,1986,61.521
Guyana,1987,61.698
Guyana,1988,61.849
Guyana,1989,62.054
Guyana,1990,62.254
Guyana,1991,62.463
Guyana,1992,62.816
Guyana,1993,63.016
Guyana,1994,63.007
Guyana,1995,62.668
Guyana,1996,62.691
Guyana,1997,62.879
Guyana,1998,63.429
Guyana,1999,63.772
Guyana,2000,64.075
Guyana,2001,64.38
Guyana,2002,64.183
Guyana,2003,64.117
Guyana,2004,64.214
Guyana,2005,64.392
Guyana,2006,64.848
Guyana,2007,65.462
Guyana,2008,65.721
Guyana,2009,66.03
Guyana,2010,66.204
Guyana,2011,66.469
Guyana,2012,66.443
Guyana,2013,66.71
Guyana,2014,67.334
Guyana,2015,67.719
Guyana,2016,68.069
Guyana,2017,68.543
Guyana,2018,68.829
Guyana,2019,69.067
Guyana,2020,67.751
Guyana,2021,64.323
Guyana,2022,69.888
Guyana,2023,70.18
Haiti,1950,37.245
Haiti,1951,38.082
Haiti,1952,38.778
Haiti,1953,39.526
Haiti,1954,40.052
Haiti,1955,40.95
Haiti,1956,41.599
Haiti,1957,42.147
Haiti,1958,42.621
Haiti,1959,43.023
Haiti,1960,43.44
Haiti,1961,43.825
Haiti,1962,44.196
Haiti,1963,42.724
Haiti,1964,44.928
Haiti,1965,45.371
Haiti,1966,45.565
Haiti,1967,46.135
Haiti,1968,46.522
Haiti,1969,46.903
Haiti,1970,47.265
Haiti,1971,47.619
Haiti,1972,47.884
Haiti,1973,48.194
Haiti,1974,48.458
Haiti,1975,48.72
Haiti,1976,48.972
Haiti,1977,49.226
Haiti,1978,49.484
Haiti,1979,49.749
Haiti,1980,49.971
Haiti,1981,50.31
Haiti,1982,50.626
Haiti,1983,50.946
Haiti,1984,51.254
Haiti,1985,51.583
Haiti,1986,51.874
Haiti,1987,52.245
Haiti,1988,52.554
Haiti,1989,52.88
Haiti,1990,53.215
Haiti,1991,53.524
Haiti,1992,54.041
Haiti,1993,54.478
Haiti,1994,54.731
Haiti,1995,55.582
Haiti,1996,56.111
Haiti,1997,56.675
Haiti,1998,57.137
Haiti,1999,57.692
Haiti,2000,58.175
Haiti,2001,58.591
Haiti,2002,59.041
Haiti,2003,59.44
Haiti,2004,58.517
Haiti,2005,60.318
Haiti,2006,60.74
Haiti,2007,61.09
Haiti,2008,61.28
Haiti,2009,61.694
Haiti,2010,45.577
Haiti,2011,61.581
Haiti,2012,62.273
Haiti,2013,62.624
Haiti,2014,62.969
Haiti,2015,63.224
Haiti,2016,63.325
Haiti,2017,63.832
Haiti,2018,64.077
Haiti,2019,64.328
Haiti,2020,63.773
Haiti,2021,62.613
Haiti,2022,63.948
Haiti,2023,64.936
High-income countries,1950,61.833
High-income countries,1951,62.714
High-income countries,1952,64.449
High-income countries,1953,65.079
High-income countries,1954,66.093
High-income countries,1955,66.533
High-income countries,1956,66.687
High-income countries,1957,66.822
High-income countries,1958,67.587
High-income countries,1959,67.883
High-income countries,1960,68.106
High-income countries,1961,68.561
High-income countries,1962,68.571
High-income countries,1963,68.755
High-income countries,1964,69.281
High-income countries,1965,69.37
High-income countries,1966,69.569
High-income countries,1967,70.033
High-income countries,1968,69.904
High-income countries,1969,69.978
High-income countries,1970,70.354
High-income countries,1971,70.692
High-income countries,1972,70.953
High-income countries,1973,71.142
High-income countries,1974,71.509
High-income countries,1975,71.784
High-income countries,1976,72.056
High-income countries,1977,72.448
High-income countries,1978,72.618
High-income countries,1979,72.964
High-income countries,1980,73.001
High-income countries,1981,73.382
High-income countries,1982,73.72
High-income countries,1983,73.792
High-income countries,1984,74.151
High-income countries,1985,74.212
High-income countries,1986,74.47
High-income countries,1987,74.761
High-income countries,1988,74.901
High-income countries,1989,75.125
High-income countries,1990,75.293
High-income countries,1991,75.485
High-income countries,1992,75.759
High-income countries,1993,75.81
High-income countries,1994,76.104
High-income countries,1995,76.22
High-income countries,1996,76.552
High-income countries,1997,76.888
High-income countries,1998,77.095
High-income countries,1999,77.262
High-income countries,2000,77.612
High-income countries,2001,77.889
High-income countries,2002,78.037
High-income countries,2003,78.152
High-income countries,2004,78.617
High-income countries,2005,78.701
High-income countries,2006,79.051
High-income countries,2007,79.248
High-income countries,2008,79.424
High-income countries,2009,79.72
High-income countries,2010,79.932
High-income countries,2011,80.093
High-income countries,2012,80.228
High-income countries,2013,80.427
High-income countries,2014,80.641
High-income countries,2015,80.56
High-income countries,2016,80.74
High-income countries,2017,80.77
High-income countries,2018,80.898
High-income countries,2019,81.096
High-income countries,2020,80.179
High-income countries,2021,79.941
High-income countries,2022,80.402
High-income countries,2023,81.435
Honduras,1950,41.049
Honduras,1951,41.59
Honduras,1952,42.023
Honduras,1953,42.529
Honduras,1954,43.038
Honduras,1955,43.671
Honduras,1956,44.247
Honduras,1957,44.932
Honduras,1958,45.627
Honduras,1959,46.379
Honduras,1960,47.149
Honduras,1961,47.71
Honduras,1962,48.647
Honduras,1963,49.385
Honduras,1964,50.197
Honduras,1965,50.863
Honduras,1966,51.588
Honduras,1967,52.331
Honduras,1968,53.041
Honduras,1969,53.712
Honduras,1970,54.36
Honduras,1971,55.012
Honduras,1972,55.689
Honduras,1973,54.565
Honduras,1974,52.519
Honduras,1975,57.523
Honduras,1976,58.151
Honduras,1977,58.704
Honduras,1978,59.248
Honduras,1979,59.829
Honduras,1980,60.388
Honduras,1981,61.033
Honduras,1982,61.688
Honduras,1983,62.408
Honduras,1984,62.819
Honduras,1985,63.223
Honduras,1986,63.651
Honduras,1987,64.066
Honduras,1988,64.393
Honduras,1989,64.782
Honduras,1990,65.183
Honduras,1991,65.584
Honduras,1992,65.908
Honduras,1993,66.074
Honduras,1994,66.523
Honduras,1995,66.919
Honduras,1996,67.263
Honduras,1997,67.542
Honduras,1998,62.432
Honduras,1999,68.005
Honduras,2000,68.302
Honduras,2001,68.491
Honduras,2002,68.714
Honduras,2003,68.874
Honduras,2004,69.05
Honduras,2005,69.198
Honduras,2006,69.364
Honduras,2007,69.539
Honduras,2008,69.657
Honduras,2009,69.823
Honduras,2010,69.77
Honduras,2011,70.116
Honduras,2012,70.46
Honduras,2013,70.765
Honduras,2014,71.032
Honduras,2015,71.323
Honduras,2016,71.615
Honduras,2017,71.805
Honduras,2018,72.001
Honduras,2019,72.124
Honduras,2020,70.864
Honduras,2021,69.492
Honduras,2022,72.715
Honduras,2023,72.884
Hong Kong,1950,57.818
Hong Kong,1951,58.716
Hong Kong,1952,59.772
Hong Kong,1953,60.863
Hong Kong,1954,61.922
Hong Kong,1955,62.765
Hong Kong,1956,63.448
Hong Kong,1957,64.048
Hong Kong,1958,64.691
Hong Kong,1959,65.392
Hong Kong,1960,66.147
Hong Kong,1961,66.866
Hong Kong,1962,67.311
Hong Kong,1963,68.022
Hong Kong,1964,68.576
Hong Kong,1965,68.885
Hong Kong,1966,69.293
Hong Kong,1967,69.931
Hong Kong,1968,70.693
Hong Kong,1969,71.029
Hong Kong,1970,71.27
Hong Kong,1971,71.468
Hong Kong,1972,71.675
Hong Kong,1973,72.207
Hong Kong,1974,72.537
Hong Kong,1975,72.82
Hong Kong,1976,73.04
Hong Kong,1977,73.309
Hong Kong,1978,73.576
Hong Kong,1979,73.901
Hong Kong,1980,74.247
Hong Kong,1981,74.598
Hong Kong,1982,74.928
Hong Kong,1983,75.301
Hong Kong,1984,75.674
Hong Kong,1985,76.249
Hong Kong,1986,76.691
Hong Kong,1987,77.057
Hong Kong,1988,77.09
Hong Kong,1989,77.229
Hong Kong,1990,77.448
Hong Kong,1991,77.693
Hong Kong,1992,77.988
Hong Kong,1993,78.327
Hong Kong,1994,78.718
Hong Kong,1995,79.106
Hong Kong,1996,79.454
Hong Kong,1997,79.732
Hong Kong,1998,80.072
Hong Kong,1999,80.389
Hong Kong,2000,80.704
Hong Kong,2001,80.992
Hong Kong,2002,81.18
Hong Kong,2003,81.142
Hong Kong,2004,81.455
Hong Kong,2005,81.675
Hong Kong,2006,81.947
Hong Kong,2007,82.144
Hong Kong,2008,82.34
Hong Kong,2009,82.586
Hong Kong,2010,82.859
Hong Kong,2011,83.16
Hong Kong,2012,83.416
Hong Kong,2013,83.695
Hong Kong,2014,83.927
Hong Kong,2015,84.147
Hong Kong,2016,84.38
Hong Kong,2017,84.662
Hong Kong,2018,84.987
Hong Kong,2019,85.263
Hong Kong,2020,84.707
Hong Kong,2021,85.082
Hong Kong,2022,83.485
Hong Kong,2023,85.511
Hungary,1950,62.138
Hungary,1951,62.473
Hungary,1952,63.93
Hungary,1953,63.851
Hungary,1954,65.43
Hungary,1955,66.898
Hungary,1956,66.001
Hungary,1957,66.347
Hungary,1958,67.437
Hungary,1959,67.326
Hungary,1960,68.087
Hungary,1961,69.017
Hungary,1962,67.941
Hungary,1963,68.944
Hungary,1964,69.468
Hungary,1965,69.149
Hungary,1966,69.897
Hungary,1967,69.463
Hungary,1968,69.344
Hungary,1969,69.38
Hungary,1970,69.219
Hungary,1971,69.079
Hungary,1972,69.72
Hungary,1973,69.599
Hungary,1974,69.273
Hungary,1975,69.422
Hungary,1976,69.657
Hungary,1977,69.935
Hungary,1978,69.47
Hungary,1979,69.67
Hungary,1980,69.089
Hungary,1981,69.151
Hungary,1982,69.353
Hungary,1983,68.929
Hungary,1984,68.965
Hungary,1985,68.902
Hungary,1986,69.113
Hungary,1987,69.564
Hungary,1988,69.942
Hungary,1989,69.394
Hungary,1990,69.372
Hungary,1991,69.441
Hungary,1992,69.167
Hungary,1993,69.18
Hungary,1994,69.604
Hungary,1995,69.969
Hungary,1996,70.597
Hungary,1997,71.003
Hungary,1998,70.919
Hungary,1999,71.04
Hungary,2000,71.758
Hungary,2001,72.394
Hungary,2002,72.507
Hungary,2003,72.513
Hungary,2004,72.906
Hungary,2005,72.865
Hungary,2006,73.344
Hungary,2007,73.431
Hungary,2008,73.957
Hungary,2009,74.179
Hungary,2010,74.519
Hungary,2011,74.923
Hungary,2012,75.183
Hungary,2013,75.683
Hungary,2014,75.849
Hungary,2015,75.654
Hungary,2016,76.157
Hungary,2017,76.007
Hungary,2018,76.205
Hungary,2019,76.455
Hungary,2020,75.73
Hungary,2021,74.185
Hungary,2022,76.212
Hungary,2023,77.024
Iceland,1950,71.03
Iceland,1951,71.005
Iceland,1952,72.41
Iceland,1953,72.283
Iceland,1954,73.336
Iceland,1955,73.276
Iceland,1956,72.901
Iceland,1957,73.39
Iceland,1958,73.349
Iceland,1959,72.624
Iceland,1960,74.049
Iceland,1961,73.39
Iceland,1962,73.611
Iceland,1963,72.942
Iceland,1964,73.525
Iceland,1965,73.796
Iceland,1966,73.141
Iceland,1967,73.691
Iceland,1968,73.898
Iceland,1969,73.657
Iceland,1970,73.78
Iceland,1971,73.492
Iceland,1972,74.395
Iceland,1973,74.277
Iceland,1974,74.125
Iceland,1975,75.269
Iceland,1976,76.633
Iceland,1977,76.079
Iceland,1978,76.378
Iceland,1979,76.535
Iceland,1980,76.597
Iceland,1981,76.192
Iceland,1982,76.799
Iceland,1983,76.425
Iceland,1984,77.295
Iceland,1985,77.39
Iceland,1986,77.87
Iceland,1987,77.051
Iceland,1988,76.893
Iceland,1989,77.932
Iceland,1990,77.741
Iceland,1991,77.757
Iceland,1992,78.587
Iceland,1993,78.809
Iceland,1994,79.022
Iceland,1995,77.543
Iceland,1996,78.646
Iceland,1997,78.672
Iceland,1998,79.396
Iceland,1999,79.236
Iceland,2000,79.549
Iceland,2001,80.421
Iceland,2002,80.278
Iceland,2003,80.768
Iceland,2004,80.721
Iceland,2005,81.169
Iceland,2006,80.938
Iceland,2007,81.093
Iceland,2008,81.244
Iceland,2009,81.417
Iceland,2010,81.594
Iceland,2011,81.972
Iceland,2012,82.346
Iceland,2013,81.743
Iceland,2014,82.43
Iceland,2015,82.164
Iceland,2016,81.829
Iceland,2017,82.241
Iceland,2018,82.453
Iceland,2019,82.847
Iceland,2020,82.711
Iceland,2021,82.843
Iceland,2022,81.588
Iceland,2023,82.691
India,1950,41.181
India,1951,41.595
India,1952,42.087
India,1953,42.386
India,1954,43.248
India,1955,43.74
India,1956,44.133
India,1957,44.414
India,1958,44.778
India,1959,45.26
India,1960,45.61
India,1961,45.824
India,1962,46.133
India,1963,46.458
India,1964,46.742
India,1965,45.558
India,1966,45.884
India,1967,46.184
India,1968,47.925
India,1969,48.26
India,1970,48.585
India,1971,48.902
India,1972,49.213
India,1973,49.642
India,1974,50.259
India,1975,50.761
India,1976,51.302
India,1977,51.822
India,1978,52.42
India,1979,53.014
India,1980,53.593
India,1981,54.173
India,1982,54.735
India,1983,55.283
India,1984,55.813
India,1985,56.324
India,1986,56.819
India,1987,57.291
India,1988,57.744
India,1989,58.196
India,1990,58.618
India,1991,59.032
India,1992,59.445
India,1993,59.823
India,1994,60.237
India,1995,60.63
India,1996,61.027
India,1997,61.439
India,1998,61.852
India,1999,62.284
India,2000,62.749
India,2001,63.158
India,2002,63.649
India,2003,64.086
India,2004,64.484
India,2005,64.939
India,2006,65.373
India,2007,65.803
India,2008,66.247
India,2009,66.7
India,2010,67.162
India,2011,67.623
India,2012,68.076
India,2013,68.499
India,2014,68.932
India,2015,69.326
India,2016,69.709
India,2017,70.068
India,2018,70.415
India,2019,70.746
India,2020,70.156
India,2021,67.282
India,2022,71.698
India,2023,72.003
Indonesia,1950,40.207
Indonesia,1951,40.834
Indonesia,1952,41.539
Indonesia,1953,42.208
Indonesia,1954,42.909
Indonesia,1955,43.592
Indonesia,1956,44.304
Indonesia,1957,44.992
Indonesia,1958,45.418
Indonesia,1959,46.2
Indonesia,1960,46.835
Indonesia,1961,47.385
Indonesia,1962,48.141
Indonesia,1963,48.742
Indonesia,1964,49.44
Indonesia,1965,42.762
Indonesia,1966,48.406
Indonesia,1967,51.309
Indonesia,1968,51.888
Indonesia,1969,52.588
Indonesia,1970,53.254
Indonesia,1971,53.823
Indonesia,1972,54.364
Indonesia,1973,54.916
Indonesia,1974,55.443
Indonesia,1975,55.998
Indonesia,1976,56.445
Indonesia,1977,57.09
Indonesia,1978,57.607
Indonesia,1979,58.18
Indonesia,1980,58.701
Indonesia,1981,59.096
Indonesia,1982,59.7
Indonesia,1983,60.343
Indonesia,1984,60.891
Indonesia,1985,61.387
Indonesia,1986,61.736
Indonesia,1987,62.087
Indonesia,1988,62.386
Indonesia,1989,62.883
Indonesia,1990,63.249
Indonesia,1991,63.703
Indonesia,1992,64.182
Indonesia,1993,64.851
Indonesia,1994,65.041
Indonesia,1995,65.263
Indonesia,1996,65.465
Indonesia,1997,65.774
Indonesia,1998,65.942
Indonesia,1999,66.001
Indonesia,2000,66.292
Indonesia,2001,66.583
Indonesia,2002,66.954
Indonesia,2003,67.134
Indonesia,2004,65.521
Indonesia,2005,67.531
Indonesia,2006,67.664
Indonesia,2007,67.914
Indonesia,2008,68.085
Indonesia,2009,68.267
Indonesia,2010,68.364
Indonesia,2011,68.629
Indonesia,2012,68.862
Indonesia,2013,69.064
Indonesia,2014,69.292
Indonesia,2015,69.52
Indonesia,2016,69.733
Indonesia,2017,69.953
Indonesia,2018,70.08
Indonesia,2019,70.349
Indonesia,2020,68.817
Indonesia,2021,67.452
Indonesia,2022,70.925
Indonesia,2023,71.146
Iran,1950,38.193
Iran,1951,38.661
Iran,1952,39.15
Iran,1953,39.511
Iran,1954,39.996
Iran,1955,40.623
Iran,1956,41.055
Iran,1957,41.309
Iran,1958,42.196
Iran,1959,42.761
Iran,1960,43.297
Iran,1961,43.9
Iran,1962,43.769
Iran,1963,45.105
Iran,1964,45.735
Iran,1965,46.372
Iran,1966,47.072
Iran,1967,47.803
Iran,1968,47.946
Iran,1969,49.382
Iran,1970,50.222
Iran,1971,51.12
Iran,1972,51.729
Iran,1973,52.944
Iran,1974,53.862
Iran,1975,54.819
Iran,1976,55.771
Iran,1977,56.66
Iran,1978,56.042
Iran,1979,58.453
Iran,1980,58.369
Iran,1981,56.625
Iran,1982,57.633
Iran,1983,58.518
Iran,1984,60.875
Iran,1985,61.537
Iran,1986,62.136
Iran,1987,62.685
Iran,1988,63.255
Iran,1989,65.314
Iran,1990,64.066
Iran,1991,66.233
Iran,1992,66.653
Iran,1993,67.037
Iran,1994,67.49
Iran,1995,67.904
Iran,1996,68.328
Iran,1997,68.649
Iran,1998,69.214
Iran,1999,69.686
Iran,2000,70.166
Iran,2001,70.619
Iran,2002,71.112
Iran,2003,70.464
Iran,2004,72.04
Iran,2005,72.446
Iran,2006,72.895
Iran,2007,73.299
Iran,2008,73.683
Iran,2009,74.041
Iran,2010,74.39
Iran,2011,74.721
Iran,2012,75.039
Iran,2013,75.349
Iran,2014,75.635
Iran,2015,75.907
Iran,2016,76.155
Iran,2017,76.396
Iran,2018,76.621
Iran,2019,76.855
Iran,2020,74.141
Iran,2021,73.752
Iran,2022,76.799
Iran,2023,77.654
Iraq,1950,37.398
Iraq,1951,38.968
Iraq,1952,40.524
Iraq,1953,42.075
Iraq,1954,43.529
Iraq,1955,44.98
Iraq,1956,46.369
Iraq,1957,47.731
Iraq,1958,48.984
Iraq,1959,49.719
Iraq,1960,51.462
Iraq,1961,52.339
Iraq,1962,53.482
Iraq,1963,54.36
Iraq,1964,55.245
Iraq,1965,56.387
Iraq,1966,57.321
Iraq,1967,58.422
Iraq,1968,58.969
Iraq,1969,59.64
Iraq,1970,60.532
Iraq,1971,61.333
Iraq,1972,61.816
Iraq,1973,62.344
Iraq,1974,60.995
Iraq,1975,61.434
Iraq,1976,63.569
Iraq,1977,63.896
Iraq,1978,64.175
Iraq,1979,64.417
Iraq,1980,60.916
Iraq,1981,58.652
Iraq,1982,58.977
Iraq,1983,59.287
Iraq,1984,59.544
Iraq,1985,59.8
Iraq,1986,60.031
Iraq,1987,60.259
Iraq,1988,56.692
Iraq,1989,57.501
Iraq,1990,57.587
Iraq,1991,61.338
Iraq,1992,65.344
Iraq,1993,65.31
Iraq,1994,65.027
Iraq,1995,64.761
Iraq,1996,64.618
Iraq,1997,64.241
Iraq,1998,64.405
Iraq,1999,64.532
Iraq,2000,64.86
Iraq,2001,65.292
Iraq,2002,65.724
Iraq,2003,64.834
Iraq,2004,64.634
Iraq,2005,64.899
Iraq,2006,64.029
Iraq,2007,64.428
Iraq,2008,66.465
Iraq,2009,67.834
Iraq,2010,68.092
Iraq,2011,68.435
Iraq,2012,68.827
Iraq,2013,69.047
Iraq,2014,69.679
Iraq,2015,69.977
Iraq,2016,68.683
Iraq,2017,69.788
Iraq,2018,71.116
Iraq,2019,71.245
Iraq,2020,69.651
Iraq,2021,70.704
Iraq,2022,72.037
Iraq,2023,72.324
Ireland,1950,65.578
Ireland,1951,64.754
Ireland,1952,67.167
Ireland,1953,67.91
Ireland,1954,68.006
Ireland,1955,67.996
Ireland,1956,68.957
Ireland,1957,69.002
Ireland,1958,69.275
Ireland,1959,69.424
Ireland,1960,70.171
Ireland,1961,69.639
Ireland,1962,69.948
Ireland,1963,70.19
Ireland,1964,70.447
Ireland,1965,70.644
Ireland,1966,70.157
Ireland,1967,71.201
Ireland,1968,70.884
Ireland,1969,70.799
Ireland,1970,70.834
Ireland,1971,71.621
Ireland,1972,70.955
Ireland,1973,71.17
Ireland,1974,71.112
Ireland,1975,71.689
Ireland,1976,71.797
Ireland,1977,71.94
Ireland,1978,71.93
Ireland,1979,72.179
Ireland,1980,72.536
Ireland,1981,72.888
Ireland,1982,73.155
Ireland,1983,73.178
Ireland,1984,73.622
Ireland,1985,73.561
Ireland,1986,73.611
Ireland,1987,74.407
Ireland,1988,74.425
Ireland,1989,74.451
Ireland,1990,74.838
Ireland,1991,75.027
Ireland,1992,75.423
Ireland,1993,75.289
Ireland,1994,75.796
Ireland,1995,75.474
Ireland,1996,75.826
Ireland,1997,75.977
Ireland,1998,76.185
Ireland,1999,76.089
Ireland,2000,76.535
Ireland,2001,77.1
Ireland,2002,77.59
Ireland,2003,78.1
Ireland,2004,78.503
Ireland,2005,78.909
Ireland,2006,79.15
Ireland,2007,79.563
Ireland,2008,79.788
Ireland,2009,80.095
Ireland,2010,80.599
Ireland,2011,80.727
Ireland,2012,80.852
Ireland,2013,81.065
Ireland,2014,81.406
Ireland,2015,81.533
Ireland,2016,81.684
Ireland,2017,82.103
Ireland,2018,82.123
Ireland,2019,82.411
Ireland,2020,82.39
Ireland,2021,81.861
Ireland,2022,82.05
Ireland,2023,82.412
Isle of Man,1950,63.062
Isle of Man,1951,63.356
Isle of Man,1952,63.64
Isle of Man,1953,64.113
Isle of Man,1954,64.471
Isle of Man,1955,64.809
Isle of Man,1956,64.953
Isle of Man,1957,64.948
Isle of Man,1958,64.875
Isle of Man,1959,64.746
Isle of Man,1960,64.557
Isle of Man,1961,64.425
Isle of Man,1962,64.397
Isle of Man,1963,64.458
Isle of Man,1964,64.666
Isle of Man,1965,64.922
Isle of Man,1966,65.18
Isle of Man,1967,65.409
Isle of Man,1968,65.542
Isle of Man,1969,65.626
Isle of Man,1970,65.724
Isle of Man,1971,65.841
Isle of Man,1972,65.991
Isle of Man,1973,66.238
Isle of Man,1974,66.478
Isle of Man,1975,66.76
Isle of Man,1976,67.051
Isle of Man,1977,67.357
Isle of Man,1978,67.689
Isle of Man,1979,68.071
Isle of Man,1980,68.446
Isle of Man,1981,68.811
Isle of Man,1982,69.142
Isle of Man,1983,69.457
Isle of Man,1984,69.754
Isle of Man,1985,70.02
Isle of Man,1986,70.34
Isle of Man,1987,70.685
Isle of Man,1988,71.057
Isle of Man,1989,71.406
Isle of Man,1990,71.8
Isle of Man,1991,72.183
Isle of Man,1992,72.544
Isle of Man,1993,72.822
Isle of Man,1994,73.14
Isle of Man,1995,73.371
Isle of Man,1996,73.634
Isle of Man,1997,73.9
Isle of Man,1998,74.204
Isle of Man,1999,74.469
Isle of Man,2000,74.842
Isle of Man,2001,75.289
Isle of Man,2002,75.785
Isle of Man,2003,76.319
Isle of Man,2004,76.876
Isle of Man,2005,77.453
Isle of Man,2006,77.971
Isle of Man,2007,78.451
Isle of Man,2008,78.899
Isle of Man,2009,79.303
Isle of Man,2010,79.613
Isle of Man,2011,79.836
Isle of Man,2012,80.007
Isle of Man,2013,80.12
Isle of Man,2014,80.199
Isle of Man,2015,80.267
Isle of Man,2016,80.391
Isle of Man,2017,80.506
Isle of Man,2018,80.614
Isle of Man,2019,80.74
Isle of Man,2020,80.591
Isle of Man,2021,80.42
Isle of Man,2022,80.956
Isle of Man,2023,80.999
Israel,1950,69.861
Israel,1951,67.628
Israel,1952,67.219
Israel,1953,66.415
Israel,1954,66.25
Israel,1955,68.003
Israel,1956,66.592
Israel,1957,66.495
Israel,1958,68.386
Israel,1959,68.919
Israel,1960,69.754
Israel,1961,69.806
Israel,1962,69.329
Israel,1963,69.621
Israel,1964,69.608
Israel,1965,70.502
Israel,1966,70.941
Israel,1967,70.896
Israel,1968,70.75
Israel,1969,71.027
Israel,1970,71.157
Israel,1971,71.832
Israel,1972,71.623
Israel,1973,71.612
Israel,1974,71.562
Israel,1975,71.597
Israel,1976,72.673
Israel,1977,72.692
Israel,1978,73.058
Israel,1979,73.386
Israel,1980,73.683
Israel,1981,74.195
Israel,1982,74.334
Israel,1983,75.085
Israel,1984,75.501
Israel,1985,75.969
Israel,1986,75.91
Israel,1987,76.376
Israel,1988,76.891
Israel,1989,77.638
Israel,1990,78.038
Israel,1991,77.583
Israel,1992,77.273
Israel,1993,77.862
Israel,1994,78.045
Israel,1995,78.052
Israel,1996,78.57
Israel,1997,78.552
Israel,1998,78.588
Israel,1999,78.891
Israel,2000,79.18
Israel,2001,79.479
Israel,2002,79.514
Israel,2003,79.819
Israel,2004,80.305
Israel,2005,80.394
Israel,2006,80.786
Israel,2007,80.953
Israel,2008,81.283
Israel,2009,81.818
Israel,2010,81.974
Israel,2011,81.989
Israel,2012,81.985
Israel,2013,82.354
Israel,2014,82.361
Israel,2015,82.254
Israel,2016,82.612
Israel,2017,82.699
Israel,2018,82.918
Israel,2019,82.905
Israel,2020,82.7
Israel,2021,82.517
Israel,2022,82.814
Israel,2023,82.408
Italy,1950,65.725
Italy,1951,65.322
Italy,1952,65.914
Italy,1953,66.579
Italy,1954,67.859
Italy,1955,68.251
Italy,1956,67.639
Italy,1957,67.778
Italy,1958,68.854
Italy,1959,69.307
Italy,1960,69.207
Italy,1961,69.82
Italy,1962,69.22
Italy,1963,69.317
Italy,1964,70.384
Italy,1965,70.26
Italy,1966,70.999
Italy,1967,71.034
Italy,1968,70.869
Italy,1969,70.864
Italy,1970,71.63
Italy,1971,71.883
Italy,1972,72.145
Italy,1973,72.105
Italy,1974,72.804
Italy,1975,72.728
Italy,1976,73.07
Italy,1977,73.44
Italy,1978,73.776
Italy,1979,74.106
Italy,1980,74.052
Italy,1981,74.439
Italy,1982,74.913
Italy,1983,74.735
Italy,1984,75.499
Italy,1985,75.607
Italy,1986,75.919
Italy,1987,76.344
Italy,1988,76.532
Italy,1989,76.927
Italy,1990,76.994
Italy,1991,76.99
Italy,1992,77.365
Italy,1993,77.653
Italy,1994,77.873
Italy,1995,78.125
Italy,1996,78.438
Italy,1997,78.735
Italy,1998,78.807
Italy,1999,79.205
Italy,2000,79.607
Italy,2001,79.885
Italy,2002,80.112
Italy,2003,80.191
Italy,2004,81.017
Italy,2005,81.02
Italy,2006,81.414
Italy,2007,81.5
Italy,2008,81.645
Italy,2009,81.762
Italy,2010,82.132
Italy,2011,82.228
Italy,2012,82.252
Italy,2013,82.652
Italy,2014,82.901
Italy,2015,82.521
Italy,2016,83.046
Italy,2017,82.726
Italy,2018,83.184
Italy,2019,83.342
Italy,2020,82.181
Italy,2021,82.865
Italy,2022,82.052
Italy,2023,83.716
Jamaica,1950,56.561
Jamaica,1951,57.133
Jamaica,1952,58.11
Jamaica,1953,58.875
Jamaica,1954,59.636
Jamaica,1955,60.403
Jamaica,1956,61.163
Jamaica,1957,61.948
Jamaica,1958,62.648
Jamaica,1959,63.248
Jamaica,1960,63.828
Jamaica,1961,64.257
Jamaica,1962,64.619
Jamaica,1963,64.999
Jamaica,1964,65.347
Jamaica,1965,65.663
Jamaica,1966,65.928
Jamaica,1967,66.086
Jamaica,1968,66.319
Jamaica,1969,66.516
Jamaica,1970,66.731
Jamaica,1971,66.997
Jamaica,1972,67.304
Jamaica,1973,67.607
Jamaica,1974,67.913
Jamaica,1975,68.168
Jamaica,1976,68.412
Jamaica,1977,68.586
Jamaica,1978,68.739
Jamaica,1979,68.813
Jamaica,1980,68.992
Jamaica,1981,69.12
Jamaica,1982,69.253
Jamaica,1983,69.546
Jamaica,1984,69.809
Jamaica,1985,70.101
Jamaica,1986,70.446
Jamaica,1987,70.87
Jamaica,1988,71.161
Jamaica,1989,71.512
Jamaica,1990,71.705
Jamaica,1991,71.787
Jamaica,1992,71.816
Jamaica,1993,71.758
Jamaica,1994,71.624
Jamaica,1995,71.488
Jamaica,1996,71.328
Jamaica,1997,71.216
Jamaica,1998,71.17
Jamaica,1999,71.189
Jamaica,2000,71.281
Jamaica,2001,71.287
Jamaica,2002,71.478
Jamaica,2003,71.585
Jamaica,2004,71.542
Jamaica,2005,71.493
Jamaica,2006,71.395
Jamaica,2007,71.405
Jamaica,2008,71.502
Jamaica,2009,71.717
Jamaica,2010,71.979
Jamaica,2011,72.245
Jamaica,2012,72.405
Jamaica,2013,72.435
Jamaica,2014,72.357
Jamaica,2015,72.214
Jamaica,2016,72.052
Jamaica,2017,71.879
Jamaica,2018,71.606
Jamaica,2019,71.532
Jamaica,2020,71.452
Jamaica,2021,69.085
Jamaica,2022,71.481
Jamaica,2023,71.479
Japan,1950,59.255
Japan,1951,60.989
Japan,1952,62.996
Japan,1953,63.325
Japan,1954,64.537
Japan,1955,65.712
Japan,1956,65.56
Japan,1957,65.439
Japan,1958,67.043
Japan,1959,67.456
Japan,1960,67.718
Japan,1961,68.371
Japan,1962,68.667
Japan,1963,69.746
Japan,1964,70.197
Japan,1965,70.257
Japan,1966,71.055
Japan,1967,71.401
Japan,1968,71.672
Japan,1969,71.922
Japan,1970,72.007
Japan,1971,72.827
Japan,1972,73.258
Japan,1973,73.422
Japan,1974,73.849
Japan,1975,74.357
Japan,1976,74.761
Japan,1977,75.326
Japan,1978,75.657
Japan,1979,76.167
Japan,1980,76.141
Japan,1981,76.563
Japan,1982,77.072
Japan,1983,77.107
Japan,1984,77.507
Japan,1985,77.799
Japan,1986,78.212
Japan,1987,78.631
Japan,1988,78.545
Japan,1989,78.98
Japan,1990,78.993
Japan,1991,79.262
Japan,1992,79.303
Japan,1993,79.446
Japan,1994,79.837
Japan,1995,79.684
Japan,1996,80.363
Japan,1997,80.584
Japan,1998,80.649
Japan,1999,80.613
Japan,2000,81.179
Japan,2001,81.51
Japan,2002,81.795
Japan,2003,81.854
Japan,2004,82.127
Japan,2005,82.007
Japan,2006,82.37
Japan,2007,82.549
Japan,2008,82.633
Japan,2009,82.97
Japan,2010,82.916
Japan,2011,82.671
Japan,2012,83.168
Japan,2013,83.402
Japan,2014,83.643
Japan,2015,83.883
Japan,2016,84.057
Japan,2017,84.189
Japan,2018,84.289
Japan,2019,84.418
Japan,2020,84.67
Japan,2021,84.55
Japan,2022,84.054
Japan,2023,84.712
Jersey,1950,69.42
Jersey,1951,69.573
Jersey,1952,69.794
Jersey,1953,69.97
Jersey,1954,70.12
Jersey,1955,70.287
Jersey,1956,70.396
Jersey,1957,70.403
Jersey,1958,70.477
Jersey,1959,70.514
Jersey,1960,70.49
Jersey,1961,70.57
Jersey,1962,70.813
Jersey,1963,70.957
Jersey,1964,71.085
Jersey,1965,71.247
Jersey,1966,71.322
Jersey,1967,71.218
Jersey,1968,71.126
Jersey,1969,71.152
Jersey,1970,71.118
Jersey,1971,71.17
Jersey,1972,71.342
Jersey,1973,71.611
Jersey,1974,71.739
Jersey,1975,71.878
Jersey,1976,71.977
Jersey,1977,72.028
Jersey,1978,72.125
Jersey,1979,72.339
Jersey,1980,72.731
Jersey,1981,73.151
Jersey,1982,73.626
Jersey,1983,74.044
Jersey,1984,74.473
Jersey,1985,74.732
Jersey,1986,75.006
Jersey,1987,75.253
Jersey,1988,75.563
Jersey,1989,75.803
Jersey,1990,76.087
Jersey,1991,76.315
Jersey,1992,76.559
Jersey,1993,76.766
Jersey,1994,77.062
Jersey,1995,77.327
Jersey,1996,77.583
Jersey,1997,77.84
Jersey,1998,78.064
Jersey,1999,78.226
Jersey,2000,78.424
Jersey,2001,78.632
Jersey,2002,78.835
Jersey,2003,79.131
Jersey,2004,79.428
Jersey,2005,79.684
Jersey,2006,79.909
Jersey,2007,80.144
Jersey,2008,80.281
Jersey,2009,80.4
Jersey,2010,80.54
Jersey,2011,80.665
Jersey,2012,80.701
Jersey,2013,80.715
Jersey,2014,80.673
Jersey,2015,80.526
Jersey,2016,80.347
Jersey,2017,80.183
Jersey,2018,80.026
Jersey,2019,79.893
Jersey,2020,79.447
Jersey,2021,79.323
Jersey,2022,79.726
Jersey,2023,79.707
Jordan,1950,40.874
Jordan,1951,42.023
Jordan,1952,43.22
Jordan,1953,44.449
Jordan,1954,45.633
Jordan,1955,46.755
Jordan,1956,48.003
Jordan,1957,49.232
Jordan,1958,50.449
Jordan,1959,51.612
Jordan,1960,52.678
Jordan,1961,53.68
Jordan,1962,54.633
Jordan,1963,55.489
Jordan,1964,56.456
Jordan,1965,57.317
Jordan,1966,57.762
Jordan,1967,58.97
Jordan,1968,59.767
Jordan,1969,60.504
Jordan,1970,59.833
Jordan,1971,61.772
Jordan,1972,62.477
Jordan,1973,63.065
Jordan,1974,63.611
Jordan,1975,64.148
Jordan,1976,64.654
Jordan,1977,65.127
Jordan,1978,65.602
Jordan,1979,66.049
Jordan,1980,66.493
Jordan,1981,66.92
Jordan,1982,67.36
Jordan,1983,67.778
Jordan,1984,68.206
Jordan,1985,68.587
Jordan,1986,68.962
Jordan,1987,69.297
Jordan,1988,69.605
Jordan,1989,69.865
Jordan,1990,70.094
Jordan,1991,70.24
Jordan,1992,70.4
Jordan,1993,70.568
Jordan,1994,70.738
Jordan,1995,70.915
Jordan,1996,71.105
Jordan,1997,71.324
Jordan,1998,71.521
Jordan,1999,71.737
Jordan,2000,71.926
Jordan,2001,72.141
Jordan,2002,72.359
Jordan,2003,72.585
Jordan,2004,72.788
Jordan,2005,72.977
Jordan,2006,73.225
Jordan,2007,73.407
Jordan,2008,73.563
Jordan,2009,73.707
Jordan,2010,73.797
Jordan,2011,73.929
Jordan,2012,74.087
Jordan,2013,74.282
Jordan,2014,74.606
Jordan,2015,75.06
Jordan,2016,75.55
Jordan,2017,76.071
Jordan,2018,76.491
Jordan,2019,76.865
Jordan,2020,75.583
Jordan,2021,74.204
Jordan,2022,77.088
Jordan,2023,77.814
Kazakhstan,1950,55.594
Kazakhstan,1951,55.853
Kazakhstan,1952,56.105
Kazakhstan,1953,56.351
Kazakhstan,1954,56.592
Kazakhstan,1955,56.827
Kazakhstan,1956,57.056
Kazakhstan,1957,57.28
Kazakhstan,1958,57.503
Kazakhstan,1959,57.724
Kazakhstan,1960,57.946
Kazakhstan,1961,58.169
Kazakhstan,1962,58.392
Kazakhstan,1963,58.612
Kazakhstan,1964,58.83
Kazakhstan,1965,59.042
Kazakhstan,1966,59.247
Kazakhstan,1967,59.446
Kazakhstan,1968,59.643
Kazakhstan,1969,59.843
Kazakhstan,1970,60.049
Kazakhstan,1971,60.262
Kazakhstan,1972,60.48
Kazakhstan,1973,60.697
Kazakhstan,1974,60.908
Kazakhstan,1975,61.11
Kazakhstan,1976,61.301
Kazakhstan,1977,61.517
Kazakhstan,1978,61.765
Kazakhstan,1979,62.072
Kazakhstan,1980,62.516
Kazakhstan,1981,62.996
Kazakhstan,1982,63.586
Kazakhstan,1983,64.224
Kazakhstan,1984,64.839
Kazakhstan,1985,65.376
Kazakhstan,1986,65.788
Kazakhstan,1987,65.996
Kazakhstan,1988,66.032
Kazakhstan,1989,65.915
Kazakhstan,1990,65.701
Kazakhstan,1991,65.379
Kazakhstan,1992,64.978
Kazakhstan,1993,64.538
Kazakhstan,1994,64.108
Kazakhstan,1995,63.717
Kazakhstan,1996,63.455
Kazakhstan,1997,63.318
Kazakhstan,1998,63.349
Kazakhstan,1999,63.528
Kazakhstan,2000,63.793
Kazakhstan,2001,64.108
Kazakhstan,2002,64.441
Kazakhstan,2003,64.753
Kazakhstan,2004,65.04
Kazakhstan,2005,65.356
Kazakhstan,2006,65.722
Kazakhstan,2007,66.18
Kazakhstan,2008,66.759
Kazakhstan,2009,67.46
Kazakhstan,2010,68.257
Kazakhstan,2011,69.108
Kazakhstan,2012,69.939
Kazakhstan,2013,70.719
Kazakhstan,2014,71.415
Kazakhstan,2015,72.024
Kazakhstan,2016,72.549
Kazakhstan,2017,72.996
Kazakhstan,2018,73.369
Kazakhstan,2019,73.658
Kazakhstan,2020,71.195
Kazakhstan,2021,70.131
Kazakhstan,2022,73.503
Kazakhstan,2023,74.402
Kenya,1950,36.864
Kenya,1951,38.036
Kenya,1952,38.641
Kenya,1953,39.818
Kenya,1954,41.037
Kenya,1955,42.285
Kenya,1956,43.529
Kenya,1957,45.336
Kenya,1958,46.461
Kenya,1959,47.519
Kenya,1960,48.477
Kenya,1961,49.33
Kenya,1962,50.104
Kenya,1963,50.758
Kenya,1964,51.323
Kenya,1965,51.886
Kenya,1966,52.383
Kenya,1967,52.796
Kenya,1968,53.302
Kenya,1969,53.734
Kenya,1970,54.143
Kenya,1971,54.543
Kenya,1972,55.013
Kenya,1973,55.5
Kenya,1974,56.039
Kenya,1975,56.62
Kenya,1976,57.153
Kenya,1977,57.684
Kenya,1978,58.234
Kenya,1979,58.691
Kenya,1980,59.175
Kenya,1981,59.562
Kenya,1982,59.904
Kenya,1983,60.342
Kenya,1984,60.611
Kenya,1985,60.856
Kenya,1986,60.818
Kenya,1987,60.721
Kenya,1988,60.32
Kenya,1989,59.99
Kenya,1990,58.334
Kenya,1991,57.826
Kenya,1992,57.095
Kenya,1993,56.668
Kenya,1994,56.101
Kenya,1995,55.856
Kenya,1996,55.575
Kenya,1997,55.478
Kenya,1998,55.568
Kenya,1999,55.866
Kenya,2000,56.084
Kenya,2001,56.501
Kenya,2002,56.759
Kenya,2003,57.369
Kenya,2004,57.947
Kenya,2005,58.51
Kenya,2006,59.059
Kenya,2007,59.407
Kenya,2008,59.955
Kenya,2009,60.483
Kenya,2010,60.915
Kenya,2011,61.283
Kenya,2012,61.537
Kenya,2013,61.729
Kenya,2014,61.99
Kenya,2015,62.279
Kenya,2016,62.526
Kenya,2017,62.725
Kenya,2018,62.825
Kenya,2019,62.939
Kenya,2020,61.596
Kenya,2021,61.225
Kenya,2022,63.549
Kenya,2023,63.646
Kiribati,1950,45.721
Kiribati,1951,45.808
Kiribati,1952,45.895
Kiribati,1953,45.997
Kiribati,1954,46.124
Kiribati,1955,46.288
Kiribati,1956,46.505
Kiribati,1957,46.777
Kiribati,1958,47.11
Kiribati,1959,47.504
Kiribati,1960,47.958
Kiribati,1961,48.468
Kiribati,1962,49.042
Kiribati,1963,49.688
Kiribati,1964,50.356
Kiribati,1965,51.028
Kiribati,1966,51.736
Kiribati,1967,52.454
Kiribati,1968,53.129
Kiribati,1969,53.763
Kiribati,1970,54.38
Kiribati,1971,54.934
Kiribati,1972,55.313
Kiribati,1973,55.79
Kiribati,1974,56.102
Kiribati,1975,56.358
Kiribati,1976,56.562
Kiribati,1977,56.057
Kiribati,1978,56.924
Kiribati,1979,57.106
Kiribati,1980,57.303
Kiribati,1981,57.525
Kiribati,1982,57.773
Kiribati,1983,58.05
Kiribati,1984,58.357
Kiribati,1985,58.719
Kiribati,1986,59.118
Kiribati,1987,59.576
Kiribati,1988,60.055
Kiribati,1989,60.539
Kiribati,1990,61.018
Kiribati,1991,61.502
Kiribati,1992,61.968
Kiribati,1993,62.406
Kiribati,1994,62.797
Kiribati,1995,63.146
Kiribati,1996,63.47
Kiribati,1997,63.797
Kiribati,1998,64.1
Kiribati,1999,64.393
Kiribati,2000,64.674
Kiribati,2001,64.918
Kiribati,2002,65.123
Kiribati,2003,65.287
Kiribati,2004,65.416
Kiribati,2005,65.517
Kiribati,2006,65.601
Kiribati,2007,65.677
Kiribati,2008,65.746
Kiribati,2009,65.808
Kiribati,2010,65.859
Kiribati,2011,65.896
Kiribati,2012,65.908
Kiribati,2013,65.898
Kiribati,2014,65.869
Kiribati,2015,65.831
Kiribati,2016,65.799
Kiribati,2017,65.787
Kiribati,2018,65.807
Kiribati,2019,65.866
Kiribati,2020,65.205
Kiribati,2021,64.148
Kiribati,2022,66.269
Kiribati,2023,66.473
Kosovo,1950,43.497
Kosovo,1951,42.151
Kosovo,1952,43.948
Kosovo,1953,43.474
Kosovo,1954,46.496
Kosovo,1955,45.79
Kosovo,1956,46.253
Kosovo,1957,46.33
Kosovo,1958,48.321
Kosovo,1959,48.113
Kosovo,1960,48.702
Kosovo,1961,49.883
Kosovo,1962,48.378
Kosovo,1963,50.098
Kosovo,1964,51.119
Kosovo,1965,52.003
Kosovo,1966,52.472
Kosovo,1967,53.051
Kosovo,1968,53.606
Kosovo,1969,53.392
Kosovo,1970,54.002
Kosovo,1971,55.128
Kosovo,1972,55.122
Kosovo,1973,55.914
Kosovo,1974,56.376
Kosovo,1975,57.311
Kosovo,1976,57.54
Kosovo,1977,58.403
Kosovo,1978,58.828
Kosovo,1979,59.095
Kosovo,1980,60.297
Kosovo,1981,60.372
Kosovo,1982,60.074
Kosovo,1983,61.002
Kosovo,1984,61.459
Kosovo,1985,61.216
Kosovo,1986,62.537
Kosovo,1987,63.568
Kosovo,1988,64.214
Kosovo,1989,65.234
Kosovo,1990,66.508
Kosovo,1991,66.456
Kosovo,1992,67.381
Kosovo,1993,67.945
Kosovo,1994,68.595
Kosovo,1995,68.782
Kosovo,1996,69.359
Kosovo,1997,69.862
Kosovo,1998,68.58
Kosovo,1999,58.265
Kosovo,2000,71.321
Kosovo,2001,71.782
Kosovo,2002,72.227
Kosovo,2003,72.678
Kosovo,2004,73.132
Kosovo,2005,73.437
Kosovo,2006,73.63
Kosovo,2007,74.422
Kosovo,2008,74.711
Kosovo,2009,74.79
Kosovo,2010,74.609
Kosovo,2011,75.323
Kosovo,2012,75.75
Kosovo,2013,76.336
Kosovo,2014,76.179
Kosovo,2015,76.024
Kosovo,2016,76.748
Kosovo,2017,77.105
Kosovo,2018,77.117
Kosovo,2019,77.249
Kosovo,2020,74.212
Kosovo,2021,74.981
Kosovo,2022,77.623
Kosovo,2023,78.033
Kuwait,1950,49.737
Kuwait,1951,50.579
Kuwait,1952,51.416
Kuwait,1953,52.264
Kuwait,1954,53.132
Kuwait,1955,54.03
Kuwait,1956,54.944
Kuwait,1957,55.893
Kuwait,1958,56.878
Kuwait,1959,57.892
Kuwait,1960,58.921
Kuwait,1961,59.953
Kuwait,1962,60.978
Kuwait,1963,61.986
Kuwait,1964,62.974
Kuwait,1965,63.939
Kuwait,1966,64.878
Kuwait,1967,65.779
Kuwait,1968,66.609
Kuwait,1969,67.347
Kuwait,1970,67.977
Kuwait,1971,68.482
Kuwait,1972,68.879
Kuwait,1973,69.191
Kuwait,1974,69.448
Kuwait,1975,69.68
Kuwait,1976,69.924
Kuwait,1977,70.172
Kuwait,1978,70.455
Kuwait,1979,70.775
Kuwait,1980,71.132
Kuwait,1981,71.522
Kuwait,1982,71.948
Kuwait,1983,72.394
Kuwait,1984,72.854
Kuwait,1985,73.316
Kuwait,1986,73.78
Kuwait,1987,74.22
Kuwait,1988,74.643
Kuwait,1989,75.027
Kuwait,1990,72.854
Kuwait,1991,73.31
Kuwait,1992,75.735
Kuwait,1993,75.772
Kuwait,1994,75.728
Kuwait,1995,75.665
Kuwait,1996,75.602
Kuwait,1997,75.565
Kuwait,1998,75.612
Kuwait,1999,75.722
Kuwait,2000,75.873
Kuwait,2001,76.037
Kuwait,2002,76.188
Kuwait,2003,76.304
Kuwait,2004,76.388
Kuwait,2005,76.464
Kuwait,2006,76.554
Kuwait,2007,76.688
Kuwait,2008,76.889
Kuwait,2009,77.167
Kuwait,2010,77.499
Kuwait,2011,77.864
Kuwait,2012,78.227
Kuwait,2013,78.583
Kuwait,2014,78.927
Kuwait,2015,79.219
Kuwait,2016,79.516
Kuwait,2017,79.731
Kuwait,2018,79.899
Kuwait,2019,80.022
Kuwait,2020,78.248
Kuwait,2021,77.625
Kuwait,2022,78.788
Kuwait,2023,80.405
Kyrgyzstan,1950,52.06
Kyrgyzstan,1951,52.368
Kyrgyzstan,1952,52.619
Kyrgyzstan,1953,52.92
Kyrgyzstan,1954,53.232
Kyrgyzstan,1955,53.544
Kyrgyzstan,1956,53.86
Kyrgyzstan,1957,54.161
Kyrgyzstan,1958,54.467
Kyrgyzstan,1959,54.775
Kyrgyzstan,1960,55.092
Kyrgyzstan,1961,55.41
Kyrgyzstan,1962,55.73
Kyrgyzstan,1963,56.034
Kyrgyzstan,1964,56.333
Kyrgyzstan,1965,56.642
Kyrgyzstan,1966,56.96
Kyrgyzstan,1967,57.297
Kyrgyzstan,1968,57.598
Kyrgyzstan,1969,57.912
Kyrgyzstan,1970,58.184
Kyrgyzstan,1971,58.496
Kyrgyzstan,1972,58.828
Kyrgyzstan,1973,59.179
Kyrgyzstan,1974,59.54
Kyrgyzstan,1975,59.824
Kyrgyzstan,1976,60.099
Kyrgyzstan,1977,60.369
Kyrgyzstan,1978,60.707
Kyrgyzstan,1979,61.089
Kyrgyzstan,1980,61.535
Kyrgyzstan,1981,61.85
Kyrgyzstan,1982,62.276
Kyrgyzstan,1983,62.336
Kyrgyzstan,1984,62.854
Kyrgyzstan,1985,63.685
Kyrgyzstan,1986,64.728
Kyrgyzstan,1987,65.445
Kyrgyzstan,1988,65.291
Kyrgyzstan,1989,65.175
Kyrgyzstan,1990,64.825
Kyrgyzstan,1991,64.94
Kyrgyzstan,1992,64.427
Kyrgyzstan,1993,63.646
Kyrgyzstan,1994,62.718
Kyrgyzstan,1995,62.919
Kyrgyzstan,1996,63.447
Kyrgyzstan,1997,64.162
Kyrgyzstan,1998,64.579
Kyrgyzstan,1999,64.916
Kyrgyzstan,2000,65.242
Kyrgyzstan,2001,65.319
Kyrgyzstan,2002,65.342
Kyrgyzstan,2003,65.448
Kyrgyzstan,2004,65.649
Kyrgyzstan,2005,65.789
Kyrgyzstan,2006,65.782
Kyrgyzstan,2007,66.047
Kyrgyzstan,2008,66.616
Kyrgyzstan,2009,67.14
Kyrgyzstan,2010,67.521
Kyrgyzstan,2011,67.748
Kyrgyzstan,2012,68.142
Kyrgyzstan,2013,68.462
Kyrgyzstan,2014,68.829
Kyrgyzstan,2015,69.309
Kyrgyzstan,2016,69.909
Kyrgyzstan,2017,70.503
Kyrgyzstan,2018,70.668
Kyrgyzstan,2019,70.891
Kyrgyzstan,2020,69.136
Kyrgyzstan,2021,69.29
Kyrgyzstan,2022,71.487
Kyrgyzstan,2023,71.677
Laos,1950,38.94
Laos,1951,39.172
Laos,1952,39.427
Laos,1953,39.729
Laos,1954,40.005
Laos,1955,40.311
Laos,1956,40.563
Laos,1957,40.873
Laos,1958,41.177
Laos,1959,40.746
Laos,1960,41.036
Laos,1961,41.344
Laos,1962,42.272
Laos,1963,41.544
Laos,1964,41.859
Laos,1965,42.222
Laos,1966,42.347
Laos,1967,42.869
Laos,1968,43.183
Laos,1969,43.46
Laos,1970,43.776
Laos,1971,44.122
Laos,1972,44.416
Laos,1973,44.728
Laos,1974,45.886
Laos,1975,46.15
Laos,1976,46.012
Laos,1977,46.408
Laos,1978,46.832
Laos,1979,47.46
Laos,1980,48.56
Laos,1981,49.237
Laos,1982,49.931
Laos,1983,50.485
Laos,1984,51.014
Laos,1985,51.579
Laos,1986,52.144
Laos,1987,52.597
Laos,1988,53.077
Laos,1989,53.589
Laos,1990,54.035
Laos,1991,54.7
Laos,1992,55.098
Laos,1993,55.583
Laos,1994,55.81
Laos,1995,56.344
Laos,1996,56.821
Laos,1997,57.302
Laos,1998,57.549
Laos,1999,57.866
Laos,2000,58.317
Laos,2001,58.887
Laos,2002,59.302
Laos,2003,59.643
Laos,2004,60.08
Laos,2005,60.688
Laos,2006,61.074
Laos,2007,61.694
Laos,2008,62.248
Laos,2009,63.023
Laos,2010,63.69
Laos,2011,64.505
Laos,2012,65.126
Laos,2013,65.723
Laos,2014,66.35
Laos,2015,66.688
Laos,2016,67.014
Laos,2017,67.345
Laos,2018,67.594
Laos,2019,67.911
Laos,2020,68.339
Laos,2021,67.807
Laos,2022,68.715
Laos,2023,68.964
Latin America and the Caribbean (UN),1950,48.682
Latin America and the Caribbean (UN),1951,49.276
Latin America and the Caribbean (UN),1952,49.922
Latin America and the Caribbean (UN),1953,50.569
Latin America and the Caribbean (UN),1954,51.221
Latin America and the Caribbean (UN),1955,51.784
Latin America and the Caribbean (UN),1956,52.382
Latin America and the Caribbean (UN),1957,52.921
Latin America and the Caribbean (UN),1958,53.546
Latin America and the Caribbean (UN),1959,54.105
Latin America and the Caribbean (UN),1960,54.689
Latin America and the Caribbean (UN),1961,55.217
Latin America and the Caribbean (UN),1962,55.665
Latin America and the Caribbean (UN),1963,56.084
Latin America and the Caribbean (UN),1964,56.539
Latin America and the Caribbean (UN),1965,56.993
Latin America and the Caribbean (UN),1966,57.508
Latin America and the Caribbean (UN),1967,57.926
Latin America and the Caribbean (UN),1968,58.252
Latin America and the Caribbean (UN),1969,58.544
Latin America and the Caribbean (UN),1970,58.545
Latin America and the Caribbean (UN),1971,59.446
Latin America and the Caribbean (UN),1972,59.863
Latin America and the Caribbean (UN),1973,60.337
Latin America and the Caribbean (UN),1974,60.748
Latin America and the Caribbean (UN),1975,61.304
Latin America and the Caribbean (UN),1976,61.601
Latin America and the Caribbean (UN),1977,62.227
Latin America and the Caribbean (UN),1978,62.636
Latin America and the Caribbean (UN),1979,62.969
Latin America and the Caribbean (UN),1980,63.292
Latin America and the Caribbean (UN),1981,63.724
Latin America and the Caribbean (UN),1982,64.001
Latin America and the Caribbean (UN),1983,64.606
Latin America and the Caribbean (UN),1984,64.995
Latin America and the Caribbean (UN),1985,65.247
Latin America and the Caribbean (UN),1986,65.891
Latin America and the Caribbean (UN),1987,66.265
Latin America and the Caribbean (UN),1988,66.653
Latin America and the Caribbean (UN),1989,67.02
Latin America and the Caribbean (UN),1990,67.363
Latin America and the Caribbean (UN),1991,67.7
Latin America and the Caribbean (UN),1992,67.984
Latin America and the Caribbean (UN),1993,68.323
Latin America and the Caribbean (UN),1994,68.717
Latin America and the Caribbean (UN),1995,69.103
Latin America and the Caribbean (UN),1996,69.489
Latin America and the Caribbean (UN),1997,69.894
Latin America and the Caribbean (UN),1998,70.071
Latin America and the Caribbean (UN),1999,70.493
Latin America and the Caribbean (UN),2000,70.814
Latin America and the Caribbean (UN),2001,71.109
Latin America and the Caribbean (UN),2002,71.519
Latin America and the Caribbean (UN),2003,71.836
Latin America and the Caribbean (UN),2004,72.159
Latin America and the Caribbean (UN),2005,72.539
Latin America and the Caribbean (UN),2006,72.815
Latin America and the Caribbean (UN),2007,73.029
Latin America and the Caribbean (UN),2008,73.252
Latin America and the Caribbean (UN),2009,73.45
Latin America and the Caribbean (UN),2010,73.22
Latin America and the Caribbean (UN),2011,73.944
Latin America and the Caribbean (UN),2012,74.184
Latin America and the Caribbean (UN),2013,74.409
Latin America and the Caribbean (UN),2014,74.601
Latin America and the Caribbean (UN),2015,74.794
Latin America and the Caribbean (UN),2016,74.712
Latin America and the Caribbean (UN),2017,74.874
Latin America and the Caribbean (UN),2018,75.105
Latin America and the Caribbean (UN),2019,75.256
Latin America and the Caribbean (UN),2020,73.271
Latin America and the Caribbean (UN),2021,71.829
Latin America and the Caribbean (UN),2022,74.661
Latin America and the Caribbean (UN),2023,75.692
Latvia,1950,64.572
Latvia,1951,65.184
Latvia,1952,65.706
Latvia,1953,66.226
Latvia,1954,66.7
Latvia,1955,67.149
Latvia,1956,67.609
Latvia,1957,68.262
Latvia,1958,68.899
Latvia,1959,69.523
Latvia,1960,70.332
Latvia,1961,70.54
Latvia,1962,69.9
Latvia,1963,70.337
Latvia,1964,71.532
Latvia,1965,71.224
Latvia,1966,71.18
Latvia,1967,70.867
Latvia,1968,70.481
Latvia,1969,70.217
Latvia,1970,70.237
Latvia,1971,70.574
Latvia,1972,70.265
Latvia,1973,70.189
Latvia,1974,70.12
Latvia,1975,69.258
Latvia,1976,69.388
Latvia,1977,69.45
Latvia,1978,69.33
Latvia,1979,68.824
Latvia,1980,69.117
Latvia,1981,69.079
Latvia,1982,69.627
Latvia,1983,69.397
Latvia,1984,69.434
Latvia,1985,69.596
Latvia,1986,70.963
Latvia,1987,71.013
Latvia,1988,70.914
Latvia,1989,70.403
Latvia,1990,69.457
Latvia,1991,69.182
Latvia,1992,68.451
Latvia,1993,66.629
Latvia,1994,65.183
Latvia,1995,65.995
Latvia,1996,68.586
Latvia,1997,69.225
Latvia,1998,68.851
Latvia,1999,69.648
Latvia,2000,70.175
Latvia,2001,69.906
Latvia,2002,70.175
Latvia,2003,70.636
Latvia,2004,70.939
Latvia,2005,70.632
Latvia,2006,70.55
Latvia,2007,70.789
Latvia,2008,71.999
Latvia,2009,72.697
Latvia,2010,73.028
Latvia,2011,73.718
Latvia,2012,73.939
Latvia,2013,74.187
Latvia,2014,74.306
Latvia,2015,74.665
Latvia,2016,74.757
Latvia,2017,74.8
Latvia,2018,74.979
Latvia,2019,75.628
Latvia,2020,75.478
Latvia,2021,73.181
Latvia,2022,74.871
Latvia,2023,76.19
Least developed countries,1950,36.467
Least developed countries,1951,36.93
Least developed countries,1952,37.42
Least developed countries,1953,37.857
Least developed countries,1954,38.347
Least developed countries,1955,38.814
Least developed countries,1956,39.218
Least developed countries,1957,39.094
Least developed countries,1958,39.453
Least developed countries,1959,40.492
Least developed countries,1960,40.847
Least developed countries,1961,41.251
Least developed countries,1962,41.704
Least developed countries,1963,41.887
Least developed countries,1964,42.484
Least developed countries,1965,42.572
Least developed countries,1966,42.953
Least developed countries,1967,43.561
Least developed countries,1968,43.912
Least developed countries,1969,44.232
Least developed countries,1970,43.072
Least developed countries,1971,38.517
Least developed countries,1972,44.627
Least developed countries,1973,45.244
Least developed countries,1974,45.276
Least developed countries,1975,43.836
Least developed countries,1976,44.459
Least developed countries,1977,44.908
Least developed countries,1978,45.274
Least developed countries,1979,47.283
Least developed countries,1980,47.748
Least developed countries,1981,48.044
Least developed countries,1982,48.287
Least developed countries,1983,47.492
Least developed countries,1984,47.458
Least developed countries,1985,47.849
Least developed countries,1986,48.686
Least developed countries,1987,49.465
Least developed countries,1988,49.48
Least developed countries,1989,50.355
Least developed countries,1990,50.453
Least developed countries,1991,49.982
Least developed countries,1992,50.514
Least developed countries,1993,51.248
Least developed countries,1994,49.243
Least developed countries,1995,52.347
Least developed countries,1996,52.644
Least developed countries,1997,53.113
Least developed countries,1998,53.014
Least developed countries,1999,53.973
Least developed countries,2000,54.85
Least developed countries,2001,55.447
Least developed countries,2002,56.01
Least developed countries,2003,56.68
Least developed countries,2004,57.239
Least developed countries,2005,57.848
Least developed countries,2006,58.563
Least developed countries,2007,59.181
Least developed countries,2008,59.412
Least developed countries,2009,59.676
Least developed countries,2010,60.569
Least developed countries,2011,60.883
Least developed countries,2012,61.829
Least developed countries,2013,62.363
Least developed countries,2014,62.524
Least developed countries,2015,62.884
Least developed countries,2016,63.292
Least developed countries,2017,63.583
Least developed countries,2018,64.331
Least developed countries,2019,64.637
Least developed countries,2020,64.593
Least developed countries,2021,64.004
Least developed countries,2022,65.235
Least developed countries,2023,66.351
Lebanon,1950,59.9
Lebanon,1951,60.33
Lebanon,1952,60.764
Lebanon,1953,61.177
Lebanon,1954,61.588
Lebanon,1955,61.452
Lebanon,1956,62.236
Lebanon,1957,62.813
Lebanon,1958,61.225
Lebanon,1959,63.577
Lebanon,1960,63.927
Lebanon,1961,64.267
Lebanon,1962,64.595
Lebanon,1963,64.879
Lebanon,1964,65.103
Lebanon,1965,65.317
Lebanon,1966,65.504
Lebanon,1967,65.677
Lebanon,1968,65.802
Lebanon,1969,65.918
Lebanon,1970,66.018
Lebanon,1971,66.12
Lebanon,1972,66.201
Lebanon,1973,66.298
Lebanon,1974,66.41
Lebanon,1975,57.744
Lebanon,1976,36.436
Lebanon,1977,60.331
Lebanon,1978,59.996
Lebanon,1979,59.557
Lebanon,1980,59.909
Lebanon,1981,60.279
Lebanon,1982,47.19
Lebanon,1983,60.752
Lebanon,1984,61.167
Lebanon,1985,61.574
Lebanon,1986,62.011
Lebanon,1987,62.539
Lebanon,1988,62.92
Lebanon,1989,65.114
Lebanon,1990,65.479
Lebanon,1991,70.865
Lebanon,1992,71.169
Lebanon,1993,71.559
Lebanon,1994,72.03
Lebanon,1995,72.383
Lebanon,1996,72.614
Lebanon,1997,72.94
Lebanon,1998,73.201
Lebanon,1999,73.513
Lebanon,2000,73.895
Lebanon,2001,74.354
Lebanon,2002,74.836
Lebanon,2003,75.275
Lebanon,2004,75.693
Lebanon,2005,76.074
Lebanon,2006,75.677
Lebanon,2007,76.732
Lebanon,2008,76.956
Lebanon,2009,77.262
Lebanon,2010,77.529
Lebanon,2011,77.768
Lebanon,2012,77.941
Lebanon,2013,78.037
Lebanon,2014,78.148
Lebanon,2015,78.275
Lebanon,2016,78.306
Lebanon,2017,78.192
Lebanon,2018,78.263
Lebanon,2019,78.208
Lebanon,2020,76.299
Lebanon,2021,73.65
Lebanon,2022,78.003
Lebanon,2023,77.817
Lesotho,1950,44.629
Lesotho,1951,45.217
Lesotho,1952,45.904
Lesotho,1953,46.58
Lesotho,1954,47.304
Lesotho,1955,47.959
Lesotho,1956,48.613
Lesotho,1957,49.162
Lesotho,1958,49.605
Lesotho,1959,49.922
Lesotho,1960,50.171
Lesotho,1961,50.275
Lesotho,1962,50.307
Lesotho,1963,50.26
Lesotho,1964,50.307
Lesotho,1965,50.326
Lesotho,1966,50.377
Lesotho,1967,50.513
Lesotho,1968,50.791
Lesotho,1969,51.117
Lesotho,1970,51.501
Lesotho,1971,51.845
Lesotho,1972,52.256
Lesotho,1973,52.62
Lesotho,1974,52.941
Lesotho,1975,53.454
Lesotho,1976,53.931
Lesotho,1977,54.526
Lesotho,1978,55.166
Lesotho,1979,55.843
Lesotho,1980,56.534
Lesotho,1981,57.307
Lesotho,1982,57.976
Lesotho,1983,58.495
Lesotho,1984,58.955
Lesotho,1985,59.211
Lesotho,1986,59.346
Lesotho,1987,59.557
Lesotho,1988,59.572
Lesotho,1989,59.505
Lesotho,1990,59.317
Lesotho,1991,59.061
Lesotho,1992,58.638
Lesotho,1993,58.06
Lesotho,1994,57.288
Lesotho,1995,56.368
Lesotho,1996,55.136
Lesotho,1997,53.733
Lesotho,1998,52.029
Lesotho,1999,50.385
Lesotho,2000,48.783
Lesotho,2001,47.153
Lesotho,2002,45.95
Lesotho,2003,44.921
Lesotho,2004,44.039
Lesotho,2005,43.611
Lesotho,2006,43.182
Lesotho,2007,43.66
Lesotho,2008,44.304
Lesotho,2009,45.055
Lesotho,2010,46.045
Lesotho,2011,46.93
Lesotho,2012,48.235
Lesotho,2013,49.547
Lesotho,2014,50.786
Lesotho,2015,51.83
Lesotho,2016,52.908
Lesotho,2017,53.874
Lesotho,2018,54.638
Lesotho,2019,55.249
Lesotho,2020,55.133
Lesotho,2021,54.209
Lesotho,2022,56.812
Lesotho,2023,57.375
Less developed regions,1950,41.149
Less developed regions,1951,42.057
Less developed regions,1952,43.189
Less developed regions,1953,43.839
Less developed regions,1954,44.711
Less developed regions,1955,45.287
Less developed regions,1956,45.819
Less developed regions,1957,46.261
Less developed regions,1958,46.705
Less developed regions,1959,44.272
Less developed regions,1960,42.178
Less developed regions,1961,44.981
Less developed regions,1962,48.554
Less developed regions,1963,49.205
Less developed regions,1964,49.803
Less developed regions,1965,49.587
Less developed regions,1966,50.312
Less developed regions,1967,50.92
Less developed regions,1968,51.71
Less developed regions,1969,52.254
Less developed regions,1970,52.547
Less developed regions,1971,52.194
Less developed regions,1972,53.662
Less developed regions,1973,54.26
Less developed regions,1974,54.666
Less developed regions,1975,54.929
Less developed regions,1976,55.297
Less developed regions,1977,55.947
Less developed regions,1978,56.401
Less developed regions,1979,57.166
Less developed regions,1980,57.623
Less developed regions,1981,58.092
Less developed regions,1982,58.546
Less developed regions,1983,58.806
Less developed regions,1984,59.209
Less developed regions,1985,59.627
Less developed regions,1986,60.144
Less developed regions,1987,60.638
Less developed regions,1988,60.888
Less developed regions,1989,61.372
Less developed regions,1990,61.608
Less developed regions,1991,61.765
Less developed regions,1992,62.1
Less developed regions,1993,62.461
Less developed regions,1994,62.319
Less developed regions,1995,63.026
Less developed regions,1996,63.306
Less developed regions,1997,63.619
Less developed regions,1998,63.822
Less developed regions,1999,64.237
Less developed regions,2000,64.667
Less developed regions,2001,65.014
Less developed regions,2002,65.395
Less developed regions,2003,65.779
Less developed regions,2004,66.055
Less developed regions,2005,66.512
Less developed regions,2006,66.931
Less developed regions,2007,67.343
Less developed regions,2008,67.615
Less developed regions,2009,67.972
Less developed regions,2010,68.432
Less developed regions,2011,68.719
Less developed regions,2012,69.182
Less developed regions,2013,69.509
Less developed regions,2014,69.777
Less developed regions,2015,70.035
Less developed regions,2016,70.297
Less developed regions,2017,70.502
Less developed regions,2018,70.879
Less developed regions,2019,71.105
Less developed regions,2020,70.542
Less developed regions,2021,69.393
Less developed regions,2022,71.338
Less developed regions,2023,71.728
"Less developed regions, excluding China",1950,40.092
"Less developed regions, excluding China",1951,41.044
"Less developed regions, excluding China",1952,42.273
"Less developed regions, excluding China",1953,42.928
"Less developed regions, excluding China",1954,43.806
"Less developed regions, excluding China",1955,44.448
"Less developed regions, excluding China",1956,44.996
"Less developed regions, excluding China",1957,45.37
"Less developed regions, excluding China",1958,45.857
"Less developed regions, excluding China",1959,46.549
"Less developed regions, excluding China",1960,46.986
"Less developed regions, excluding China",1961,47.408
"Less developed regions, excluding China",1962,47.865
"Less developed regions, excluding China",1963,48.265
"Less developed regions, excluding China",1964,48.719
"Less developed regions, excluding China",1965,48.075
"Less developed regions, excluding China",1966,48.833
"Less developed regions, excluding China",1967,49.428
"Less developed regions, excluding China",1968,50.193
"Less developed regions, excluding China",1969,50.612
"Less developed regions, excluding China",1970,50.667
"Less developed regions, excluding China",1971,49.847
"Less developed regions, excluding China",1972,51.619
"Less developed regions, excluding China",1973,52.16
"Less developed regions, excluding China",1974,52.532
"Less developed regions, excluding China",1975,52.75
"Less developed regions, excluding China",1976,53.264
"Less developed regions, excluding China",1977,53.825
"Less developed regions, excluding China",1978,54.289
"Less developed regions, excluding China",1979,55.149
"Less developed regions, excluding China",1980,55.588
"Less developed regions, excluding China",1981,56.028
"Less developed regions, excluding China",1982,56.431
"Less developed regions, excluding China",1983,56.677
"Less developed regions, excluding China",1984,57.06
"Less developed regions, excluding China",1985,57.457
"Less developed regions, excluding China",1986,57.969
"Less developed regions, excluding China",1987,58.433
"Less developed regions, excluding China",1988,58.654
"Less developed regions, excluding China",1989,59.162
"Less developed regions, excluding China",1990,59.377
"Less developed regions, excluding China",1991,59.524
"Less developed regions, excluding China",1992,59.874
"Less developed regions, excluding China",1993,60.249
"Less developed regions, excluding China",1994,59.981
"Less developed regions, excluding China",1995,60.783
"Less developed regions, excluding China",1996,61.038
"Less developed regions, excluding China",1997,61.352
"Less developed regions, excluding China",1998,61.537
"Less developed regions, excluding China",1999,61.989
"Less developed regions, excluding China",2000,62.45
"Less developed regions, excluding China",2001,62.809
"Less developed regions, excluding China",2002,63.213
"Less developed regions, excluding China",2003,63.618
"Less developed regions, excluding China",2004,63.884
"Less developed regions, excluding China",2005,64.371
"Less developed regions, excluding China",2006,64.812
"Less developed regions, excluding China",2007,65.226
"Less developed regions, excluding China",2008,65.56
"Less developed regions, excluding China",2009,65.885
"Less developed regions, excluding China",2010,66.37
"Less developed regions, excluding China",2011,66.695
"Less developed regions, excluding China",2012,67.168
"Less developed regions, excluding China",2013,67.528
"Less developed regions, excluding China",2014,67.802
"Less developed regions, excluding China",2015,68.084
"Less developed regions, excluding China",2016,68.349
"Less developed regions, excluding China",2017,68.625
"Less developed regions, excluding China",2018,68.998
"Less developed regions, excluding China",2019,69.245
"Less developed regions, excluding China",2020,68.471
"Less developed regions, excluding China",2021,66.988
"Less developed regions, excluding China",2022,69.6
"Less developed regions, excluding China",2023,70.221
"Less developed regions, excluding least developed countries",1950,41.891
"Less developed regions, excluding least developed countries",1951,42.854
"Less developed regions, excluding least developed countries",1952,44.068
"Less developed regions, excluding least developed countries",1953,44.741
"Less developed regions, excluding least developed countries",1954,45.664
"Less developed regions, excluding least developed countries",1955,46.252
"Less developed regions, excluding least developed countries",1956,46.804
"Less developed regions, excluding least developed countries",1957,47.333
"Less developed regions, excluding least developed countries",1958,47.795
"Less developed regions, excluding least developed countries",1959,44.836
"Less developed regions, excluding least developed countries",1960,42.401
"Less developed regions, excluding least developed countries",1961,45.575
"Less developed regions, excluding least developed countries",1962,49.644
"Less developed regions, excluding least developed countries",1963,50.345
"Less developed regions, excluding least developed countries",1964,50.928
"Less developed regions, excluding least developed countries",1965,50.659
"Less developed regions, excluding least developed countries",1966,51.445
"Less developed regions, excluding least developed countries",1967,52.064
"Less developed regions, excluding least developed countries",1968,52.931
"Less developed regions, excluding least developed countries",1969,53.517
"Less developed regions, excluding least developed countries",1970,54.068
"Less developed regions, excluding least developed countries",1971,54.563
"Less developed regions, excluding least developed countries",1972,55.124
"Less developed regions, excluding least developed countries",1973,55.736
"Less developed regions, excluding least developed countries",1974,56.238
"Less developed regions, excluding least developed countries",1975,56.834
"Less developed regions, excluding least developed countries",1976,57.175
"Less developed regions, excluding least developed countries",1977,57.887
"Less developed regions, excluding least developed countries",1978,58.378
"Less developed regions, excluding least developed countries",1979,58.938
"Less developed regions, excluding least developed countries",1980,59.406
"Less developed regions, excluding least developed countries",1981,59.906
"Less developed regions, excluding least developed countries",1982,60.39
"Less developed regions, excluding least developed countries",1983,60.885
"Less developed regions, excluding least developed countries",1984,61.373
"Less developed regions, excluding least developed countries",1985,61.8
"Less developed regions, excluding least developed countries",1986,62.243
"Less developed regions, excluding least developed countries",1987,62.658
"Less developed regions, excluding least developed countries",1988,62.979
"Less developed regions, excluding least developed countries",1989,63.368
"Less developed regions, excluding least developed countries",1990,63.634
"Less developed regions, excluding least developed countries",1991,63.956
"Less developed regions, excluding least developed countries",1992,64.266
"Less developed regions, excluding least developed countries",1993,64.568
"Less developed regions, excluding least developed countries",1994,64.812
"Less developed regions, excluding least developed countries",1995,65.08
"Less developed regions, excluding least developed countries",1996,65.381
"Less developed regions, excluding least developed countries",1997,65.681
"Less developed regions, excluding least developed countries",1998,65.968
"Less developed regions, excluding least developed countries",1999,66.273
"Less developed regions, excluding least developed countries",2000,66.622
"Less developed regions, excluding least developed countries",2001,66.921
"Less developed regions, excluding least developed countries",2002,67.269
"Less developed regions, excluding least developed countries",2003,67.603
"Less developed regions, excluding least developed countries",2004,67.824
"Less developed regions, excluding least developed countries",2005,68.249
"Less developed regions, excluding least developed countries",2006,68.609
"Less developed regions, excluding least developed countries",2007,68.976
"Less developed regions, excluding least developed countries",2008,69.256
"Less developed regions, excluding least developed countries",2009,69.634
"Less developed regions, excluding least developed countries",2010,69.999
"Less developed regions, excluding least developed countries",2011,70.307
"Less developed regions, excluding least developed countries",2012,70.642
"Less developed regions, excluding least developed countries",2013,70.928
"Less developed regions, excluding least developed countries",2014,71.239
"Less developed regions, excluding least developed countries",2015,71.491
"Less developed regions, excluding least developed countries",2016,71.737
"Less developed regions, excluding least developed countries",2017,71.95
"Less developed regions, excluding least developed countries",2018,72.244
"Less developed regions, excluding least developed countries",2019,72.475
"Less developed regions, excluding least developed countries",2020,71.817
"Less developed regions, excluding least developed countries",2021,70.609
"Less developed regions, excluding least developed countries",2022,72.717
"Less developed regions, excluding least developed countries",2023,72.937
Liberia,1950,37.966
Liberia,1951,38.024
Liberia,1952,38.052
Liberia,1953,38.077
Liberia,1954,38.097
Liberia,1955,38.109
Liberia,1956,38.096
Liberia,1957,38.078
Liberia,1958,38.054
Liberia,1959,38.056
Liberia,1960,38.073
Liberia,1961,38.104
Liberia,1962,38.167
Liberia,1963,38.309
Liberia,1964,38.451
Liberia,1965,38.693
Liberia,1966,38.955
Liberia,1967,39.262
Liberia,1968,39.588
Liberia,1969,39.991
Liberia,1970,40.359
Liberia,1971,40.72
Liberia,1972,41.199
Liberia,1973,41.619
Liberia,1974,42.063
Liberia,1975,42.463
Liberia,1976,42.851
Liberia,1977,43.22
Liberia,1978,43.567
Liberia,1979,43.89
Liberia,1980,44.088
Liberia,1981,44.344
Liberia,1982,44.447
Liberia,1983,44.576
Liberia,1984,44.683
Liberia,1985,44.026
Liberia,1986,44.494
Liberia,1987,44.267
Liberia,1988,44.065
Liberia,1989,43.863
Liberia,1990,37.644
Liberia,1991,43.575
Liberia,1992,43.566
Liberia,1993,43.022
Liberia,1994,42.621
Liberia,1995,44.573
Liberia,1996,44.945
Liberia,1997,48.302
Liberia,1998,49.367
Liberia,1999,50.412
Liberia,2000,51.852
Liberia,2001,53.109
Liberia,2002,54.061
Liberia,2003,53.045
Liberia,2004,55.949
Liberia,2005,56.765
Liberia,2006,57.495
Liberia,2007,58.147
Liberia,2008,58.675
Liberia,2009,59.106
Liberia,2010,59.358
Liberia,2011,59.486
Liberia,2012,59.785
Liberia,2013,59.992
Liberia,2014,59.21
Liberia,2015,59.248
Liberia,2016,60.483
Liberia,2017,60.777
Liberia,2018,60.999
Liberia,2019,61.232
Liberia,2020,61.267
Liberia,2021,61.166
Liberia,2022,61.934
Liberia,2023,62.163
Libya,1950,33.112
Libya,1951,33.472
Libya,1952,33.801
Libya,1953,34.182
Libya,1954,34.655
Libya,1955,35.249
Libya,1956,36.003
Libya,1957,36.876
Libya,1958,37.99
Libya,1959,39.266
Libya,1960,40.752
Libya,1961,42.362
Libya,1962,44.075
Libya,1963,45.584
Libya,1964,47.652
Libya,1965,49.278
Libya,1966,50.946
Libya,1967,52.462
Libya,1968,53.849
Libya,1969,55.173
Libya,1970,56.379
Libya,1971,57.583
Libya,1972,58.685
Libya,1973,59.71
Libya,1974,60.709
Libya,1975,61.621
Libya,1976,62.448
Libya,1977,63.129
Libya,1978,63.796
Libya,1979,64.328
Libya,1980,64.797
Libya,1981,65.255
Libya,1982,65.768
Libya,1983,66.26
Libya,1984,66.748
Libya,1985,67.285
Libya,1986,67.806
Libya,1987,68.258
Libya,1988,68.608
Libya,1989,68.979
Libya,1990,69.312
Libya,1991,69.635
Libya,1992,69.974
Libya,1993,70.247
Libya,1994,70.472
Libya,1995,70.641
Libya,1996,70.736
Libya,1997,70.72
Libya,1998,70.657
Libya,1999,70.601
Libya,2000,70.542
Libya,2001,70.653
Libya,2002,70.788
Libya,2003,70.996
Libya,2004,71.21
Libya,2005,71.439
Libya,2006,71.632
Libya,2007,71.788
Libya,2008,71.936
Libya,2009,72.071
Libya,2010,72.196
Libya,2011,69.95
Libya,2012,72.188
Libya,2013,72.339
Libya,2014,71.3
Libya,2015,71.644
Libya,2016,71.799
Libya,2017,72.721
Libya,2018,73.151
Libya,2019,72.941
Libya,2020,72.388
Libya,2021,72.062
Libya,2022,74.462
Libya,2023,69.339
Liechtenstein,1950,65.338
Liechtenstein,1951,65.849
Liechtenstein,1952,66.227
Liechtenstein,1953,66.887
Liechtenstein,1954,67.548
Liechtenstein,1955,68.308
Liechtenstein,1956,68.89
Liechtenstein,1957,69.582
Liechtenstein,1958,70.114
Liechtenstein,1959,70.601
Liechtenstein,1960,70.896
Liechtenstein,1961,70.97
Liechtenstein,1962,70.876
Liechtenstein,1963,70.932
Liechtenstein,1964,71.075
Liechtenstein,1965,71.241
Liechtenstein,1966,71.639
Liechtenstein,1967,72.022
Liechtenstein,1968,72.347
Liechtenstein,1969,72.554
Liechtenstein,1970,72.82
Liechtenstein,1971,73.031
Liechtenstein,1972,73.373
Liechtenstein,1973,73.653
Liechtenstein,1974,74.025
Liechtenstein,1975,74.33
Liechtenstein,1976,74.572
Liechtenstein,1977,74.772
Liechtenstein,1978,74.713
Liechtenstein,1979,74.74
Liechtenstein,1980,74.783
Liechtenstein,1981,74.948
Liechtenstein,1982,75.06
Liechtenstein,1983,75.713
Liechtenstein,1984,76.188
Liechtenstein,1985,76.735
Liechtenstein,1986,77.23
Liechtenstein,1987,77.753
Liechtenstein,1988,77.993
Liechtenstein,1989,78.284
Liechtenstein,1990,78.51
Liechtenstein,1991,78.66
Liechtenstein,1992,78.654
Liechtenstein,1993,78.452
Liechtenstein,1994,78.18
Liechtenstein,1995,77.918
Liechtenstein,1996,77.666
Liechtenstein,1997,77.596
Liechtenstein,1998,77.806
Liechtenstein,1999,78.151
Liechtenstein,2000,78.576
Liechtenstein,2001,79.194
Liechtenstein,2002,79.759
Liechtenstein,2003,80.238
Liechtenstein,2004,80.733
Liechtenstein,2005,81.117
Liechtenstein,2006,81.403
Liechtenstein,2007,81.639
Liechtenstein,2008,81.855
Liechtenstein,2009,81.937
Liechtenstein,2010,82.054
Liechtenstein,2011,82.157
Liechtenstein,2012,82.254
Liechtenstein,2013,82.374
Liechtenstein,2014,82.546
Liechtenstein,2015,82.762
Liechtenstein,2016,82.895
Liechtenstein,2017,83.111
Liechtenstein,2018,83.269
Liechtenstein,2019,83.405
Liechtenstein,2020,82.037
Liechtenstein,2021,82.788
Liechtenstein,2022,83.405
Liechtenstein,2023,83.63
Lithuania,1950,66.068
Lithuania,1951,66.148
Lithuania,1952,66.231
Lithuania,1953,66.341
Lithuania,1954,66.464
Lithuania,1955,66.638
Lithuania,1956,66.847
Lithuania,1957,67.707
Lithuania,1958,68.556
Lithuania,1959,69.404
Lithuania,1960,70.289
Lithuania,1961,70.464
Lithuania,1962,69.438
Lithuania,1963,70.568
Lithuania,1964,71.935
Lithuania,1965,71.694
Lithuania,1966,71.873
Lithuania,1967,71.957
Lithuania,1968,71.631
Lithuania,1969,71.226
Lithuania,1970,71.103
Lithuania,1971,72.039
Lithuania,1972,71.311
Lithuania,1973,71.618
Lithuania,1974,71.537
Lithuania,1975,71.108
Lithuania,1976,71.221
Lithuania,1977,71.059
Lithuania,1978,70.854
Lithuania,1979,70.715
Lithuania,1980,70.701
Lithuania,1981,70.687
Lithuania,1982,71.064
Lithuania,1983,71.015
Lithuania,1984,70.542
Lithuania,1985,70.74
Lithuania,1986,72.388
Lithuania,1987,72.228
Lithuania,1988,72.029
Lithuania,1989,71.637
Lithuania,1990,71.369
Lithuania,1991,70.51
Lithuania,1992,70.337
Lithuania,1993,68.934
Lithuania,1994,68.503
Lithuania,1995,69.018
Lithuania,1996,70.193
Lithuania,1997,71.029
Lithuania,1998,71.33
Lithuania,1999,71.717
Lithuania,2000,72.139
Lithuania,2001,71.712
Lithuania,2002,71.839
Lithuania,2003,72.088
Lithuania,2004,72.001
Lithuania,2005,71.246
Lithuania,2006,70.964
Lithuania,2007,70.698
Lithuania,2008,71.696
Lithuania,2009,72.85
Lithuania,2010,73.196
Lithuania,2011,73.608
Lithuania,2012,73.964
Lithuania,2013,74.027
Lithuania,2014,74.596
Lithuania,2015,74.474
Lithuania,2016,74.82
Lithuania,2017,75.701
Lithuania,2018,75.909
Lithuania,2019,76.424
Lithuania,2020,75.105
Lithuania,2021,74.297
Lithuania,2022,74.696
Lithuania,2023,76.025
Low-income countries,1950,31.21
Low-income countries,1951,33.015
Low-income countries,1952,36.044
Low-income countries,1953,37.032
Low-income countries,1954,38.021
Low-income countries,1955,38.484
Low-income countries,1956,38.912
Low-income countries,1957,38.26
Low-income countries,1958,38.626
Low-income countries,1959,40.136
Low-income countries,1960,40.532
Low-income countries,1961,40.845
Low-income countries,1962,41.168
Low-income countries,1963,41.408
Low-income countries,1964,41.89
Low-income countries,1965,42.095
Low-income countries,1966,42.048
Low-income countries,1967,42.835
Low-income countries,1968,43.201
Low-income countries,1969,43.5
Low-income countries,1970,43.84
Low-income countries,1971,44.179
Low-income countries,1972,43.771
Low-income countries,1973,44.543
Low-income countries,1974,44.568
Low-income countries,1975,44.811
Low-income countries,1976,45.528
Low-income countries,1977,45.858
Low-income countries,1978,45.981
Low-income countries,1979,46.348
Low-income countries,1980,46.682
Low-income countries,1981,46.866
Low-income countries,1982,46.892
Low-income countries,1983,45.49
Low-income countries,1984,45.2
Low-income countries,1985,45.733
Low-income countries,1986,46.851
Low-income countries,1987,48.049
Low-income countries,1988,47.904
Low-income countries,1989,49.187
Low-income countries,1990,49.212
Low-income countries,1991,48.948
Low-income countries,1992,49.009
Low-income countries,1993,50.024
Low-income countries,1994,46.337
Low-income countries,1995,50.788
Low-income countries,1996,50.964
Low-income countries,1997,51.408
Low-income countries,1998,50.939
Low-income countries,1999,52.152
Low-income countries,2000,53.145
Low-income countries,2001,53.684
Low-income countries,2002,54.184
Low-income countries,2003,55.132
Low-income countries,2004,55.675
Low-income countries,2005,56.251
Low-income countries,2006,57.051
Low-income countries,2007,57.751
Low-income countries,2008,58.41
Low-income countries,2009,57.979
Low-income countries,2010,59.534
Low-income countries,2011,59.398
Low-income countries,2012,60.364
Low-income countries,2013,60.894
Low-income countries,2014,60.9
Low-income countries,2015,61.163
Low-income countries,2016,61.561
Low-income countries,2017,61.766
Low-income countries,2018,62.709
Low-income countries,2019,63.038
Low-income countries,2020,63.267
Low-income countries,2021,62.779
Low-income countries,2022,63.48
Low-income countries,2023,64.938
Lower-middle-income countries,1950,40.78
Lower-middle-income countries,1951,41.336
Lower-middle-income countries,1952,41.959
Lower-middle-income countries,1953,42.442
Lower-middle-income countries,1954,43.225
Lower-middle-income countries,1955,43.859
Lower-middle-income countries,1956,44.349
Lower-middle-income countries,1957,44.809
Lower-middle-income countries,1958,45.286
Lower-middle-income countries,1959,45.815
Lower-middle-income countries,1960,46.17
Lower-middle-income countries,1961,46.542
Lower-middle-income countries,1962,46.962
Lower-middle-income countries,1963,47.337
Lower-middle-income countries,1964,47.749
Lower-middle-income countries,1965,47.26
Lower-middle-income countries,1966,47.7
Lower-middle-income countries,1967,47.954
Lower-middle-income countries,1968,48.921
Lower-middle-income countries,1969,49.343
Lower-middle-income countries,1970,49.237
Lower-middle-income countries,1971,47.644
Lower-middle-income countries,1972,50.265
Lower-middle-income countries,1973,50.783
Lower-middle-income countries,1974,51.199
Lower-middle-income countries,1975,51.282
Lower-middle-income countries,1976,51.795
Lower-middle-income countries,1977,52.385
Lower-middle-income countries,1978,52.907
Lower-middle-income countries,1979,54.014
Lower-middle-income countries,1980,54.563
Lower-middle-income countries,1981,55.02
Lower-middle-income countries,1982,55.495
Lower-middle-income countries,1983,55.978
Lower-middle-income countries,1984,56.451
Lower-middle-income countries,1985,56.85
Lower-middle-income countries,1986,57.255
Lower-middle-income countries,1987,57.614
Lower-middle-income countries,1988,57.957
Lower-middle-income countries,1989,58.311
Lower-middle-income countries,1990,58.527
Lower-middle-income countries,1991,58.664
Lower-middle-income countries,1992,59.042
Lower-middle-income countries,1993,59.266
Lower-middle-income countries,1994,59.501
Lower-middle-income countries,1995,59.774
Lower-middle-income countries,1996,60.052
Lower-middle-income countries,1997,60.377
Lower-middle-income countries,1998,60.714
Lower-middle-income countries,1999,61.12
Lower-middle-income countries,2000,61.546
Lower-middle-income countries,2001,61.922
Lower-middle-income countries,2002,62.367
Lower-middle-income countries,2003,62.764
Lower-middle-income countries,2004,63.138
Lower-middle-income countries,2005,63.516
Lower-middle-income countries,2006,63.958
Lower-middle-income countries,2007,64.362
Lower-middle-income countries,2008,64.633
Lower-middle-income countries,2009,65.136
Lower-middle-income countries,2010,65.481
Lower-middle-income countries,2011,65.944
Lower-middle-income countries,2012,66.32
Lower-middle-income countries,2013,66.662
Lower-middle-income countries,2014,67.007
Lower-middle-income countries,2015,67.328
Lower-middle-income countries,2016,67.67
Lower-middle-income countries,2017,67.988
Lower-middle-income countries,2018,68.248
Lower-middle-income countries,2019,68.525
Lower-middle-income countries,2020,67.906
Lower-middle-income countries,2021,66.186
Lower-middle-income countries,2022,69.25
Lower-middle-income countries,2023,69.585
Luxembourg,1950,65.547
Luxembourg,1951,65.856
Luxembourg,1952,66.122
Luxembourg,1953,66.394
Luxembourg,1954,66.665
Luxembourg,1955,67.371
Luxembourg,1956,67.139
Luxembourg,1957,66.89
Luxembourg,1958,68.413
Luxembourg,1959,68.373
Luxembourg,1960,68.783
Luxembourg,1961,69.15
Luxembourg,1962,68.4
Luxembourg,1963,68.669
Luxembourg,1964,68.828
Luxembourg,1965,69.209
Luxembourg,1966,68.907
Luxembourg,1967,69.474
Luxembourg,1968,69.994
Luxembourg,1969,69.717
Luxembourg,1970,69.226
Luxembourg,1971,69.246
Luxembourg,1972,70.469
Luxembourg,1973,70.316
Luxembourg,1974,70.222
Luxembourg,1975,70.338
Luxembourg,1976,70.244
Luxembourg,1977,71.459
Luxembourg,1978,71.471
Luxembourg,1979,72.253
Luxembourg,1980,72.387
Luxembourg,1981,72.077
Luxembourg,1982,72.157
Luxembourg,1983,72.978
Luxembourg,1984,72.718
Luxembourg,1985,73.284
Luxembourg,1986,74.085
Luxembourg,1987,73.867
Luxembourg,1988,74.277
Luxembourg,1989,74.286
Luxembourg,1990,74.967
Luxembourg,1991,74.964
Luxembourg,1992,74.746
Luxembourg,1993,75.426
Luxembourg,1994,75.931
Luxembourg,1995,75.878
Luxembourg,1996,76.168
Luxembourg,1997,76.39
Luxembourg,1998,76.571
Luxembourg,1999,76.986
Luxembourg,2000,77.263
Luxembourg,2001,77.53
Luxembourg,2002,77.552
Luxembourg,2003,77.262
Luxembourg,2004,78.658
Luxembourg,2005,78.879
Luxembourg,2006,78.838
Luxembourg,2007,79.116
Luxembourg,2008,80.107
Luxembourg,2009,79.907
Luxembourg,2010,80.099
Luxembourg,2011,80.285
Luxembourg,2012,80.438
Luxembourg,2013,80.854
Luxembourg,2014,81.236
Luxembourg,2015,81.256
Luxembourg,2016,81.62
Luxembourg,2017,81.089
Luxembourg,2018,81.519
Luxembourg,2019,81.588
Luxembourg,2020,81.411
Luxembourg,2021,81.839
Luxembourg,2022,82.201
Luxembourg,2023,82.229
Macao,1950,58.331
Macao,1951,58.822
Macao,1952,59.29
Macao,1953,59.746
Macao,1954,60.254
Macao,1955,60.731
Macao,1956,60.951
Macao,1957,62.465
Macao,1958,63.154
Macao,1959,63.683
Macao,1960,63.935
Macao,1961,64.48
Macao,1962,65.093
Macao,1963,65.651
Macao,1964,66.034
Macao,1965,66.314
Macao,1966,66.791
Macao,1967,67.404
Macao,1968,68.021
Macao,1969,68.268
Macao,1970,68.761
Macao,1971,69.168
Macao,1972,69.704
Macao,1973,70.093
Macao,1974,71.004
Macao,1975,71.19
Macao,1976,71.872
Macao,1977,71.801
Macao,1978,72.242
Macao,1979,72.625
Macao,1980,72.997
Macao,1981,73.367
Macao,1982,73.908
Macao,1983,74.066
Macao,1984,74.23
Macao,1985,74.702
Macao,1986,74.982
Macao,1987,75.165
Macao,1988,75.544
Macao,1989,76.225
Macao,1990,76.572
Macao,1991,76.638
Macao,1992,77.07
Macao,1993,77.471
Macao,1994,77.428
Macao,1995,77.846
Macao,1996,77.428
Macao,1997,78.44
Macao,1998,78.745
Macao,1999,79.125
Macao,2000,79.429
Macao,2001,79.812
Macao,2002,80.098
Macao,2003,80.215
Macao,2004,80.406
Macao,2005,80.522
Macao,2006,80.71
Macao,2007,80.932
Macao,2008,81.162
Macao,2009,81.493
Macao,2010,81.663
Macao,2011,81.992
Macao,2012,82.256
Macao,2013,82.476
Macao,2014,82.695
Macao,2015,82.94
Macao,2016,83.02
Macao,2017,83.078
Macao,2018,83.396
Macao,2019,83.293
Macao,2020,84.61
Macao,2021,83.818
Macao,2022,82.103
Macao,2023,83.075
Madagascar,1950,39.658
Madagascar,1951,39.94
Madagascar,1952,40.341
Madagascar,1953,40.656
Madagascar,1954,40.948
Madagascar,1955,41.278
Madagascar,1956,41.691
Madagascar,1957,42.113
Madagascar,1958,42.505
Madagascar,1959,42.952
Madagascar,1960,43.349
Madagascar,1961,43.79
Madagascar,1962,44.185
Madagascar,1963,44.626
Madagascar,1964,45.037
Madagascar,1965,45.447
Madagascar,1966,45.98
Madagascar,1967,46.457
Madagascar,1968,46.932
Madagascar,1969,47.322
Madagascar,1970,47.898
Madagascar,1971,48.204
Madagascar,1972,48.507
Madagascar,1973,48.921
Madagascar,1974,49.303
Madagascar,1975,49.596
Madagascar,1976,49.8
Madagascar,1977,49.945
Madagascar,1978,50.017
Madagascar,1979,50.059
Madagascar,1980,49.984
Madagascar,1981,49.806
Madagascar,1982,50.009
Madagascar,1983,50.107
Madagascar,1984,50.209
Madagascar,1985,50.406
Madagascar,1986,50.651
Madagascar,1987,51.098
Madagascar,1988,51.425
Madagascar,1989,51.816
Madagascar,1990,52.14
Madagascar,1991,52.555
Madagascar,1992,52.946
Madagascar,1993,53.733
Madagascar,1994,54.247
Madagascar,1995,54.845
Madagascar,1996,55.477
Madagascar,1997,56.127
Madagascar,1998,56.803
Madagascar,1999,57.434
Madagascar,2000,57.974
Madagascar,2001,58.674
Madagascar,2002,59.17
Madagascar,2003,59.693
Madagascar,2004,60.168
Madagascar,2005,60.664
Madagascar,2006,61.14
Madagascar,2007,61.533
Madagascar,2008,61.992
Madagascar,2009,62.304
Madagascar,2010,62.597
Madagascar,2011,62.86
Madagascar,2012,63.007
Madagascar,2013,63.161
Madagascar,2014,63.261
Madagascar,2015,63.362
Madagascar,2016,63.431
Madagascar,2017,63.433
Madagascar,2018,63.491
Madagascar,2019,63.504
Madagascar,2020,62.706
Madagascar,2021,62.516
Madagascar,2022,63.068
Madagascar,2023,63.632
Malawi,1950,32.66
Malawi,1951,32.824
Malawi,1952,32.985
Malawi,1953,33.164
Malawi,1954,33.348
Malawi,1955,33.581
Malawi,1956,33.849
Malawi,1957,34.107
Malawi,1958,34.441
Malawi,1959,34.761
Malawi,1960,34.986
Malawi,1961,35.23
Malawi,1962,35.449
Malawi,1963,35.643
Malawi,1964,35.681
Malawi,1965,35.74
Malawi,1966,35.831
Malawi,1967,35.941
Malawi,1968,36.085
Malawi,1969,36.301
Malawi,1970,36.638
Malawi,1971,37.095
Malawi,1972,37.608
Malawi,1973,38.355
Malawi,1974,39.197
Malawi,1975,40.079
Malawi,1976,41.022
Malawi,1977,41.979
Malawi,1978,43.002
Malawi,1979,43.703
Malawi,1980,44.331
Malawi,1981,44.72
Malawi,1982,44.84
Malawi,1983,44.974
Malawi,1984,44.807
Malawi,1985,44.568
Malawi,1986,44.298
Malawi,1987,43.902
Malawi,1988,43.569
Malawi,1989,43.515
Malawi,1990,43.575
Malawi,1991,43.54
Malawi,1992,43.636
Malawi,1993,43.648
Malawi,1994,43.8
Malawi,1995,43.804
Malawi,1996,44.005
Malawi,1997,44.2
Malawi,1998,44.3
Malawi,1999,45.06
Malawi,2000,46.17
Malawi,2001,47.205
Malawi,2002,48.176
Malawi,2003,49.601
Malawi,2004,51.073
Malawi,2005,52.469
Malawi,2006,53.652
Malawi,2007,54.687
Malawi,2008,55.715
Malawi,2009,56.714
Malawi,2010,57.787
Malawi,2011,58.859
Malawi,2012,59.87
Malawi,2013,60.816
Malawi,2014,61.651
Malawi,2015,62.324
Malawi,2016,63.163
Malawi,2017,63.914
Malawi,2018,64.464
Malawi,2019,64.995
Malawi,2020,65.216
Malawi,2021,64.782
Malawi,2022,66.037
Malawi,2023,67.353
Malaysia,1950,48.491
Malaysia,1951,49.221
Malaysia,1952,50.148
Malaysia,1953,51.13
Malaysia,1954,51.985
Malaysia,1955,52.841
Malaysia,1956,53.67
Malaysia,1957,54.509
Malaysia,1958,55.408
Malaysia,1959,56.313
Malaysia,1960,57.168
Malaysia,1961,58.015
Malaysia,1962,58.855
Malaysia,1963,59.667
Malaysia,1964,60.448
Malaysia,1965,61.144
Malaysia,1966,61.679
Malaysia,1967,62.044
Malaysia,1968,62.443
Malaysia,1969,62.868
Malaysia,1970,63.298
Malaysia,1971,63.77
Malaysia,1972,64.232
Malaysia,1973,64.725
Malaysia,1974,65.204
Malaysia,1975,65.697
Malaysia,1976,66.233
Malaysia,1977,66.72
Malaysia,1978,67.17
Malaysia,1979,67.607
Malaysia,1980,68.061
Malaysia,1981,68.461
Malaysia,1982,68.876
Malaysia,1983,69.205
Malaysia,1984,69.551
Malaysia,1985,69.863
Malaysia,1986,70.133
Malaysia,1987,70.351
Malaysia,1988,70.551
Malaysia,1989,70.759
Malaysia,1990,70.952
Malaysia,1991,71.219
Malaysia,1992,71.483
Malaysia,1993,71.721
Malaysia,1994,71.865
Malaysia,1995,71.979
Malaysia,1996,72.119
Malaysia,1997,72.296
Malaysia,1998,72.385
Malaysia,1999,72.428
Malaysia,2000,72.732
Malaysia,2001,73.08
Malaysia,2002,73.469
Malaysia,2003,73.727
Malaysia,2004,74.027
Malaysia,2005,74.37
Malaysia,2006,74.697
Malaysia,2007,74.961
Malaysia,2008,75.151
Malaysia,2009,75.269
Malaysia,2010,75.376
Malaysia,2011,75.488
Malaysia,2012,75.552
Malaysia,2013,75.464
Malaysia,2014,75.345
Malaysia,2015,75.288
Malaysia,2016,75.371
Malaysia,2017,75.542
Malaysia,2018,75.734
Malaysia,2019,75.9
Malaysia,2020,76.057
Malaysia,2021,73.917
Malaysia,2022,75.444
Malaysia,2023,76.657
Maldives,1950,36.493
Maldives,1951,37.077
Maldives,1952,36.998
Maldives,1953,36.946
Maldives,1954,36.948
Maldives,1955,37.012
Maldives,1956,37.146
Maldives,1957,37.337
Maldives,1958,37.585
Maldives,1959,37.886
Maldives,1960,38.244
Maldives,1961,38.645
Maldives,1962,39.09
Maldives,1963,39.593
Maldives,1964,40.152
Maldives,1965,40.759
Maldives,1966,41.406
Maldives,1967,42.106
Maldives,1968,42.852
Maldives,1969,43.654
Maldives,1970,44.522
Maldives,1971,45.454
Maldives,1972,46.431
Maldives,1973,47.459
Maldives,1974,48.535
Maldives,1975,49.645
Maldives,1976,50.753
Maldives,1977,51.835
Maldives,1978,50.448
Maldives,1979,53.871
Maldives,1980,54.819
Maldives,1981,55.729
Maldives,1982,56.614
Maldives,1983,57.484
Maldives,1984,58.341
Maldives,1985,59.18
Maldives,1986,59.993
Maldives,1987,60.789
Maldives,1988,61.59
Maldives,1989,62.375
Maldives,1990,63.148
Maldives,1991,63.911
Maldives,1992,64.664
Maldives,1993,65.434
Maldives,1994,66.197
Maldives,1995,66.962
Maldives,1996,67.734
Maldives,1997,68.517
Maldives,1998,69.303
Maldives,1999,70.157
Maldives,2000,70.892
Maldives,2001,71.659
Maldives,2002,72.36
Maldives,2003,73.263
Maldives,2004,73.008
Maldives,2005,74.785
Maldives,2006,75.256
Maldives,2007,75.711
Maldives,2008,75.999
Maldives,2009,76.371
Maldives,2010,76.756
Maldives,2011,77.141
Maldives,2012,77.512
Maldives,2013,77.847
Maldives,2014,78.187
Maldives,2015,78.607
Maldives,2016,78.913
Maldives,2017,79.228
Maldives,2018,79.433
Maldives,2019,79.707
Maldives,2020,78.713
Maldives,2021,78.052
Maldives,2022,80.76
Maldives,2023,81.041
Mali,1950,28.731
Mali,1951,28.91
Mali,1952,29.139
Mali,1953,29.392
Mali,1954,29.506
Mali,1955,29.689
Mali,1956,29.854
Mali,1957,30.063
Mali,1958,30.193
Mali,1959,30.336
Mali,1960,30.459
Mali,1961,30.637
Mali,1962,30.833
Mali,1963,31.02
Mali,1964,31.231
Mali,1965,31.529
Mali,1966,31.792
Mali,1967,32.197
Mali,1968,32.568
Mali,1969,32.871
Mali,1970,33.396
Mali,1971,33.804
Mali,1972,34.507
Mali,1973,35.087
Mali,1974,35.749
Mali,1975,36.484
Mali,1976,37.204
Mali,1977,37.986
Mali,1978,38.761
Mali,1979,39.506
Mali,1980,40.266
Mali,1981,40.984
Mali,1982,41.804
Mali,1983,42.748
Mali,1984,43.396
Mali,1985,43.921
Mali,1986,44.62
Mali,1987,45.228
Mali,1988,45.72
Mali,1989,46.237
Mali,1990,46.541
Mali,1991,46.889
Mali,1992,47.238
Mali,1993,47.586
Mali,1994,47.914
Mali,1995,48.292
Mali,1996,48.5
Mali,1997,49.086
Mali,1998,49.592
Mali,1999,50.06
Mali,2000,50.605
Mali,2001,51.3
Mali,2002,51.995
Mali,2003,52.632
Mali,2004,53.253
Mali,2005,53.792
Mali,2006,54.305
Mali,2007,54.756
Mali,2008,55.187
Mali,2009,55.588
Mali,2010,55.993
Mali,2011,56.367
Mali,2012,56.696
Mali,2013,57.052
Mali,2014,57.482
Mali,2015,57.852
Mali,2016,58.286
Mali,2017,58.562
Mali,2018,58.873
Mali,2019,59.217
Mali,2020,58.858
Mali,2021,59.116
Mali,2022,60.035
Mali,2023,60.439
Malta,1950,63.474
Malta,1951,63.913
Malta,1952,64.058
Malta,1953,64.298
Malta,1954,65.058
Malta,1955,66.287
Malta,1956,66.761
Malta,1957,67.468
Malta,1958,67.834
Malta,1959,68.373
Malta,1960,68.442
Malta,1961,68.419
Malta,1962,69.172
Malta,1963,69.249
Malta,1964,69.341
Malta,1965,69.453
Malta,1966,69.739
Malta,1967,69.791
Malta,1968,69.905
Malta,1969,70.062
Malta,1970,70.371
Malta,1971,70.144
Malta,1972,70.68
Malta,1973,71.322
Malta,1974,71.947
Malta,1975,72.067
Malta,1976,72.208
Malta,1977,72.329
Malta,1978,72.338
Malta,1979,72.495
Malta,1980,72.321
Malta,1981,72.367
Malta,1982,72.83
Malta,1983,73.101
Malta,1984,73.309
Malta,1985,73.85
Malta,1986,74.482
Malta,1987,75.302
Malta,1988,75.867
Malta,1989,76.168
Malta,1990,76.16
Malta,1991,76.488
Malta,1992,76.68
Malta,1993,76.834
Malta,1994,76.946
Malta,1995,76.982
Malta,1996,76.321
Malta,1997,77.316
Malta,1998,77.799
Malta,1999,77.752
Malta,2000,77.903
Malta,2001,78.902
Malta,2002,78.467
Malta,2003,78.696
Malta,2004,79.166
Malta,2005,79.489
Malta,2006,79.561
Malta,2007,79.737
Malta,2008,79.69
Malta,2009,80.415
Malta,2010,81.398
Malta,2011,80.804
Malta,2012,81.064
Malta,2013,81.818
Malta,2014,82.318
Malta,2015,82.591
Malta,2016,82.657
Malta,2017,83.089
Malta,2018,82.908
Malta,2019,82.839
Malta,2020,82.336
Malta,2021,82.316
Malta,2022,82.25
Malta,2023,83.299
Marshall Islands,1950,52.611
Marshall Islands,1951,52.672
Marshall Islands,1952,52.733
Marshall Islands,1953,52.805
Marshall Islands,1954,52.893
Marshall Islands,1955,52.997
Marshall Islands,1956,53.157
Marshall Islands,1957,53.37
Marshall Islands,1958,53.629
Marshall Islands,1959,53.97
Marshall Islands,1960,54.359
Marshall Islands,1961,54.725
Marshall Islands,1962,55.214
Marshall Islands,1963,55.739
Marshall Islands,1964,56.265
Marshall Islands,1965,56.779
Marshall Islands,1966,57.284
Marshall Islands,1967,57.764
Marshall Islands,1968,58.192
Marshall Islands,1969,58.504
Marshall Islands,1970,58.798
Marshall Islands,1971,59.133
Marshall Islands,1972,59.491
Marshall Islands,1973,59.833
Marshall Islands,1974,60.12
Marshall Islands,1975,60.273
Marshall Islands,1976,60.416
Marshall Islands,1977,60.572
Marshall Islands,1978,60.701
Marshall Islands,1979,60.845
Marshall Islands,1980,60.989
Marshall Islands,1981,61.139
Marshall Islands,1982,61.293
Marshall Islands,1983,61.452
Marshall Islands,1984,61.602
Marshall Islands,1985,61.712
Marshall Islands,1986,61.778
Marshall Islands,1987,61.808
Marshall Islands,1988,61.778
Marshall Islands,1989,61.733
Marshall Islands,1990,61.756
Marshall Islands,1991,61.792
Marshall Islands,1992,61.9
Marshall Islands,1993,62.085
Marshall Islands,1994,62.308
Marshall Islands,1995,62.515
Marshall Islands,1996,62.765
Marshall Islands,1997,63.015
Marshall Islands,1998,63.218
Marshall Islands,1999,63.421
Marshall Islands,2000,63.323
Marshall Islands,2001,63.735
Marshall Islands,2002,63.848
Marshall Islands,2003,63.956
Marshall Islands,2004,64.044
Marshall Islands,2005,64.112
Marshall Islands,2006,64.207
Marshall Islands,2007,64.259
Marshall Islands,2008,64.3
Marshall Islands,2009,64.395
Marshall Islands,2010,64.498
Marshall Islands,2011,64.641
Marshall Islands,2012,64.776
Marshall Islands,2013,64.954
Marshall Islands,2014,65.11
Marshall Islands,2015,65.292
Marshall Islands,2016,65.477
Marshall Islands,2017,65.673
Marshall Islands,2018,65.87
Marshall Islands,2019,66.047
Marshall Islands,2020,65.387
Marshall Islands,2021,65.421
Marshall Islands,2022,66.725
Marshall Islands,2023,66.945
Martinique,1950,54.952
Martinique,1951,54.211
Martinique,1952,54.89
Martinique,1953,57.633
Martinique,1954,58.514
Martinique,1955,58.754
Martinique,1956,59.574
Martinique,1957,60.058
Martinique,1958,60.074
Martinique,1959,61.506
Martinique,1960,61.606
Martinique,1961,62.892
Martinique,1962,62.273
Martinique,1963,62.635
Martinique,1964,63.156
Martinique,1965,64.155
Martinique,1966,64.448
Martinique,1967,65.14
Martinique,1968,65.393
Martinique,1969,65.443
Martinique,1970,65.052
Martinique,1971,67.349
Martinique,1972,67.614
Martinique,1973,68.021
Martinique,1974,68.156
Martinique,1975,69.006
Martinique,1976,69.711
Martinique,1977,70.261
Martinique,1978,70.825
Martinique,1979,71.376
Martinique,1980,71.905
Martinique,1981,72.425
Martinique,1982,72.975
Martinique,1983,73.516
Martinique,1984,74.029
Martinique,1985,74.396
Martinique,1986,74.475
Martinique,1987,74.9
Martinique,1988,75.308
Martinique,1989,75.781
Martinique,1990,75.857
Martinique,1991,76.435
Martinique,1992,76.625
Martinique,1993,76.816
Martinique,1994,77.018
Martinique,1995,77.201
Martinique,1996,77.415
Martinique,1997,77.631
Martinique,1998,77.839
Martinique,1999,78.081
Martinique,2000,78.497
Martinique,2001,78.431
Martinique,2002,78.88
Martinique,2003,79.629
Martinique,2004,79.593
Martinique,2005,80.217
Martinique,2006,80.43
Martinique,2007,80.058
Martinique,2008,80.694
Martinique,2009,81.241
Martinique,2010,81.138
Martinique,2011,81.617
Martinique,2012,81.788
Martinique,2013,81.902
Martinique,2014,81.936
Martinique,2015,82.031
Martinique,2016,81.805
Martinique,2017,81.988
Martinique,2018,82.094
Martinique,2019,82.073
Martinique,2020,80.267
Martinique,2021,77.74
Martinique,2022,80.836
Martinique,2023,82.565
Mauritania,1950,38.378
Mauritania,1951,38.846
Mauritania,1952,39.197
Mauritania,1953,39.6
Mauritania,1954,40.139
Mauritania,1955,40.583
Mauritania,1956,41.141
Mauritania,1957,41.736
Mauritania,1958,42.295
Mauritania,1959,42.894
Mauritania,1960,43.611
Mauritania,1961,44.307
Mauritania,1962,45.047
Mauritania,1963,45.794
Mauritania,1964,46.581
Mauritania,1965,47.36
Mauritania,1966,48.135
Mauritania,1967,48.893
Mauritania,1968,49.507
Mauritania,1969,50.085
Mauritania,1970,50.544
Mauritania,1971,50.757
Mauritania,1972,51.037
Mauritania,1973,51.216
Mauritania,1974,51.432
Mauritania,1975,51.571
Mauritania,1976,51.77
Mauritania,1977,51.998
Mauritania,1978,52.349
Mauritania,1979,52.763
Mauritania,1980,53.204
Mauritania,1981,53.684
Mauritania,1982,54.229
Mauritania,1983,54.58
Mauritania,1984,55.195
Mauritania,1985,55.808
Mauritania,1986,56.323
Mauritania,1987,56.964
Mauritania,1988,57.483
Mauritania,1989,57.699
Mauritania,1990,58.087
Mauritania,1991,58.291
Mauritania,1992,58.568
Mauritania,1993,58.733
Mauritania,1994,58.763
Mauritania,1995,58.861
Mauritania,1996,58.915
Mauritania,1997,59.417
Mauritania,1998,59.89
Mauritania,1999,60.443
Mauritania,2000,61.044
Mauritania,2001,61.662
Mauritania,2002,62.249
Mauritania,2003,62.805
Mauritania,2004,63.369
Mauritania,2005,63.92
Mauritania,2006,64.493
Mauritania,2007,64.885
Mauritania,2008,65.233
Mauritania,2009,65.485
Mauritania,2010,65.661
Mauritania,2011,65.754
Mauritania,2012,65.808
Mauritania,2013,65.89
Mauritania,2014,66.207
Mauritania,2015,66.498
Mauritania,2016,66.823
Mauritania,2017,67.088
Mauritania,2018,67.419
Mauritania,2019,67.64
Mauritania,2020,66.794
Mauritania,2021,66.762
Mauritania,2022,68.281
Mauritania,2023,68.484
Mauritius,1950,51.938
Mauritius,1951,52.47
Mauritius,1952,52.105
Mauritius,1953,51.505
Mauritius,1954,52.219
Mauritius,1955,53.769
Mauritius,1956,55.071
Mauritius,1957,55.678
Mauritius,1958,56.389
Mauritius,1959,57.404
Mauritius,1960,58.404
Mauritius,1961,59.543
Mauritius,1962,60.461
Mauritius,1963,61.148
Mauritius,1964,61.522
Mauritius,1965,62.069
Mauritius,1966,62.107
Mauritius,1967,61.719
Mauritius,1968,62.1
Mauritius,1969,62.702
Mauritius,1970,63.692
Mauritius,1971,63.843
Mauritius,1972,63.799
Mauritius,1973,64.253
Mauritius,1974,64.218
Mauritius,1975,64.368
Mauritius,1976,64.03
Mauritius,1977,64.828
Mauritius,1978,65.261
Mauritius,1979,66.017
Mauritius,1980,66.508
Mauritius,1981,67.216
Mauritius,1982,67.95
Mauritius,1983,68.407
Mauritius,1984,68.636
Mauritius,1985,68.725
Mauritius,1986,68.888
Mauritius,1987,69.185
Mauritius,1988,69.441
Mauritius,1989,69.535
Mauritius,1990,69.771
Mauritius,1991,70.051
Mauritius,1992,70.213
Mauritius,1993,70.365
Mauritius,1994,70.42
Mauritius,1995,70.6
Mauritius,1996,70.524
Mauritius,1997,70.684
Mauritius,1998,70.894
Mauritius,1999,71.39
Mauritius,2000,71.76
Mauritius,2001,71.985
Mauritius,2002,72.055
Mauritius,2003,72.307
Mauritius,2004,72.546
Mauritius,2005,72.644
Mauritius,2006,72.781
Mauritius,2007,72.886
Mauritius,2008,73.124
Mauritius,2009,73.26
Mauritius,2010,73.647
Mauritius,2011,74.068
Mauritius,2012,74.33
Mauritius,2013,74.43
Mauritius,2014,74.614
Mauritius,2015,74.673
Mauritius,2016,74.85
Mauritius,2017,75.024
Mauritius,2018,74.491
Mauritius,2019,74.181
Mauritius,2020,74.657
Mauritius,2021,72.903
Mauritius,2022,73.544
Mauritius,2023,74.926
Mayotte,1950,42.247
Mayotte,1951,43.573
Mayotte,1952,44.833
Mayotte,1953,46.139
Mayotte,1954,47.391
Mayotte,1955,48.698
Mayotte,1956,49.916
Mayotte,1957,51.078
Mayotte,1958,52.235
Mayotte,1959,53.345
Mayotte,1960,54.363
Mayotte,1961,55.353
Mayotte,1962,56.329
Mayotte,1963,57.264
Mayotte,1964,58.265
Mayotte,1965,59.211
Mayotte,1966,60.152
Mayotte,1967,61.047
Mayotte,1968,61.905
Mayotte,1969,62.711
Mayotte,1970,63.552
Mayotte,1971,64.271
Mayotte,1972,64.987
Mayotte,1973,65.661
Mayotte,1974,66.331
Mayotte,1975,66.967
Mayotte,1976,67.568
Mayotte,1977,68.156
Mayotte,1978,68.686
Mayotte,1979,69.207
Mayotte,1980,69.76
Mayotte,1981,70.242
Mayotte,1982,70.707
Mayotte,1983,71.124
Mayotte,1984,71.528
Mayotte,1985,71.905
Mayotte,1986,72.277
Mayotte,1987,72.629
Mayotte,1988,72.989
Mayotte,1989,73.306
Mayotte,1990,73.611
Mayotte,1991,73.956
Mayotte,1992,74.251
Mayotte,1993,74.543
Mayotte,1994,74.837
Mayotte,1995,75.075
Mayotte,1996,75.327
Mayotte,1997,75.595
Mayotte,1998,75.862
Mayotte,1999,76.115
Mayotte,2000,76.361
Mayotte,2001,76.526
Mayotte,2002,76.689
Mayotte,2003,76.837
Mayotte,2004,77.038
Mayotte,2005,77.13
Mayotte,2006,77.47
Mayotte,2007,77.775
Mayotte,2008,78.004
Mayotte,2009,78.196
Mayotte,2010,78.25
Mayotte,2011,78.156
Mayotte,2012,77.885
Mayotte,2013,77.61
Mayotte,2014,77.286
Mayotte,2015,76.883
Mayotte,2016,76.505
Mayotte,2017,76.349
Mayotte,2018,76.221
Mayotte,2019,76.103
Mayotte,2020,74.213
Mayotte,2021,72.823
Mayotte,2022,75.127
Mayotte,2023,76.054
Mexico,1950,43.836
Mexico,1951,44.771
Mexico,1952,45.668
Mexico,1953,47.045
Mexico,1954,48.3
Mexico,1955,49.598
Mexico,1956,50.355
Mexico,1957,51.115
Mexico,1958,51.835
Mexico,1959,52.661
Mexico,1960,53.573
Mexico,1961,54.422
Mexico,1962,55.057
Mexico,1963,55.501
Mexico,1964,55.916
Mexico,1965,56.688
Mexico,1966,57.355
Mexico,1967,57.959
Mexico,1968,58.22
Mexico,1969,58.413
Mexico,1970,58.893
Mexico,1971,59.415
Mexico,1972,60.051
Mexico,1973,60.518
Mexico,1974,61.18
Mexico,1975,61.883
Mexico,1976,62.475
Mexico,1977,62.988
Mexico,1978,63.435
Mexico,1979,63.862
Mexico,1980,64.282
Mexico,1981,64.722
Mexico,1982,65.256
Mexico,1983,65.756
Mexico,1984,66.215
Mexico,1985,66.775
Mexico,1986,67.377
Mexico,1987,67.904
Mexico,1988,68.299
Mexico,1989,68.621
Mexico,1990,69.034
Mexico,1991,69.368
Mexico,1992,69.663
Mexico,1993,69.961
Mexico,1994,70.302
Mexico,1995,70.703
Mexico,1996,71.088
Mexico,1997,71.472
Mexico,1998,71.792
Mexico,1999,72.203
Mexico,2000,72.562
Mexico,2001,72.912
Mexico,2002,73.106
Mexico,2003,73.308
Mexico,2004,73.432
Mexico,2005,73.627
Mexico,2006,73.746
Mexico,2007,73.796
Mexico,2008,73.695
Mexico,2009,73.628
Mexico,2010,73.718
Mexico,2011,73.921
Mexico,2012,74.128
Mexico,2013,74.289
Mexico,2014,74.404
Mexico,2015,74.431
Mexico,2016,74.376
Mexico,2017,74.261
Mexico,2018,74.301
Mexico,2019,74.53
Mexico,2020,70.449
Mexico,2021,69.75
Mexico,2022,73.973
Mexico,2023,75.069
Micronesia (country),1950,48.355
Micronesia (country),1951,48.94
Micronesia (country),1952,49.474
Micronesia (country),1953,50.009
Micronesia (country),1954,50.577
Micronesia (country),1955,51.14
Micronesia (country),1956,51.726
Micronesia (country),1957,52.31
Micronesia (country),1958,52.946
Micronesia (country),1959,53.575
Micronesia (country),1960,54.195
Micronesia (country),1961,54.736
Micronesia (country),1962,55.393
Micronesia (country),1963,56.004
Micronesia (country),1964,56.655
Micronesia (country),1965,57.199
Micronesia (country),1966,57.75
Micronesia (country),1967,58.305
Micronesia (country),1968,58.827
Micronesia (country),1969,59.309
Micronesia (country),1970,59.774
Micronesia (country),1971,60.182
Micronesia (country),1972,60.608
Micronesia (country),1973,60.955
Micronesia (country),1974,61.319
Micronesia (country),1975,61.617
Micronesia (country),1976,61.885
Micronesia (country),1977,62.118
Micronesia (country),1978,62.306
Micronesia (country),1979,62.46
Micronesia (country),1980,62.556
Micronesia (country),1981,62.668
Micronesia (country),1982,62.747
Micronesia (country),1983,62.829
Micronesia (country),1984,62.923
Micronesia (country),1985,63.028
Micronesia (country),1986,63.151
Micronesia (country),1987,63.206
Micronesia (country),1988,63.461
Micronesia (country),1989,63.617
Micronesia (country),1990,63.722
Micronesia (country),1991,63.881
Micronesia (country),1992,63.996
Micronesia (country),1993,64.041
Micronesia (country),1994,64.082
Micronesia (country),1995,64.142
Micronesia (country),1996,64.253
Micronesia (country),1997,64.371
Micronesia (country),1998,64.509
Micronesia (country),1999,64.626
Micronesia (country),2000,64.317
Micronesia (country),2001,64.801
Micronesia (country),2002,63.907
Micronesia (country),2003,64.915
Micronesia (country),2004,64.898
Micronesia (country),2005,64.906
Micronesia (country),2006,64.859
Micronesia (country),2007,64.844
Micronesia (country),2008,64.849
Micronesia (country),2009,64.865
Micronesia (country),2010,64.892
Micronesia (country),2011,64.969
Micronesia (country),2012,65.08
Micronesia (country),2013,65.179
Micronesia (country),2014,65.294
Micronesia (country),2015,65.306
Micronesia (country),2016,65.576
Micronesia (country),2017,65.761
Micronesia (country),2018,65.943
Micronesia (country),2019,66.196
Micronesia (country),2020,65.878
Micronesia (country),2021,66.152
Micronesia (country),2022,66.961
Micronesia (country),2023,67.198
Moldova,1950,54.033
Moldova,1951,54.517
Moldova,1952,55.084
Moldova,1953,55.668
Moldova,1954,56.277
Moldova,1955,56.853
Moldova,1956,57.434
Moldova,1957,58.002
Moldova,1958,58.533
Moldova,1959,59.016
Moldova,1960,59.44
Moldova,1961,59.856
Moldova,1962,60.254
Moldova,1963,60.616
Moldova,1964,60.962
Moldova,1965,61.275
Moldova,1966,61.552
Moldova,1967,61.781
Moldova,1968,61.975
Moldova,1969,62.184
Moldova,1970,62.414
Moldova,1971,62.672
Moldova,1972,62.932
Moldova,1973,63.175
Moldova,1974,63.437
Moldova,1975,63.7
Moldova,1976,63.968
Moldova,1977,64.231
Moldova,1978,64.489
Moldova,1979,64.823
Moldova,1980,65.189
Moldova,1981,65.595
Moldova,1982,65.859
Moldova,1983,66.149
Moldova,1984,66.433
Moldova,1985,66.882
Moldova,1986,67.395
Moldova,1987,67.922
Moldova,1988,68.191
Moldova,1989,68.173
Moldova,1990,67.92
Moldova,1991,67.554
Moldova,1992,66.749
Moldova,1993,66.66
Moldova,1994,66.319
Moldova,1995,66.218
Moldova,1996,66.248
Moldova,1997,66.484
Moldova,1998,66.84
Moldova,1999,67.205
Moldova,2000,67.462
Moldova,2001,67.672
Moldova,2002,67.793
Moldova,2003,67.9
Moldova,2004,68.017
Moldova,2005,68.197
Moldova,2006,68.423
Moldova,2007,68.674
Moldova,2008,69
Moldova,2009,69.406
Moldova,2010,69.876
Moldova,2011,70.173
Moldova,2012,70.344
Moldova,2013,70.291
Moldova,2014,70.241
Moldova,2015,70.118
Moldova,2016,70.179
Moldova,2017,70.375
Moldova,2018,70.236
Moldova,2019,70.181
Moldova,2020,69.914
Moldova,2021,68.991
Moldova,2022,71.546
Moldova,2023,71.198
Monaco,1950,68
Monaco,1951,68.358
Monaco,1952,68.91
Monaco,1953,69.56
Monaco,1954,70.029
Monaco,1955,70.41
Monaco,1956,70.723
Monaco,1957,70.867
Monaco,1958,71.099
Monaco,1959,71.355
Monaco,1960,71.861
Monaco,1961,72.177
Monaco,1962,72.437
Monaco,1963,72.476
Monaco,1964,72.706
Monaco,1965,72.866
Monaco,1966,73.03
Monaco,1967,73.058
Monaco,1968,73.17
Monaco,1969,73.249
Monaco,1970,73.349
Monaco,1971,73.365
Monaco,1972,73.381
Monaco,1973,73.374
Monaco,1974,73.421
Monaco,1975,73.523
Monaco,1976,73.797
Monaco,1977,74.193
Monaco,1978,74.656
Monaco,1979,74.87
Monaco,1980,74.948
Monaco,1981,74.953
Monaco,1982,75.255
Monaco,1983,75.697
Monaco,1984,76.394
Monaco,1985,77.363
Monaco,1986,78.4
Monaco,1987,79.257
Monaco,1988,79.408
Monaco,1989,79.416
Monaco,1990,79.436
Monaco,1991,79.749
Monaco,1992,80.065
Monaco,1993,80.365
Monaco,1994,80.654
Monaco,1995,80.902
Monaco,1996,81.133
Monaco,1997,81.358
Monaco,1998,81.605
Monaco,1999,81.826
Monaco,2000,82.121
Monaco,2001,82.485
Monaco,2002,83.055
Monaco,2003,83.613
Monaco,2004,84.151
Monaco,2005,84.34
Monaco,2006,84.194
Monaco,2007,83.903
Monaco,2008,83.827
Monaco,2009,84.187
Monaco,2010,84.644
Monaco,2011,85.01
Monaco,2012,85.045
Monaco,2013,85.056
Monaco,2014,85.093
Monaco,2015,85.323
Monaco,2016,85.63
Monaco,2017,85.878
Monaco,2018,86.084
Monaco,2019,86.151
Monaco,2020,86.089
Monaco,2021,85.113
Monaco,2022,85.746
Monaco,2023,86.372
Mongolia,1950,38.598
Mongolia,1951,39.053
Mongolia,1952,39.404
Mongolia,1953,39.771
Mongolia,1954,40.207
Mongolia,1955,40.734
Mongolia,1956,41.352
Mongolia,1957,40.399
Mongolia,1958,42.838
Mongolia,1959,43.684
Mongolia,1960,44.542
Mongolia,1961,45.407
Mongolia,1962,46.268
Mongolia,1963,47.135
Mongolia,1964,47.948
Mongolia,1965,48.716
Mongolia,1966,49.369
Mongolia,1967,50.128
Mongolia,1968,50.783
Mongolia,1969,51.407
Mongolia,1970,51.993
Mongolia,1971,52.559
Mongolia,1972,53.108
Mongolia,1973,53.601
Mongolia,1974,54.021
Mongolia,1975,54.334
Mongolia,1976,54.583
Mongolia,1977,54.771
Mongolia,1978,54.923
Mongolia,1979,55.069
Mongolia,1980,55.22
Mongolia,1981,55.405
Mongolia,1982,55.623
Mongolia,1983,55.873
Mongolia,1984,56.147
Mongolia,1985,56.441
Mongolia,1986,56.763
Mongolia,1987,57.119
Mongolia,1988,57.508
Mongolia,1989,58.13
Mongolia,1990,58.817
Mongolia,1991,59.818
Mongolia,1992,60.44
Mongolia,1993,60.829
Mongolia,1994,60.855
Mongolia,1995,60.891
Mongolia,1996,61
Mongolia,1997,61.438
Mongolia,1998,62.121
Mongolia,1999,62.835
Mongolia,2000,63.458
Mongolia,2001,63.806
Mongolia,2002,63.992
Mongolia,2003,64.135
Mongolia,2004,64.343
Mongolia,2005,64.811
Mongolia,2006,65.569
Mongolia,2007,66.471
Mongolia,2008,67.086
Mongolia,2009,67.173
Mongolia,2010,67.1
Mongolia,2011,67.167
Mongolia,2012,67.611
Mongolia,2013,68.21
Mongolia,2014,68.737
Mongolia,2015,69.239
Mongolia,2016,69.736
Mongolia,2017,70.171
Mongolia,2018,70.574
Mongolia,2019,70.663
Mongolia,2020,70.029
Mongolia,2021,68.565
Mongolia,2022,71.505
Mongolia,2023,71.734
Montenegro,1950,58.026
Montenegro,1951,58.547
Montenegro,1952,59.056
Montenegro,1953,59.688
Montenegro,1954,60.775
Montenegro,1955,60.903
Montenegro,1956,62.008
Montenegro,1957,63.001
Montenegro,1958,63.816
Montenegro,1959,64.715
Montenegro,1960,65.678
Montenegro,1961,66.103
Montenegro,1962,66.395
Montenegro,1963,66.783
Montenegro,1964,67.387
Montenegro,1965,68.08
Montenegro,1966,68.616
Montenegro,1967,69.259
Montenegro,1968,69.826
Montenegro,1969,70.154
Montenegro,1970,70.403
Montenegro,1971,70.818
Montenegro,1972,71.246
Montenegro,1973,71.591
Montenegro,1974,71.627
Montenegro,1975,71.919
Montenegro,1976,72.059
Montenegro,1977,71.829
Montenegro,1978,71.919
Montenegro,1979,71.49
Montenegro,1980,72.245
Montenegro,1981,72.126
Montenegro,1982,72.304
Montenegro,1983,72.305
Montenegro,1984,72.289
Montenegro,1985,72.43
Montenegro,1986,72.779
Montenegro,1987,73.179
Montenegro,1988,73.41
Montenegro,1989,73.814
Montenegro,1990,73.877
Montenegro,1991,73.951
Montenegro,1992,73.8
Montenegro,1993,73.869
Montenegro,1994,73.764
Montenegro,1995,73.74
Montenegro,1996,73.611
Montenegro,1997,73.504
Montenegro,1998,73.442
Montenegro,1999,73.293
Montenegro,2000,73.552
Montenegro,2001,73.739
Montenegro,2002,74.131
Montenegro,2003,74.226
Montenegro,2004,74.379
Montenegro,2005,74.425
Montenegro,2006,74.671
Montenegro,2007,74.674
Montenegro,2008,75.001
Montenegro,2009,75.397
Montenegro,2010,75.713
Montenegro,2011,75.961
Montenegro,2012,76.237
Montenegro,2013,76.354
Montenegro,2014,76.468
Montenegro,2015,76.594
Montenegro,2016,76.565
Montenegro,2017,76.593
Montenegro,2018,76.921
Montenegro,2019,76.639
Montenegro,2020,75.85
Montenegro,2021,73.789
Montenegro,2022,75.921
Montenegro,2023,77.087
Montserrat,1950,48.587
Montserrat,1951,49.65
Montserrat,1952,50.692
Montserrat,1953,51.713
Montserrat,1954,52.712
Montserrat,1955,53.671
Montserrat,1956,54.627
Montserrat,1957,55.594
Montserrat,1958,56.58
Montserrat,1959,57.586
Montserrat,1960,58.637
Montserrat,1961,59.48
Montserrat,1962,60.289
Montserrat,1963,61.007
Montserrat,1964,61.671
Montserrat,1965,62.27
Montserrat,1966,62.855
Montserrat,1967,63.449
Montserrat,1968,64.065
Montserrat,1969,64.669
Montserrat,1970,65.29
Montserrat,1971,65.855
Montserrat,1972,66.424
Montserrat,1973,66.947
Montserrat,1974,67.414
Montserrat,1975,67.85
Montserrat,1976,68.225
Montserrat,1977,68.556
Montserrat,1978,68.858
Montserrat,1979,69.115
Montserrat,1980,69.327
Montserrat,1981,69.534
Montserrat,1982,69.706
Montserrat,1983,69.867
Montserrat,1984,70.024
Montserrat,1985,70.165
Montserrat,1986,70.317
Montserrat,1987,70.454
Montserrat,1988,70.607
Montserrat,1989,68.262
Montserrat,1990,70.939
Montserrat,1991,71.141
Montserrat,1992,71.4
Montserrat,1993,71.654
Montserrat,1994,71.912
Montserrat,1995,72.173
Montserrat,1996,72.415
Montserrat,1997,63.22
Montserrat,1998,72.845
Montserrat,1999,72.967
Montserrat,2000,73.15
Montserrat,2001,73.331
Montserrat,2002,73.552
Montserrat,2003,73.789
Montserrat,2004,74.001
Montserrat,2005,74.185
Montserrat,2006,74.342
Montserrat,2007,74.45
Montserrat,2008,74.533
Montserrat,2009,74.623
Montserrat,2010,74.683
Montserrat,2011,74.767
Montserrat,2012,74.85
Montserrat,2013,74.933
Montserrat,2014,75.033
Montserrat,2015,75.128
Montserrat,2016,75.228
Montserrat,2017,75.331
Montserrat,2018,75.456
Montserrat,2019,75.6
Montserrat,2020,75.568
Montserrat,2021,75.896
Montserrat,2022,76.038
Montserrat,2023,76.186
More developed regions,1950,63.052
More developed regions,1951,63.237
More developed regions,1952,64.465
More developed regions,1953,65.103
More developed regions,1954,65.955
More developed regions,1955,66.615
More developed regions,1956,67.388
More developed regions,1957,67.47
More developed regions,1958,68.408
More developed regions,1959,68.636
More developed regions,1960,68.962
More developed regions,1961,69.426
More developed regions,1962,69.406
More developed regions,1963,69.639
More developed regions,1964,70.165
More developed regions,1965,70.194
More developed regions,1966,70.378
More developed regions,1967,70.549
More developed regions,1968,70.396
More developed regions,1969,70.349
More developed regions,1970,70.639
More developed regions,1971,70.924
More developed regions,1972,71.126
More developed regions,1973,71.271
More developed regions,1974,71.528
More developed regions,1975,71.635
More developed regions,1976,71.799
More developed regions,1977,72.074
More developed regions,1978,72.169
More developed regions,1979,72.368
More developed regions,1980,72.403
More developed regions,1981,72.671
More developed regions,1982,73.011
More developed regions,1983,73.047
More developed regions,1984,73.216
More developed regions,1985,73.381
More developed regions,1986,73.849
More developed regions,1987,74.096
More developed regions,1988,74.15
More developed regions,1989,74.285
More developed regions,1990,74.315
More developed regions,1991,74.366
More developed regions,1992,74.231
More developed regions,1993,73.774
More developed regions,1994,73.811
More developed regions,1995,73.934
More developed regions,1996,74.447
More developed regions,1997,74.923
More developed regions,1998,75.15
More developed regions,1999,75.013
More developed regions,2000,75.192
More developed regions,2001,75.379
More developed regions,2002,75.427
More developed regions,2003,75.505
More developed regions,2004,75.952
More developed regions,2005,76.041
More developed regions,2006,76.556
More developed regions,2007,76.893
More developed regions,2008,77.129
More developed regions,2009,77.542
More developed regions,2010,77.695
More developed regions,2011,78.117
More developed regions,2012,78.316
More developed regions,2013,78.572
More developed regions,2014,78.778
More developed regions,2015,78.823
More developed regions,2016,79.08
More developed regions,2017,79.255
More developed regions,2018,79.351
More developed regions,2019,79.544
More developed regions,2020,78.388
More developed regions,2021,77.827
More developed regions,2022,78.875
More developed regions,2023,79.878
Morocco,1950,38.768
Morocco,1951,39.145
Morocco,1952,39.559
Morocco,1953,39.955
Morocco,1954,40.359
Morocco,1955,40.779
Morocco,1956,41.216
Morocco,1957,41.687
Morocco,1958,42.18
Morocco,1959,42.678
Morocco,1960,41.73
Morocco,1961,43.694
Morocco,1962,44.226
Morocco,1963,44.768
Morocco,1964,45.346
Morocco,1965,45.922
Morocco,1966,46.495
Morocco,1967,47.099
Morocco,1968,47.659
Morocco,1969,48.187
Morocco,1970,48.691
Morocco,1971,49.169
Morocco,1972,49.706
Morocco,1973,50.22
Morocco,1974,50.762
Morocco,1975,51.356
Morocco,1976,52.048
Morocco,1977,52.791
Morocco,1978,53.554
Morocco,1979,54.376
Morocco,1980,55.219
Morocco,1981,56.023
Morocco,1982,56.869
Morocco,1983,57.685
Morocco,1984,58.438
Morocco,1985,59.208
Morocco,1986,59.951
Morocco,1987,60.62
Morocco,1988,61.231
Morocco,1989,61.824
Morocco,1990,62.396
Morocco,1991,62.919
Morocco,1992,63.388
Morocco,1993,63.868
Morocco,1994,64.346
Morocco,1995,64.725
Morocco,1996,65.226
Morocco,1997,65.616
Morocco,1998,66.008
Morocco,1999,66.404
Morocco,2000,66.794
Morocco,2001,67.2
Morocco,2002,67.582
Morocco,2003,67.958
Morocco,2004,68.272
Morocco,2005,68.748
Morocco,2006,69.157
Morocco,2007,69.62
Morocco,2008,70.051
Morocco,2009,70.454
Morocco,2010,70.821
Morocco,2011,71.263
Morocco,2012,71.674
Morocco,2013,72.117
Morocco,2014,72.522
Morocco,2015,72.894
Morocco,2016,73.228
Morocco,2017,73.608
Morocco,2018,73.946
Morocco,2019,74.245
Morocco,2020,73.133
Morocco,2021,73.385
Morocco,2022,75.161
Morocco,2023,75.313
Mozambique,1950,37.33
Mozambique,1951,37.735
Mozambique,1952,38.1
Mozambique,1953,38.505
Mozambique,1954,38.866
Mozambique,1955,39.267
Mozambique,1956,39.594
Mozambique,1957,40.058
Mozambique,1958,40.466
Mozambique,1959,40.875
Mozambique,1960,41.197
Mozambique,1961,41.5
Mozambique,1962,41.761
Mozambique,1963,41.958
Mozambique,1964,41.656
Mozambique,1965,41.792
Mozambique,1966,41.835
Mozambique,1967,41.953
Mozambique,1968,42.1
Mozambique,1969,42.267
Mozambique,1970,42.459
Mozambique,1971,42.581
Mozambique,1972,42.523
Mozambique,1973,42.724
Mozambique,1974,43.211
Mozambique,1975,43.821
Mozambique,1976,43.923
Mozambique,1977,43.924
Mozambique,1978,43.963
Mozambique,1979,43.914
Mozambique,1980,43.987
Mozambique,1981,41.643
Mozambique,1982,41.677
Mozambique,1983,41.596
Mozambique,1984,38.897
Mozambique,1985,38.984
Mozambique,1986,40.951
Mozambique,1987,41.002
Mozambique,1988,43.691
Mozambique,1989,43.889
Mozambique,1990,44.337
Mozambique,1991,44.705
Mozambique,1992,45.095
Mozambique,1993,45.675
Mozambique,1994,46.086
Mozambique,1995,46.546
Mozambique,1996,47.121
Mozambique,1997,47.8
Mozambique,1998,48.212
Mozambique,1999,48.837
Mozambique,2000,49.476
Mozambique,2001,50.259
Mozambique,2002,50.879
Mozambique,2003,51.383
Mozambique,2004,51.855
Mozambique,2005,52.322
Mozambique,2006,52.748
Mozambique,2007,53.255
Mozambique,2008,53.799
Mozambique,2009,54.4
Mozambique,2010,55.04
Mozambique,2011,55.733
Mozambique,2012,56.46
Mozambique,2013,57.189
Mozambique,2014,57.965
Mozambique,2015,58.711
Mozambique,2016,59.455
Mozambique,2017,60.148
Mozambique,2018,60.79
Mozambique,2019,61.306
Mozambique,2020,61.39
Mozambique,2021,60.268
Mozambique,2022,63.011
Mozambique,2023,63.611
Myanmar,1950,35.7
Myanmar,1951,36.513
Myanmar,1952,37.728
Myanmar,1953,38.604
Myanmar,1954,39.572
Myanmar,1955,40.442
Myanmar,1956,41.197
Myanmar,1957,42.021
Myanmar,1958,42.779
Myanmar,1959,43.414
Myanmar,1960,44.086
Myanmar,1961,44.603
Myanmar,1962,45.264
Myanmar,1963,45.951
Myanmar,1964,46.653
Myanmar,1965,47.405
Myanmar,1966,48.181
Myanmar,1967,48.86
Myanmar,1968,49.4
Myanmar,1969,50.02
Myanmar,1970,50.47
Myanmar,1971,51.027
Myanmar,1972,51.397
Myanmar,1973,51.763
Myanmar,1974,52.092
Myanmar,1975,52.493
Myanmar,1976,52.908
Myanmar,1977,53.266
Myanmar,1978,53.522
Myanmar,1979,54.026
Myanmar,1980,54.374
Myanmar,1981,54.699
Myanmar,1982,55.033
Myanmar,1983,55.308
Myanmar,1984,55.596
Myanmar,1985,55.816
Myanmar,1986,56.084
Myanmar,1987,56.353
Myanmar,1988,56.57
Myanmar,1989,56.889
Myanmar,1990,57.159
Myanmar,1991,57.395
Myanmar,1992,57.681
Myanmar,1993,58.032
Myanmar,1994,58.326
Myanmar,1995,58.671
Myanmar,1996,59.169
Myanmar,1997,59.523
Myanmar,1998,59.896
Myanmar,1999,60.107
Myanmar,2000,60.357
Myanmar,2001,60.64
Myanmar,2002,60.925
Myanmar,2003,61.196
Myanmar,2004,61.443
Myanmar,2005,61.72
Myanmar,2006,62.026
Myanmar,2007,62.367
Myanmar,2008,56.364
Myanmar,2009,63.095
Myanmar,2010,63.479
Myanmar,2011,63.859
Myanmar,2012,64.251
Myanmar,2013,64.617
Myanmar,2014,64.994
Myanmar,2015,65.288
Myanmar,2016,65.64
Myanmar,2017,65.909
Myanmar,2018,66.232
Myanmar,2019,66.457
Myanmar,2020,66.612
Myanmar,2021,65.553
Myanmar,2022,66.506
Myanmar,2023,66.889
Namibia,1950,41.949
Namibia,1951,42.498
Namibia,1952,43.147
Namibia,1953,43.751
Namibia,1954,44.43
Namibia,1955,45.047
Namibia,1956,45.703
Namibia,1957,46.376
Namibia,1958,47.112
Namibia,1959,47.791
Namibia,1960,48.529
Namibia,1961,49.242
Namibia,1962,49.972
Namibia,1963,50.641
Namibia,1964,51.349
Namibia,1965,51.997
Namibia,1966,52.301
Namibia,1967,52.933
Namibia,1968,53.553
Namibia,1969,54.126
Namibia,1970,54.686
Namibia,1971,55.289
Namibia,1972,55.845
Namibia,1973,56.422
Namibia,1974,56.943
Namibia,1975,57.55
Namibia,1976,58.041
Namibia,1977,58.586
Namibia,1978,59.111
Namibia,1979,59.519
Namibia,1980,56.572
Namibia,1981,56.912
Namibia,1982,57.335
Namibia,1983,57.637
Namibia,1984,58.097
Namibia,1985,58.472
Namibia,1986,58.725
Namibia,1987,59.123
Namibia,1988,59.033
Namibia,1989,60.773
Namibia,1990,61.359
Namibia,1991,60.833
Namibia,1992,60.16
Namibia,1993,59.26
Namibia,1994,58.441
Namibia,1995,57.518
Namibia,1996,56.639
Namibia,1997,55.844
Namibia,1998,54.767
Namibia,1999,53.983
Namibia,2000,52.946
Namibia,2001,51.98
Namibia,2002,51.988
Namibia,2003,51.918
Namibia,2004,52.175
Namibia,2005,52.557
Namibia,2006,53.183
Namibia,2007,54.026
Namibia,2008,54.74
Namibia,2009,55.347
Namibia,2010,56.093
Namibia,2011,56.647
Namibia,2012,57.733
Namibia,2013,58.468
Namibia,2014,59.311
Namibia,2015,60.008
Namibia,2016,60.81
Namibia,2017,61.661
Namibia,2018,62.579
Namibia,2019,63.546
Namibia,2020,64.071
Namibia,2021,60.85
Namibia,2022,64.19
Namibia,2023,67.385
Nauru,1950,56.609
Nauru,1951,56.763
Nauru,1952,56.968
Nauru,1953,57.158
Nauru,1954,57.379
Nauru,1955,57.481
Nauru,1956,57.605
Nauru,1957,57.739
Nauru,1958,57.8
Nauru,1959,57.872
Nauru,1960,57.924
Nauru,1961,58.005
Nauru,1962,58.023
Nauru,1963,58.099
Nauru,1964,58.167
Nauru,1965,58.255
Nauru,1966,58.385
Nauru,1967,58.62
Nauru,1968,58.633
Nauru,1969,58.408
Nauru,1970,58.449
Nauru,1971,58.427
Nauru,1972,58.405
Nauru,1973,58.362
Nauru,1974,58.31
Nauru,1975,58.251
Nauru,1976,58.215
Nauru,1977,58.144
Nauru,1978,58.288
Nauru,1979,58.374
Nauru,1980,58.471
Nauru,1981,58.555
Nauru,1982,58.635
Nauru,1983,58.694
Nauru,1984,58.658
Nauru,1985,58.598
Nauru,1986,58.591
Nauru,1987,58.625
Nauru,1988,58.725
Nauru,1989,58.9
Nauru,1990,59.102
Nauru,1991,59.312
Nauru,1992,59.518
Nauru,1993,59.761
Nauru,1994,59.954
Nauru,1995,60.063
Nauru,1996,60.07
Nauru,1997,59.985
Nauru,1998,59.86
Nauru,1999,59.701
Nauru,2000,59.574
Nauru,2001,59.482
Nauru,2002,59.427
Nauru,2003,59.359
Nauru,2004,59.346
Nauru,2005,59.361
Nauru,2006,59.409
Nauru,2007,59.49
Nauru,2008,59.675
Nauru,2009,59.852
Nauru,2010,60.074
Nauru,2011,60.287
Nauru,2012,60.533
Nauru,2013,60.701
Nauru,2014,60.834
Nauru,2015,60.897
Nauru,2016,60.996
Nauru,2017,61.101
Nauru,2018,61.238
Nauru,2019,61.393
Nauru,2020,61.527
Nauru,2021,61.331
Nauru,2022,61.93
Nauru,2023,62.109
Nepal,1950,37.563
Nepal,1951,37.608
Nepal,1952,37.654
Nepal,1953,37.691
Nepal,1954,37.807
Nepal,1955,37.856
Nepal,1956,37.898
Nepal,1957,38.008
Nepal,1958,38.139
Nepal,1959,38.413
Nepal,1960,38.652
Nepal,1961,38.966
Nepal,1962,39.333
Nepal,1963,39.608
Nepal,1964,40.229
Nepal,1965,40.688
Nepal,1966,41.239
Nepal,1967,41.71
Nepal,1968,42.173
Nepal,1969,42.722
Nepal,1970,43.151
Nepal,1971,43.616
Nepal,1972,44.068
Nepal,1973,44.485
Nepal,1974,44.919
Nepal,1975,45.499
Nepal,1976,45.991
Nepal,1977,46.628
Nepal,1978,47.202
Nepal,1979,47.766
Nepal,1980,48.333
Nepal,1981,48.662
Nepal,1982,49.181
Nepal,1983,49.676
Nepal,1984,50.227
Nepal,1985,50.922
Nepal,1986,51.594
Nepal,1987,52.382
Nepal,1988,53.109
Nepal,1989,54.013
Nepal,1990,54.771
Nepal,1991,55.65
Nepal,1992,56.686
Nepal,1993,57.597
Nepal,1994,58.631
Nepal,1995,59.323
Nepal,1996,60.044
Nepal,1997,60.823
Nepal,1998,61.532
Nepal,1999,62.035
Nepal,2000,62.642
Nepal,2001,63.288
Nepal,2002,63.507
Nepal,2003,64.229
Nepal,2004,64.744
Nepal,2005,65.275
Nepal,2006,65.891
Nepal,2007,66.169
Nepal,2008,66.442
Nepal,2009,66.6
Nepal,2010,66.772
Nepal,2011,67.123
Nepal,2012,67.364
Nepal,2013,67.598
Nepal,2014,67.812
Nepal,2015,67.374
Nepal,2016,68.444
Nepal,2017,68.74
Nepal,2018,69.036
Nepal,2019,69.299
Nepal,2020,69.106
Nepal,2021,68.385
Nepal,2022,70.087
Nepal,2023,70.354
Netherlands,1950,71.44
Netherlands,1951,71.498
Netherlands,1952,72.118
Netherlands,1953,71.698
Netherlands,1954,72.386
Netherlands,1955,72.499
Netherlands,1956,72.525
Netherlands,1957,72.972
Netherlands,1958,73.136
Netherlands,1959,73.186
Netherlands,1960,73.354
Netherlands,1961,73.55
Netherlands,1962,73.223
Netherlands,1963,73.351
Netherlands,1964,73.736
Netherlands,1965,73.606
Netherlands,1966,73.554
Netherlands,1967,73.831
Netherlands,1968,73.637
Netherlands,1969,73.56
Netherlands,1970,73.628
Netherlands,1971,73.871
Netherlands,1972,73.783
Netherlands,1973,74.23
Netherlands,1974,74.607
Netherlands,1975,74.555
Netherlands,1976,74.672
Netherlands,1977,75.265
Netherlands,1978,75.174
Netherlands,1979,75.647
Netherlands,1980,75.772
Netherlands,1981,75.991
Netherlands,1982,76.061
Netherlands,1983,76.255
Netherlands,1984,76.327
Netherlands,1985,76.376
Netherlands,1986,76.355
Netherlands,1987,76.813
Netherlands,1988,77
Netherlands,1989,76.836
Netherlands,1990,77.012
Netherlands,1991,77.162
Netherlands,1992,77.365
Netherlands,1993,77.041
Netherlands,1994,77.518
Netherlands,1995,77.551
Netherlands,1996,77.556
Netherlands,1997,77.931
Netherlands,1998,78.004
Netherlands,1999,77.968
Netherlands,2000,78.13
Netherlands,2001,78.338
Netherlands,2002,78.412
Netherlands,2003,78.665
Netherlands,2004,79.239
Netherlands,2005,79.488
Netherlands,2006,79.847
Netherlands,2007,80.255
Netherlands,2008,80.387
Netherlands,2009,80.671
Netherlands,2010,80.829
Netherlands,2011,81.11
Netherlands,2012,81.059
Netherlands,2013,81.301
Netherlands,2014,81.65
Netherlands,2015,81.49
Netherlands,2016,81.555
Netherlands,2017,81.737
Netherlands,2018,81.781
Netherlands,2019,82.053
Netherlands,2020,81.393
Netherlands,2021,81.356
Netherlands,2022,81.912
Netherlands,2023,82.158
New Caledonia,1950,45.095
New Caledonia,1951,45.724
New Caledonia,1952,46.46
New Caledonia,1953,47.17
New Caledonia,1954,47.895
New Caledonia,1955,48.608
New Caledonia,1956,49.374
New Caledonia,1957,50.12
New Caledonia,1958,50.864
New Caledonia,1959,51.585
New Caledonia,1960,52.341
New Caledonia,1961,53.068
New Caledonia,1962,53.795
New Caledonia,1963,54.531
New Caledonia,1964,55.287
New Caledonia,1965,56.066
New Caledonia,1966,56.871
New Caledonia,1967,57.688
New Caledonia,1968,58.503
New Caledonia,1969,59.3
New Caledonia,1970,60.057
New Caledonia,1971,60.785
New Caledonia,1972,61.413
New Caledonia,1973,62.1
New Caledonia,1974,62.69
New Caledonia,1975,63.239
New Caledonia,1976,63.751
New Caledonia,1977,64.236
New Caledonia,1978,64.702
New Caledonia,1979,65.154
New Caledonia,1980,65.601
New Caledonia,1981,65.987
New Caledonia,1982,66.51
New Caledonia,1983,66.972
New Caledonia,1984,67.419
New Caledonia,1985,67.843
New Caledonia,1986,68.239
New Caledonia,1987,68.597
New Caledonia,1988,68.92
New Caledonia,1989,69.221
New Caledonia,1990,69.526
New Caledonia,1991,69.82
New Caledonia,1992,70.143
New Caledonia,1993,70.504
New Caledonia,1994,70.897
New Caledonia,1995,71.314
New Caledonia,1996,71.75
New Caledonia,1997,72.204
New Caledonia,1998,72.677
New Caledonia,1999,73.141
New Caledonia,2000,73.574
New Caledonia,2001,73.958
New Caledonia,2002,74.278
New Caledonia,2003,74.5
New Caledonia,2004,74.713
New Caledonia,2005,74.867
New Caledonia,2006,75.016
New Caledonia,2007,75.181
New Caledonia,2008,75.398
New Caledonia,2009,75.676
New Caledonia,2010,75.992
New Caledonia,2011,76.315
New Caledonia,2012,76.615
New Caledonia,2013,76.867
New Caledonia,2014,77.053
New Caledonia,2015,77.206
New Caledonia,2016,77.359
New Caledonia,2017,77.504
New Caledonia,2018,77.557
New Caledonia,2019,77.262
New Caledonia,2020,77.049
New Caledonia,2021,77.113
New Caledonia,2022,77.698
New Caledonia,2023,78.766
New Zealand,1950,69.253
New Zealand,1951,69.129
New Zealand,1952,69.376
New Zealand,1953,70.214
New Zealand,1954,70.335
New Zealand,1955,70.479
New Zealand,1956,70.722
New Zealand,1957,70.255
New Zealand,1958,70.877
New Zealand,1959,70.774
New Zealand,1960,71.224
New Zealand,1961,70.934
New Zealand,1962,71.2
New Zealand,1963,71.267
New Zealand,1964,71.295
New Zealand,1965,71.215
New Zealand,1966,71.073
New Zealand,1967,71.438
New Zealand,1968,71.088
New Zealand,1969,71.475
New Zealand,1970,71.219
New Zealand,1971,71.717
New Zealand,1972,71.823
New Zealand,1973,71.675
New Zealand,1974,71.941
New Zealand,1975,72.2
New Zealand,1976,72.397
New Zealand,1977,72.135
New Zealand,1978,73.009
New Zealand,1979,73.051
New Zealand,1980,72.862
New Zealand,1981,73.632
New Zealand,1982,73.724
New Zealand,1983,73.829
New Zealand,1984,74.367
New Zealand,1985,73.876
New Zealand,1986,74.119
New Zealand,1987,74.207
New Zealand,1988,74.478
New Zealand,1989,74.888
New Zealand,1990,75.425
New Zealand,1991,76.079
New Zealand,1992,76.191
New Zealand,1993,76.499
New Zealand,1994,76.918
New Zealand,1995,76.785
New Zealand,1996,76.807
New Zealand,1997,77.344
New Zealand,1998,78.167
New Zealand,1999,77.911
New Zealand,2000,78.668
New Zealand,2001,78.662
New Zealand,2002,78.866
New Zealand,2003,79.141
New Zealand,2004,79.355
New Zealand,2005,80.031
New Zealand,2006,80.015
New Zealand,2007,80.122
New Zealand,2008,80.246
New Zealand,2009,80.545
New Zealand,2010,81.052
New Zealand,2011,80.842
New Zealand,2012,81.167
New Zealand,2013,81.612
New Zealand,2014,81.411
New Zealand,2015,81.587
New Zealand,2016,82.003
New Zealand,2017,81.605
New Zealand,2018,81.884
New Zealand,2019,81.832
New Zealand,2020,82.663
New Zealand,2021,82.3
New Zealand,2022,81.006
New Zealand,2023,82.088
Nicaragua,1950,40.63
Nicaragua,1951,40.805
Nicaragua,1952,41.861
Nicaragua,1953,42.447
Nicaragua,1954,43.064
Nicaragua,1955,43.658
Nicaragua,1956,44.277
Nicaragua,1957,44.876
Nicaragua,1958,45.477
Nicaragua,1959,46.059
Nicaragua,1960,46.399
Nicaragua,1961,47.289
Nicaragua,1962,47.981
Nicaragua,1963,48.752
Nicaragua,1964,49.586
Nicaragua,1965,50.647
Nicaragua,1966,51.579
Nicaragua,1967,52.348
Nicaragua,1968,52.865
Nicaragua,1969,53.35
Nicaragua,1970,53.815
Nicaragua,1971,54.219
Nicaragua,1972,47.957
Nicaragua,1973,55.023
Nicaragua,1974,55.401
Nicaragua,1975,55.774
Nicaragua,1976,56.118
Nicaragua,1977,56.126
Nicaragua,1978,53.533
Nicaragua,1979,50.828
Nicaragua,1980,57.953
Nicaragua,1981,58.278
Nicaragua,1982,58.685
Nicaragua,1983,56.851
Nicaragua,1984,56.126
Nicaragua,1985,56.4
Nicaragua,1986,57.558
Nicaragua,1987,57.329
Nicaragua,1988,59.833
Nicaragua,1989,61.884
Nicaragua,1990,62.473
Nicaragua,1991,63.31
Nicaragua,1992,63.672
Nicaragua,1993,64.093
Nicaragua,1994,64.549
Nicaragua,1995,64.869
Nicaragua,1996,65.215
Nicaragua,1997,65.523
Nicaragua,1998,64.111
Nicaragua,1999,65.892
Nicaragua,2000,66.36
Nicaragua,2001,67.028
Nicaragua,2002,67.95
Nicaragua,2003,68.749
Nicaragua,2004,69.51
Nicaragua,2005,70.374
Nicaragua,2006,70.958
Nicaragua,2007,71.197
Nicaragua,2008,71.404
Nicaragua,2009,71.499
Nicaragua,2010,71.761
Nicaragua,2011,72.033
Nicaragua,2012,72.435
Nicaragua,2013,72.551
Nicaragua,2014,72.792
Nicaragua,2015,72.899
Nicaragua,2016,73.18
Nicaragua,2017,73.389
Nicaragua,2018,73.879
Nicaragua,2019,73.764
Nicaragua,2020,70.766
Nicaragua,2021,70.478
Nicaragua,2022,74.463
Nicaragua,2023,74.947
Niger,1950,35.901
Niger,1951,35.904
Niger,1952,35.914
Niger,1953,35.927
Niger,1954,35.954
Niger,1955,35.97
Niger,1956,36.04
Niger,1957,36.08
Niger,1958,36.087
Niger,1959,36.137
Niger,1960,36.193
Niger,1961,36.287
Niger,1962,36.319
Niger,1963,36.437
Niger,1964,36.464
Niger,1965,36.404
Niger,1966,36.331
Niger,1967,36.243
Niger,1968,36.128
Niger,1969,36.003
Niger,1970,35.919
Niger,1971,35.294
Niger,1972,35.813
Niger,1973,35.938
Niger,1974,36.195
Niger,1975,36.568
Niger,1976,37.101
Niger,1977,37.689
Niger,1978,38.267
Niger,1979,38.889
Niger,1980,39.344
Niger,1981,39.637
Niger,1982,39.844
Niger,1983,39.979
Niger,1984,39.989
Niger,1985,40.12
Niger,1986,40.251
Niger,1987,40.468
Niger,1988,40.791
Niger,1989,41.188
Niger,1990,41.732
Niger,1991,42.289
Niger,1992,43.064
Niger,1993,43.838
Niger,1994,44.586
Niger,1995,45.504
Niger,1996,46.313
Niger,1997,47.097
Niger,1998,47.807
Niger,1999,48.48
Niger,2000,49.172
Niger,2001,49.872
Niger,2002,50.645
Niger,2003,51.545
Niger,2004,52.402
Niger,2005,53.32
Niger,2006,54.223
Niger,2007,55.063
Niger,2008,55.852
Niger,2009,56.487
Niger,2010,57.08
Niger,2011,57.6
Niger,2012,57.987
Niger,2013,58.364
Niger,2014,58.693
Niger,2015,58.85
Niger,2016,59.228
Niger,2017,59.524
Niger,2018,59.765
Niger,2019,60.031
Niger,2020,59.89
Niger,2021,59.542
Niger,2022,60.398
Niger,2023,61.183
Nigeria,1950,35.528
Nigeria,1951,35.72
Nigeria,1952,35.877
Nigeria,1953,36.039
Nigeria,1954,36.236
Nigeria,1955,36.336
Nigeria,1956,36.482
Nigeria,1957,36.618
Nigeria,1958,36.834
Nigeria,1959,37.028
Nigeria,1960,37.207
Nigeria,1961,37.427
Nigeria,1962,37.606
Nigeria,1963,37.806
Nigeria,1964,37.98
Nigeria,1965,38.221
Nigeria,1966,38.355
Nigeria,1967,37.497
Nigeria,1968,38.642
Nigeria,1969,38.946
Nigeria,1970,40.008
Nigeria,1971,40.606
Nigeria,1972,41.273
Nigeria,1973,41.831
Nigeria,1974,42.489
Nigeria,1975,43.054
Nigeria,1976,44.186
Nigeria,1977,44.847
Nigeria,1978,45.348
Nigeria,1979,45.738
Nigeria,1980,45.959
Nigeria,1981,46.309
Nigeria,1982,46.437
Nigeria,1983,46.442
Nigeria,1984,46.339
Nigeria,1985,46.193
Nigeria,1986,45.953
Nigeria,1987,45.89
Nigeria,1988,45.834
Nigeria,1989,45.83
Nigeria,1990,45.733
Nigeria,1991,45.483
Nigeria,1992,45.587
Nigeria,1993,45.783
Nigeria,1994,45.748
Nigeria,1995,45.87
Nigeria,1996,45.833
Nigeria,1997,45.96
Nigeria,1998,46.148
Nigeria,1999,46.609
Nigeria,2000,47.143
Nigeria,2001,47.549
Nigeria,2002,48.02
Nigeria,2003,48.618
Nigeria,2004,49.148
Nigeria,2005,49.538
Nigeria,2006,49.876
Nigeria,2007,50.381
Nigeria,2008,50.748
Nigeria,2009,51.08
Nigeria,2010,51.315
Nigeria,2011,51.49
Nigeria,2012,51.688
Nigeria,2013,51.827
Nigeria,2014,51.94
Nigeria,2015,51.939
Nigeria,2016,52.189
Nigeria,2017,52.397
Nigeria,2018,52.669
Nigeria,2019,53.009
Nigeria,2020,53.072
Nigeria,2021,53.455
Nigeria,2022,54.079
Nigeria,2023,54.462
Niue,1950,54.566
Niue,1951,54.948
Niue,1952,55.361
Niue,1953,55.775
Niue,1954,56.203
Niue,1955,56.669
Niue,1956,57.186
Niue,1957,57.719
Niue,1958,58.278
Niue,1959,58.839
Niue,1960,59.384
Niue,1961,59.951
Niue,1962,60.511
Niue,1963,61.026
Niue,1964,61.533
Niue,1965,62.067
Niue,1966,62.565
Niue,1967,63.058
Niue,1968,63.497
Niue,1969,63.983
Niue,1970,64.367
Niue,1971,64.744
Niue,1972,65.06
Niue,1973,65.4
Niue,1974,65.786
Niue,1975,66.116
Niue,1976,66.505
Niue,1977,66.854
Niue,1978,67.141
Niue,1979,67.38
Niue,1980,67.606
Niue,1981,67.82
Niue,1982,67.959
Niue,1983,68.069
Niue,1984,68.085
Niue,1985,68.051
Niue,1986,67.939
Niue,1987,67.783
Niue,1988,67.61
Niue,1989,67.317
Niue,1990,67.062
Niue,1991,66.817
Niue,1992,66.543
Niue,1993,66.409
Niue,1994,66.392
Niue,1995,66.379
Niue,1996,66.39
Niue,1997,66.437
Niue,1998,66.576
Niue,1999,65.641
Niue,2000,66.645
Niue,2001,66.7
Niue,2002,66.69
Niue,2003,66.775
Niue,2004,65.601
Niue,2005,66.977
Niue,2006,67.066
Niue,2007,67.179
Niue,2008,67.25
Niue,2009,67.456
Niue,2010,67.651
Niue,2011,67.825
Niue,2012,68.009
Niue,2013,68.206
Niue,2014,68.418
Niue,2015,68.611
Niue,2016,68.796
Niue,2017,68.983
Niue,2018,69.136
Niue,2019,69.299
Niue,2020,69.47
Niue,2021,69.572
Niue,2022,69.818
Niue,2023,69.978
North Korea,1950,14.201
North Korea,1951,17.663
North Korea,1952,32.791
North Korea,1953,40.256
North Korea,1954,50.634
North Korea,1955,51.766
North Korea,1956,52.783
North Korea,1957,53.678
North Korea,1958,54.478
North Korea,1959,55.172
North Korea,1960,55.814
North Korea,1961,56.408
North Korea,1962,56.998
North Korea,1963,57.578
North Korea,1964,58.17
North Korea,1965,58.785
North Korea,1966,59.423
North Korea,1967,60.087
North Korea,1968,60.757
North Korea,1969,61.411
North Korea,1970,62.049
North Korea,1971,62.663
North Korea,1972,63.254
North Korea,1973,63.816
North Korea,1974,64.335
North Korea,1975,64.831
North Korea,1976,65.325
North Korea,1977,65.811
North Korea,1978,66.292
North Korea,1979,66.748
North Korea,1980,67.208
North Korea,1981,67.657
North Korea,1982,68.09
North Korea,1983,68.503
North Korea,1984,68.881
North Korea,1985,69.231
North Korea,1986,69.541
North Korea,1987,69.767
North Korea,1988,70.052
North Korea,1989,70.269
North Korea,1990,70.484
North Korea,1991,70.717
North Korea,1992,71.009
North Korea,1993,70.794
North Korea,1994,70.472
North Korea,1995,60.766
North Korea,1996,60.82
North Korea,1997,60.869
North Korea,1998,60.887
North Korea,1999,60.91
North Korea,2000,60.911
North Korea,2001,60.893
North Korea,2002,60.877
North Korea,2003,69.399
North Korea,2004,69.294
North Korea,2005,69.168
North Korea,2006,69.061
North Korea,2007,69.021
North Korea,2008,69.303
North Korea,2009,69.702
North Korea,2010,70.246
North Korea,2011,70.772
North Korea,2012,71.317
North Korea,2013,71.867
North Korea,2014,72.451
North Korea,2015,72.825
North Korea,2016,72.971
North Korea,2017,73.034
North Korea,2018,73.02
North Korea,2019,72.928
North Korea,2020,72.783
North Korea,2021,73.437
North Korea,2022,73.641
North Korea,2023,73.642
North Macedonia,1950,50.606
North Macedonia,1951,48.518
North Macedonia,1952,52.512
North Macedonia,1953,53.155
North Macedonia,1954,55.677
North Macedonia,1955,55.369
North Macedonia,1956,58.472
North Macedonia,1957,55.745
North Macedonia,1958,60.309
North Macedonia,1959,59.542
North Macedonia,1960,60.504
North Macedonia,1961,61.792
North Macedonia,1962,59.299
North Macedonia,1963,61.391
North Macedonia,1964,61.538
North Macedonia,1965,62.609
North Macedonia,1966,63.52
North Macedonia,1967,63.758
North Macedonia,1968,64.574
North Macedonia,1969,63.986
North Macedonia,1970,64.972
North Macedonia,1971,65.208
North Macedonia,1972,65.639
North Macedonia,1973,67.063
North Macedonia,1974,67.115
North Macedonia,1975,67.253
North Macedonia,1976,67.866
North Macedonia,1977,68.236
North Macedonia,1978,69.051
North Macedonia,1979,69.16
North Macedonia,1980,69.055
North Macedonia,1981,69.433
North Macedonia,1982,69.844
North Macedonia,1983,69.727
North Macedonia,1984,70.195
North Macedonia,1985,70.225
North Macedonia,1986,70.293
North Macedonia,1987,70.419
North Macedonia,1988,70.471
North Macedonia,1989,71.118
North Macedonia,1990,71.339
North Macedonia,1991,71.752
North Macedonia,1992,71.302
North Macedonia,1993,71.731
North Macedonia,1994,71.487
North Macedonia,1995,71.965
North Macedonia,1996,71.854
North Macedonia,1997,71.881
North Macedonia,1998,71.802
North Macedonia,1999,72.308
North Macedonia,2000,72.569
North Macedonia,2001,73.006
North Macedonia,2002,72.709
North Macedonia,2003,73.047
North Macedonia,2004,73.448
North Macedonia,2005,73.608
North Macedonia,2006,73.791
North Macedonia,2007,73.742
North Macedonia,2008,74.436
North Macedonia,2009,74.469
North Macedonia,2010,75.037
North Macedonia,2011,75.142
North Macedonia,2012,75.043
North Macedonia,2013,75.583
North Macedonia,2014,75.633
North Macedonia,2015,75.629
North Macedonia,2016,75.571
North Macedonia,2017,76.152
North Macedonia,2018,76.883
North Macedonia,2019,76.835
North Macedonia,2020,74.469
North Macedonia,2021,73.292
North Macedonia,2022,76.645
North Macedonia,2023,77.395
Northern America (UN),1950,68.056
Northern America (UN),1951,68.181
Northern America (UN),1952,68.383
Northern America (UN),1953,68.719
Northern America (UN),1954,69.518
Northern America (UN),1955,69.576
Northern America (UN),1956,69.654
Northern America (UN),1957,69.444
Northern America (UN),1958,69.735
Northern America (UN),1959,69.953
Northern America (UN),1960,69.915
Northern America (UN),1961,70.326
Northern America (UN),1962,70.2
Northern America (UN),1963,70.044
Northern America (UN),1964,70.313
Northern America (UN),1965,70.37
Northern America (UN),1966,70.343
Northern America (UN),1967,70.646
Northern America (UN),1968,70.366
Northern America (UN),1969,70.634
Northern America (UN),1970,70.89
Northern America (UN),1971,71.253
Northern America (UN),1972,71.317
Northern America (UN),1973,71.539
Northern America (UN),1974,72.062
Northern America (UN),1975,72.624
Northern America (UN),1976,72.937
Northern America (UN),1977,73.31
Northern America (UN),1978,73.505
Northern America (UN),1979,73.923
Northern America (UN),1980,73.849
Northern America (UN),1981,74.239
Northern America (UN),1982,74.576
Northern America (UN),1983,74.689
Northern America (UN),1984,74.827
Northern America (UN),1985,74.804
Northern America (UN),1986,74.89
Northern America (UN),1987,75.037
Northern America (UN),1988,75.021
Northern America (UN),1989,75.297
Northern America (UN),1990,75.569
Northern America (UN),1991,75.722
Northern America (UN),1992,75.977
Northern America (UN),1993,75.774
Northern America (UN),1994,75.947
Northern America (UN),1995,76.062
Northern America (UN),1996,76.377
Northern America (UN),1997,76.689
Northern America (UN),1998,76.854
Northern America (UN),1999,76.882
Northern America (UN),2000,77.037
Northern America (UN),2001,77.162
Northern America (UN),2002,77.236
Northern America (UN),2003,77.387
Northern America (UN),2004,77.777
Northern America (UN),2005,77.779
Northern America (UN),2006,78.063
Northern America (UN),2007,78.291
Northern America (UN),2008,78.382
Northern America (UN),2009,78.731
Northern America (UN),2010,78.931
Northern America (UN),2011,78.979
Northern America (UN),2012,79.102
Northern America (UN),2013,79.112
Northern America (UN),2014,79.173
Northern America (UN),2015,79.037
Northern America (UN),2016,79.017
Northern America (UN),2017,78.973
Northern America (UN),2018,79.112
Northern America (UN),2019,79.253
Northern America (UN),2020,77.462
Northern America (UN),2021,76.922
Northern America (UN),2022,78.309
Northern America (UN),2023,79.642
Northern Mariana Islands,1950,58.215
Northern Mariana Islands,1951,58.536
Northern Mariana Islands,1952,58.827
Northern Mariana Islands,1953,59.147
Northern Mariana Islands,1954,59.459
Northern Mariana Islands,1955,59.77
Northern Mariana Islands,1956,60.066
Northern Mariana Islands,1957,60.394
Northern Mariana Islands,1958,60.734
Northern Mariana Islands,1959,61.046
Northern Mariana Islands,1960,61.39
Northern Mariana Islands,1961,61.671
Northern Mariana Islands,1962,61.972
Northern Mariana Islands,1963,62.308
Northern Mariana Islands,1964,62.592
Northern Mariana Islands,1965,62.958
Northern Mariana Islands,1966,63.331
Northern Mariana Islands,1967,63.711
Northern Mariana Islands,1968,64.076
Northern Mariana Islands,1969,64.475
Northern Mariana Islands,1970,64.831
Northern Mariana Islands,1971,65.196
Northern Mariana Islands,1972,65.557
Northern Mariana Islands,1973,65.988
Northern Mariana Islands,1974,66.434
Northern Mariana Islands,1975,66.85
Northern Mariana Islands,1976,67.278
Northern Mariana Islands,1977,67.653
Northern Mariana Islands,1978,67.903
Northern Mariana Islands,1979,68.123
Northern Mariana Islands,1980,68.302
Northern Mariana Islands,1981,68.479
Northern Mariana Islands,1982,68.692
Northern Mariana Islands,1983,68.858
Northern Mariana Islands,1984,69.062
Northern Mariana Islands,1985,69.231
Northern Mariana Islands,1986,69.357
Northern Mariana Islands,1987,69.48
Northern Mariana Islands,1988,69.614
Northern Mariana Islands,1989,69.784
Northern Mariana Islands,1990,70.038
Northern Mariana Islands,1991,70.362
Northern Mariana Islands,1992,70.762
Northern Mariana Islands,1993,71.156
Northern Mariana Islands,1994,71.533
Northern Mariana Islands,1995,71.938
Northern Mariana Islands,1996,72.442
Northern Mariana Islands,1997,72.947
Northern Mariana Islands,1998,73.573
Northern Mariana Islands,1999,74.262
Northern Mariana Islands,2000,74.9
Northern Mariana Islands,2001,75.419
Northern Mariana Islands,2002,75.934
Northern Mariana Islands,2003,76.505
Northern Mariana Islands,2004,76.789
Northern Mariana Islands,2005,77.307
Northern Mariana Islands,2006,77.688
Northern Mariana Islands,2007,77.863
Northern Mariana Islands,2008,77.938
Northern Mariana Islands,2009,77.903
Northern Mariana Islands,2010,77.8
Northern Mariana Islands,2011,77.688
Northern Mariana Islands,2012,77.566
Northern Mariana Islands,2013,77.452
Northern Mariana Islands,2014,77.377
Northern Mariana Islands,2015,77.36
Northern Mariana Islands,2016,77.392
Northern Mariana Islands,2017,77.47
Northern Mariana Islands,2018,77.51
Northern Mariana Islands,2019,77.844
Northern Mariana Islands,2020,78.03
Northern Mariana Islands,2021,78.16
Northern Mariana Islands,2022,78.531
Northern Mariana Islands,2023,78.808
Norway,1950,71.588
Norway,1951,72.526
Norway,1952,72.65
Norway,1953,73.148
Norway,1954,73.209
Norway,1955,73.431
Norway,1956,73.486
Norway,1957,73.434
Norway,1958,73.425
Norway,1959,73.55
Norway,1960,73.564
Norway,1961,73.564
Norway,1962,73.459
Norway,1963,73.097
Norway,1964,73.608
Norway,1965,73.726
Norway,1966,74.007
Norway,1967,74.073
Norway,1968,73.945
Norway,1969,73.666
Norway,1970,74.07
Norway,1971,74.175
Norway,1972,74.349
Norway,1973,74.44
Norway,1974,74.763
Norway,1975,74.817
Norway,1976,75.048
Norway,1977,75.398
Norway,1978,75.426
Norway,1979,75.415
Norway,1980,75.673
Norway,1981,75.882
Norway,1982,76.019
Norway,1983,76.079
Norway,1984,76.247
Norway,1985,75.933
Norway,1986,76.253
Norway,1987,76.102
Norway,1988,76.271
Norway,1989,76.543
Norway,1990,76.586
Norway,1991,77.038
Norway,1992,77.246
Norway,1993,77.221
Norway,1994,77.773
Norway,1995,77.797
Norway,1996,78.233
Norway,1997,78.238
Norway,1998,78.408
Norway,1999,78.386
Norway,2000,78.692
Norway,2001,78.896
Norway,2002,78.96
Norway,2003,79.529
Norway,2004,79.965
Norway,2005,80.169
Norway,2006,80.44
Norway,2007,80.502
Norway,2008,80.677
Norway,2009,80.865
Norway,2010,81.039
Norway,2011,81.245
Norway,2012,81.446
Norway,2013,81.668
Norway,2014,82.087
Norway,2015,82.273
Norway,2016,82.415
Norway,2017,82.624
Norway,2018,82.76
Norway,2019,82.955
Norway,2020,83.195
Norway,2021,83.166
Norway,2022,82.631
Norway,2023,83.308
Oceania (UN),1950,61.559
Oceania (UN),1951,60.445
Oceania (UN),1952,62.131
Oceania (UN),1953,62.785
Oceania (UN),1954,63.075
Oceania (UN),1955,63.495
Oceania (UN),1956,63.616
Oceania (UN),1957,63.998
Oceania (UN),1958,64.612
Oceania (UN),1959,64.522
Oceania (UN),1960,65.038
Oceania (UN),1961,65.383
Oceania (UN),1962,65.357
Oceania (UN),1963,65.63
Oceania (UN),1964,65.463
Oceania (UN),1965,65.784
Oceania (UN),1966,65.81
Oceania (UN),1967,66.3
Oceania (UN),1968,66.209
Oceania (UN),1969,66.707
Oceania (UN),1970,66.58
Oceania (UN),1971,67.394
Oceania (UN),1972,67.749
Oceania (UN),1973,67.981
Oceania (UN),1974,68.011
Oceania (UN),1975,68.724
Oceania (UN),1976,68.844
Oceania (UN),1977,69.366
Oceania (UN),1978,69.767
Oceania (UN),1979,70.213
Oceania (UN),1980,70.416
Oceania (UN),1981,70.785
Oceania (UN),1982,70.835
Oceania (UN),1983,71.401
Oceania (UN),1984,71.589
Oceania (UN),1985,71.549
Oceania (UN),1986,72.034
Oceania (UN),1987,72.118
Oceania (UN),1988,72.397
Oceania (UN),1989,72.428
Oceania (UN),1990,73.119
Oceania (UN),1991,73.504
Oceania (UN),1992,73.562
Oceania (UN),1993,73.942
Oceania (UN),1994,73.905
Oceania (UN),1995,74.163
Oceania (UN),1996,74.211
Oceania (UN),1997,74.462
Oceania (UN),1998,74.558
Oceania (UN),1999,74.938
Oceania (UN),2000,75.224
Oceania (UN),2001,75.418
Oceania (UN),2002,75.403
Oceania (UN),2003,75.692
Oceania (UN),2004,75.898
Oceania (UN),2005,76.234
Oceania (UN),2006,76.355
Oceania (UN),2007,76.405
Oceania (UN),2008,76.629
Oceania (UN),2009,76.895
Oceania (UN),2010,77.229
Oceania (UN),2011,77.308
Oceania (UN),2012,77.485
Oceania (UN),2013,77.792
Oceania (UN),2014,77.782
Oceania (UN),2015,77.925
Oceania (UN),2016,78.161
Oceania (UN),2017,78.127
Oceania (UN),2018,78.538
Oceania (UN),2019,78.567
Oceania (UN),2020,78.85
Oceania (UN),2021,78.452
Oceania (UN),2022,78.063
Oceania (UN),2023,79.146
Oman,1950,29.3
Oman,1951,29.766
Oman,1952,30.235
Oman,1953,30.72
Oman,1954,31.231
Oman,1955,31.779
Oman,1956,32.374
Oman,1957,32.963
Oman,1958,33.752
Oman,1959,34.551
Oman,1960,35.429
Oman,1961,36.386
Oman,1962,37.413
Oman,1963,38.498
Oman,1964,39.628
Oman,1965,40.791
Oman,1966,41.975
Oman,1967,43.177
Oman,1968,44.395
Oman,1969,45.624
Oman,1970,46.64
Oman,1971,47.868
Oman,1972,48.717
Oman,1973,49.964
Oman,1974,51.228
Oman,1975,52.511
Oman,1976,54.448
Oman,1977,55.524
Oman,1978,57.037
Oman,1979,58.328
Oman,1980,59.601
Oman,1981,60.802
Oman,1982,62.049
Oman,1983,63.192
Oman,1984,64.272
Oman,1985,65.281
Oman,1986,66.168
Oman,1987,66.979
Oman,1988,67.718
Oman,1989,68.393
Oman,1990,69.012
Oman,1991,69.584
Oman,1992,70.114
Oman,1993,70.608
Oman,1994,71.072
Oman,1995,71.56
Oman,1996,72.023
Oman,1997,72.463
Oman,1998,72.882
Oman,1999,73.276
Oman,2000,73.643
Oman,2001,73.979
Oman,2002,74.276
Oman,2003,74.521
Oman,2004,74.82
Oman,2005,75.07
Oman,2006,75.354
Oman,2007,75.596
Oman,2008,76.124
Oman,2009,76.631
Oman,2010,77.184
Oman,2011,77.74
Oman,2012,78.187
Oman,2013,78.633
Oman,2014,79.03
Oman,2015,79.346
Oman,2016,79.581
Oman,2017,79.748
Oman,2018,79.864
Oman,2019,79.946
Oman,2020,77.763
Oman,2021,75.969
Oman,2022,77.911
Oman,2023,80.031
Pakistan,1950,34.248
Pakistan,1951,35.381
Pakistan,1952,36.497
Pakistan,1953,37.596
Pakistan,1954,38.604
Pakistan,1955,39.611
Pakistan,1956,40.617
Pakistan,1957,41.554
Pakistan,1958,42.465
Pakistan,1959,43.325
Pakistan,1960,44.101
Pakistan,1961,44.956
Pakistan,1962,45.85
Pakistan,1963,46.761
Pakistan,1964,47.831
Pakistan,1965,48.495
Pakistan,1966,49.797
Pakistan,1967,50.763
Pakistan,1968,51.624
Pakistan,1969,52.316
Pakistan,1970,52.943
Pakistan,1971,49.002
Pakistan,1972,53.824
Pakistan,1973,54.09
Pakistan,1974,54.266
Pakistan,1975,54.722
Pakistan,1976,55.069
Pakistan,1977,55.482
Pakistan,1978,56.072
Pakistan,1979,56.614
Pakistan,1980,57.199
Pakistan,1981,57.764
Pakistan,1982,58.291
Pakistan,1983,58.663
Pakistan,1984,58.921
Pakistan,1985,59.075
Pakistan,1986,59.167
Pakistan,1987,59.222
Pakistan,1988,59.36
Pakistan,1989,59.528
Pakistan,1990,59.728
Pakistan,1991,59.864
Pakistan,1992,59.983
Pakistan,1993,60.083
Pakistan,1994,60.197
Pakistan,1995,60.273
Pakistan,1996,60.466
Pakistan,1997,60.623
Pakistan,1998,61.134
Pakistan,1999,61.54
Pakistan,2000,61.903
Pakistan,2001,62.241
Pakistan,2002,62.556
Pakistan,2003,62.834
Pakistan,2004,63.097
Pakistan,2005,62.416
Pakistan,2006,63.624
Pakistan,2007,63.807
Pakistan,2008,64.002
Pakistan,2009,64.206
Pakistan,2010,64.378
Pakistan,2011,64.659
Pakistan,2012,64.883
Pakistan,2013,65.129
Pakistan,2014,65.374
Pakistan,2015,65.641
Pakistan,2016,65.943
Pakistan,2017,66.223
Pakistan,2018,66.481
Pakistan,2019,66.729
Pakistan,2020,65.701
Pakistan,2021,65.773
Pakistan,2022,67.417
Pakistan,2023,67.649
Palau,1950,52.675
Palau,1951,52.868
Palau,1952,53.07
Palau,1953,53.274
Palau,1954,53.478
Palau,1955,53.699
Palau,1956,53.916
Palau,1957,54.139
Palau,1958,54.362
Palau,1959,54.593
Palau,1960,54.853
Palau,1961,55.092
Palau,1962,55.378
Palau,1963,55.567
Palau,1964,55.795
Palau,1965,55.938
Palau,1966,56.212
Palau,1967,56.54
Palau,1968,56.886
Palau,1969,57.253
Palau,1970,57.674
Palau,1971,58.108
Palau,1972,58.557
Palau,1973,59.024
Palau,1974,59.492
Palau,1975,59.998
Palau,1976,60.469
Palau,1977,60.899
Palau,1978,61.294
Palau,1979,61.616
Palau,1980,61.909
Palau,1981,62.142
Palau,1982,62.333
Palau,1983,62.477
Palau,1984,62.638
Palau,1985,62.72
Palau,1986,62.752
Palau,1987,62.771
Palau,1988,62.779
Palau,1989,62.777
Palau,1990,62.79
Palau,1991,62.849
Palau,1992,62.926
Palau,1993,62.98
Palau,1994,63.104
Palau,1995,63.255
Palau,1996,63.455
Palau,1997,63.707
Palau,1998,63.951
Palau,1999,64.23
Palau,2000,64.499
Palau,2001,64.8
Palau,2002,65.076
Palau,2003,65.446
Palau,2004,65.816
Palau,2005,66.219
Palau,2006,66.633
Palau,2007,67.113
Palau,2008,67.562
Palau,2009,67.99
Palau,2010,68.347
Palau,2011,68.638
Palau,2012,68.863
Palau,2013,68.981
Palau,2014,69.062
Palau,2015,69.07
Palau,2016,69.046
Palau,2017,69.019
Palau,2018,68.989
Palau,2019,68.982
Palau,2020,68.689
Palau,2021,68.563
Palau,2022,68.922
Palau,2023,69.269
Palestine,1950,45.748
Palestine,1951,46.026
Palestine,1952,46.3
Palestine,1953,46.584
Palestine,1954,46.887
Palestine,1955,47.212
Palestine,1956,47.568
Palestine,1957,47.955
Palestine,1958,48.371
Palestine,1959,48.813
Palestine,1960,49.298
Palestine,1961,49.818
Palestine,1962,50.374
Palestine,1963,50.96
Palestine,1964,51.552
Palestine,1965,52.174
Palestine,1966,52.803
Palestine,1967,50.936
Palestine,1968,54.087
Palestine,1969,54.727
Palestine,1970,55.359
Palestine,1971,55.997
Palestine,1972,56.672
Palestine,1973,57.624
Palestine,1974,57.953
Palestine,1975,58.663
Palestine,1976,59.386
Palestine,1977,60.085
Palestine,1978,60.772
Palestine,1979,61.499
Palestine,1980,62.193
Palestine,1981,62.836
Palestine,1982,63.471
Palestine,1983,64.132
Palestine,1984,64.73
Palestine,1985,65.262
Palestine,1986,65.737
Palestine,1987,66.293
Palestine,1988,66.706
Palestine,1989,67.141
Palestine,1990,67.803
Palestine,1991,68.222
Palestine,1992,68.478
Palestine,1993,68.759
Palestine,1994,69.328
Palestine,1995,69.583
Palestine,1996,69.982
Palestine,1997,70.328
Palestine,1998,70.564
Palestine,1999,70.789
Palestine,2000,70.298
Palestine,2001,69.75
Palestine,2002,70.88
Palestine,2003,70.967
Palestine,2004,71.094
Palestine,2005,72.004
Palestine,2006,71.831
Palestine,2007,72.064
Palestine,2008,72.204
Palestine,2009,72.306
Palestine,2010,73.302
Palestine,2011,73.557
Palestine,2012,73.722
Palestine,2013,74.14
Palestine,2014,72.781
Palestine,2015,74.577
Palestine,2016,74.917
Palestine,2017,75.216
Palestine,2018,75.38
Palestine,2019,75.811
Palestine,2020,74.998
Palestine,2021,73.89
Palestine,2022,76.662
Palestine,2023,65.17
Panama,1950,55.399
Panama,1951,55.883
Panama,1952,56.363
Panama,1953,56.835
Panama,1954,57.234
Panama,1955,57.484
Panama,1956,57.877
Panama,1957,58.279
Panama,1958,58.947
Panama,1959,59.567
Panama,1960,60.278
Panama,1961,60.914
Panama,1962,61.428
Panama,1963,61.814
Panama,1964,62.101
Panama,1965,62.337
Panama,1966,62.629
Panama,1967,62.887
Panama,1968,63.242
Panama,1969,63.66
Panama,1970,64.068
Panama,1971,64.666
Panama,1972,65.183
Panama,1973,65.783
Panama,1974,66.552
Panama,1975,67.243
Panama,1976,67.794
Panama,1977,68.252
Panama,1978,68.687
Panama,1979,69.09
Panama,1980,69.451
Panama,1981,69.79
Panama,1982,69.9
Panama,1983,70.133
Panama,1984,70.403
Panama,1985,70.544
Panama,1986,70.669
Panama,1987,70.811
Panama,1988,70.945
Panama,1989,70.137
Panama,1990,71.266
Panama,1991,71.331
Panama,1992,71.461
Panama,1993,71.805
Panama,1994,71.943
Panama,1995,71.994
Panama,1996,72.199
Panama,1997,72.541
Panama,1998,72.785
Panama,1999,73.124
Panama,2000,73.443
Panama,2001,73.82
Panama,2002,74.195
Panama,2003,74.567
Panama,2004,74.845
Panama,2005,75.16
Panama,2006,75.429
Panama,2007,75.675
Panama,2008,75.937
Panama,2009,76.228
Panama,2010,76.417
Panama,2011,76.659
Panama,2012,76.877
Panama,2013,77.129
Panama,2014,77.365
Panama,2015,77.583
Panama,2016,77.772
Panama,2017,77.901
Panama,2018,78.266
Panama,2019,78.514
Panama,2020,76.33
Panama,2021,77.004
Panama,2022,79.324
Panama,2023,79.594
Papua New Guinea,1950,39.359
Papua New Guinea,1951,35.483
Papua New Guinea,1952,40.676
Papua New Guinea,1953,41.337
Papua New Guinea,1954,41.953
Papua New Guinea,1955,42.624
Papua New Guinea,1956,43.26
Papua New Guinea,1957,43.913
Papua New Guinea,1958,44.558
Papua New Guinea,1959,45.14
Papua New Guinea,1960,45.805
Papua New Guinea,1961,46.425
Papua New Guinea,1962,46.706
Papua New Guinea,1963,47.674
Papua New Guinea,1964,48.295
Papua New Guinea,1965,48.927
Papua New Guinea,1966,49.566
Papua New Guinea,1967,50.247
Papua New Guinea,1968,50.884
Papua New Guinea,1969,51.523
Papua New Guinea,1970,52.144
Papua New Guinea,1971,52.593
Papua New Guinea,1972,53.25
Papua New Guinea,1973,53.853
Papua New Guinea,1974,54.441
Papua New Guinea,1975,54.984
Papua New Guinea,1976,55.53
Papua New Guinea,1977,56.05
Papua New Guinea,1978,56.523
Papua New Guinea,1979,56.967
Papua New Guinea,1980,57.391
Papua New Guinea,1981,57.76
Papua New Guinea,1982,58.075
Papua New Guinea,1983,58.294
Papua New Guinea,1984,58.583
Papua New Guinea,1985,58.804
Papua New Guinea,1986,59.017
Papua New Guinea,1987,59.232
Papua New Guinea,1988,59.381
Papua New Guinea,1989,59.598
Papua New Guinea,1990,59.778
Papua New Guinea,1991,59.94
Papua New Guinea,1992,60.26
Papua New Guinea,1993,60.466
Papua New Guinea,1994,60.726
Papua New Guinea,1995,60.929
Papua New Guinea,1996,61.071
Papua New Guinea,1997,61.27
Papua New Guinea,1998,60.435
Papua New Guinea,1999,61.505
Papua New Guinea,2000,61.609
Papua New Guinea,2001,61.647
Papua New Guinea,2002,61.643
Papua New Guinea,2003,61.741
Papua New Guinea,2004,61.795
Papua New Guinea,2005,61.868
Papua New Guinea,2006,62.018
Papua New Guinea,2007,62.211
Papua New Guinea,2008,62.511
Papua New Guinea,2009,62.772
Papua New Guinea,2010,63.056
Papua New Guinea,2011,63.382
Papua New Guinea,2012,63.639
Papua New Guinea,2013,63.927
Papua New Guinea,2014,64.198
Papua New Guinea,2015,64.473
Papua New Guinea,2016,64.7
Papua New Guinea,2017,64.923
Papua New Guinea,2018,65.114
Papua New Guinea,2019,65.331
Papua New Guinea,2020,65.075
Papua New Guinea,2021,64.358
Papua New Guinea,2022,65.274
Papua New Guinea,2023,66.134
Paraguay,1950,58.055
Paraguay,1951,58.263
Paraguay,1952,58.37
Paraguay,1953,58.49
Paraguay,1954,58.623
Paraguay,1955,58.809
Paraguay,1956,59.015
Paraguay,1957,59.275
Paraguay,1958,59.564
Paraguay,1959,59.88
Paraguay,1960,60.197
Paraguay,1961,60.517
Paraguay,1962,60.816
Paraguay,1963,61.101
Paraguay,1964,61.368
Paraguay,1965,61.606
Paraguay,1966,61.832
Paraguay,1967,62.025
Paraguay,1968,62.208
Paraguay,1969,62.385
Paraguay,1970,62.554
Paraguay,1971,62.726
Paraguay,1972,62.89
Paraguay,1973,63.059
Paraguay,1974,63.231
Paraguay,1975,63.435
Paraguay,1976,63.654
Paraguay,1977,63.86
Paraguay,1978,64.078
Paraguay,1979,64.298
Paraguay,1980,64.553
Paraguay,1981,64.811
Paraguay,1982,65.076
Paraguay,1983,65.293
Paraguay,1984,65.609
Paraguay,1985,65.893
Paraguay,1986,66.172
Paraguay,1987,66.454
Paraguay,1988,66.71
Paraguay,1989,66.922
Paraguay,1990,67.341
Paraguay,1991,67.676
Paraguay,1992,67.961
Paraguay,1993,68.234
Paraguay,1994,68.504
Paraguay,1995,68.778
Paraguay,1996,69.05
Paraguay,1997,69.284
Paraguay,1998,69.507
Paraguay,1999,69.774
Paraguay,2000,70.026
Paraguay,2001,70.281
Paraguay,2002,70.539
Paraguay,2003,70.795
Paraguay,2004,71.054
Paraguay,2005,71.317
Paraguay,2006,71.584
Paraguay,2007,71.817
Paraguay,2008,72.047
Paraguay,2009,72.282
Paraguay,2010,72.551
Paraguay,2011,72.787
Paraguay,2012,73.105
Paraguay,2013,73.292
Paraguay,2014,73.415
Paraguay,2015,73.454
Paraguay,2016,73.487
Paraguay,2017,73.45
Paraguay,2018,73.627
Paraguay,2019,73.668
Paraguay,2020,72.72
Paraguay,2021,68.108
Paraguay,2022,72.319
Paraguay,2023,73.844
Peru,1950,46.032
Peru,1951,46.463
Peru,1952,46.762
Peru,1953,47.1
Peru,1954,47.476
Peru,1955,47.904
Peru,1956,48.382
Peru,1957,48.922
Peru,1958,49.489
Peru,1959,50.044
Peru,1960,50.597
Peru,1961,51.192
Peru,1962,51.532
Peru,1963,52.597
Peru,1964,53.302
Peru,1965,53.871
Peru,1966,54.4
Peru,1967,54.893
Peru,1968,55.384
Peru,1969,55.816
Peru,1970,47.728
Peru,1971,56.493
Peru,1972,56.989
Peru,1973,57.333
Peru,1974,57.769
Peru,1975,58.205
Peru,1976,58.57
Peru,1977,58.895
Peru,1978,59.261
Peru,1979,59.624
Peru,1980,59.982
Peru,1981,60.325
Peru,1982,60.559
Peru,1983,60.764
Peru,1984,61.066
Peru,1985,61.71
Peru,1986,62.154
Peru,1987,62.544
Peru,1988,62.995
Peru,1989,63.405
Peru,1990,63.979
Peru,1991,64.248
Peru,1992,65.031
Peru,1993,65.732
Peru,1994,66.544
Peru,1995,67.22
Peru,1996,67.85
Peru,1997,68.324
Peru,1998,68.724
Peru,1999,69.302
Peru,2000,69.821
Peru,2001,70.315
Peru,2002,70.815
Peru,2003,71.278
Peru,2004,71.447
Peru,2005,71.988
Peru,2006,72.337
Peru,2007,72.746
Peru,2008,72.743
Peru,2009,72.631
Peru,2010,72.886
Peru,2011,73.327
Peru,2012,73.979
Peru,2013,74.591
Peru,2014,75.26
Peru,2015,75.732
Peru,2016,75.951
Peru,2017,75.958
Peru,2018,76.018
Peru,2019,76.275
Peru,2020,73.832
Peru,2021,71.596
Peru,2022,76.834
Peru,2023,77.74
Philippines,1950,53.578
Philippines,1951,54.079
Philippines,1952,54.697
Philippines,1953,55.395
Philippines,1954,55.994
Philippines,1955,56.6
Philippines,1956,57.246
Philippines,1957,57.789
Philippines,1958,58.31
Philippines,1959,58.745
Philippines,1960,59.175
Philippines,1961,59.469
Philippines,1962,59.755
Philippines,1963,60.018
Philippines,1964,60.13
Philippines,1965,60.41
Philippines,1966,60.623
Philippines,1967,60.804
Philippines,1968,60.917
Philippines,1969,60.981
Philippines,1970,60.827
Philippines,1971,61.065
Philippines,1972,60.911
Philippines,1973,60.741
Philippines,1974,60.816
Philippines,1975,60.904
Philippines,1976,60.869
Philippines,1977,61.431
Philippines,1978,61.531
Philippines,1979,61.727
Philippines,1980,61.884
Philippines,1981,61.942
Philippines,1982,62.175
Philippines,1983,62.349
Philippines,1984,62.426
Philippines,1985,62.735
Philippines,1986,62.875
Philippines,1987,63.299
Philippines,1988,63.711
Philippines,1989,64.105
Philippines,1990,64.382
Philippines,1991,64.622
Philippines,1992,65.353
Philippines,1993,65.661
Philippines,1994,66
Philippines,1995,66.311
Philippines,1996,66.691
Philippines,1997,66.994
Philippines,1998,67.212
Philippines,1999,67.503
Philippines,2000,67.789
Philippines,2001,67.829
Philippines,2002,67.886
Philippines,2003,68.049
Philippines,2004,68.301
Philippines,2005,68.423
Philippines,2006,68.172
Philippines,2007,68.549
Philippines,2008,68.643
Philippines,2009,68.631
Philippines,2010,68.883
Philippines,2011,69.096
Philippines,2012,69.237
Philippines,2013,69.283
Philippines,2014,69.311
Philippines,2015,69.45
Philippines,2016,69.49
Philippines,2017,69.966
Philippines,2018,69.761
Philippines,2019,69.68
Philippines,2020,70.097
Philippines,2021,66.675
Philippines,2022,69.472
Philippines,2023,69.833
Poland,1950,58.333
Poland,1951,58.857
Poland,1952,59.694
Poland,1953,61.314
Poland,1954,62.283
Poland,1955,63.06
Poland,1956,63.426
Poland,1957,64.436
Poland,1958,64.893
Poland,1959,66.413
Poland,1960,67.08
Poland,1961,67.798
Poland,1962,68.04
Poland,1963,68.322
Poland,1964,68.943
Poland,1965,69.385
Poland,1966,69.656
Poland,1967,69.902
Poland,1968,69.842
Poland,1969,69.84
Poland,1970,69.557
Poland,1971,69.826
Poland,1972,70.141
Poland,1973,70.699
Poland,1974,70.662
Poland,1975,70.631
Poland,1976,70.403
Poland,1977,70.328
Poland,1978,70.378
Poland,1979,70.249
Poland,1980,70.478
Poland,1981,70.609
Poland,1982,70.915
Poland,1983,70.809
Poland,1984,70.602
Poland,1985,70.531
Poland,1986,70.554
Poland,1987,70.769
Poland,1988,70.823
Poland,1989,70.816
Poland,1990,70.606
Poland,1991,70.653
Poland,1992,70.9
Poland,1993,71.344
Poland,1994,71.683
Poland,1995,71.959
Poland,1996,72.253
Poland,1997,72.591
Poland,1998,72.847
Poland,1999,73.224
Poland,2000,73.645
Poland,2001,74.177
Poland,2002,74.518
Poland,2003,74.772
Poland,2004,74.943
Poland,2005,75.127
Poland,2006,75.25
Poland,2007,75.414
Poland,2008,75.583
Poland,2009,75.906
Poland,2010,76.282
Poland,2011,76.568
Poland,2012,76.775
Poland,2013,77.076
Poland,2014,77.312
Poland,2015,77.589
Poland,2016,77.639
Poland,2017,77.716
Poland,2018,77.623
Poland,2019,77.921
Poland,2020,76.595
Poland,2021,75.639
Poland,2022,77.923
Poland,2023,78.633
Portugal,1950,58.479
Portugal,1951,58.749
Portugal,1952,59.761
Portugal,1953,61.075
Portugal,1954,62.197
Portugal,1955,61.405
Portugal,1956,61.167
Portugal,1957,61.391
Portugal,1958,63.724
Portugal,1959,62.917
Portugal,1960,64.148
Portugal,1961,62.805
Portugal,1962,64.316
Portugal,1963,64.927
Portugal,1964,65.125
Portugal,1965,66.095
Portugal,1966,65.609
Portugal,1967,66.463
Portugal,1968,66.815
Portugal,1969,66.394
Portugal,1970,67.055
Portugal,1971,66.848
Portugal,1972,69.157
Portugal,1973,68.601
Portugal,1974,69.121
Portugal,1975,68.843
Portugal,1976,69.101
Portugal,1977,70.343
Portugal,1978,70.795
Portugal,1979,71.606
Portugal,1980,71.663
Portugal,1981,71.89
Portugal,1982,72.698
Portugal,1983,72.654
Portugal,1984,72.934
Portugal,1985,73.216
Portugal,1986,73.647
Portugal,1987,74.063
Portugal,1988,74.086
Portugal,1989,74.665
Portugal,1990,74.304
Portugal,1991,74.241
Portugal,1992,74.871
Portugal,1993,74.761
Portugal,1994,75.73
Portugal,1995,75.55
Portugal,1996,75.476
Portugal,1997,75.922
Portugal,1998,76.116
Portugal,1999,76.322
Portugal,2000,76.83
Portugal,2001,77.152
Portugal,2002,77.37
Portugal,2003,77.583
Portugal,2004,78.427
Portugal,2005,78.317
Portugal,2006,79.089
Portugal,2007,79.309
Portugal,2008,79.603
Portugal,2009,79.829
Portugal,2010,80.115
Portugal,2011,80.582
Portugal,2012,80.555
Portugal,2013,80.903
Portugal,2014,81.314
Portugal,2015,81.321
Portugal,2016,81.364
Portugal,2017,81.66
Portugal,2018,81.591
Portugal,2019,81.959
Portugal,2020,81.366
Portugal,2021,81.398
Portugal,2022,81.194
Portugal,2023,82.36
Puerto Rico,1950,60.368
Puerto Rico,1951,60.265
Puerto Rico,1952,61.791
Puerto Rico,1953,64.475
Puerto Rico,1954,65.596
Puerto Rico,1955,66.275
Puerto Rico,1956,66.37
Puerto Rico,1957,67.109
Puerto Rico,1958,67.242
Puerto Rico,1959,68.066
Puerto Rico,1960,68.627
Puerto Rico,1961,68.528
Puerto Rico,1962,68.863
Puerto Rico,1963,68.727
Puerto Rico,1964,68.242
Puerto Rico,1965,69.289
Puerto Rico,1966,70.223
Puerto Rico,1967,70.699
Puerto Rico,1968,70.566
Puerto Rico,1969,70.511
Puerto Rico,1970,70.352
Puerto Rico,1971,71.084
Puerto Rico,1972,70.813
Puerto Rico,1973,70.949
Puerto Rico,1974,71.324
Puerto Rico,1975,71.963
Puerto Rico,1976,72.08
Puerto Rico,1977,72.401
Puerto Rico,1978,72.528
Puerto Rico,1979,72.718
Puerto Rico,1980,73.101
Puerto Rico,1981,72.981
Puerto Rico,1982,72.949
Puerto Rico,1983,73.375
Puerto Rico,1984,73.427
Puerto Rico,1985,72.633
Puerto Rico,1986,73.272
Puerto Rico,1987,73.402
Puerto Rico,1988,73.153
Puerto Rico,1989,72.479
Puerto Rico,1990,72.827
Puerto Rico,1991,73.877
Puerto Rico,1992,73.387
Puerto Rico,1993,73.309
Puerto Rico,1994,73.622
Puerto Rico,1995,73.571
Puerto Rico,1996,73.995
Puerto Rico,1997,74.674
Puerto Rico,1998,74.556
Puerto Rico,1999,75.278
Puerto Rico,2000,75.514
Puerto Rico,2001,75.972
Puerto Rico,2002,76.819
Puerto Rico,2003,76.941
Puerto Rico,2004,76.913
Puerto Rico,2005,76.703
Puerto Rico,2006,77.561
Puerto Rico,2007,77.659
Puerto Rico,2008,78.111
Puerto Rico,2009,78.377
Puerto Rico,2010,78.717
Puerto Rico,2011,78.766
Puerto Rico,2012,79.258
Puerto Rico,2013,80.318
Puerto Rico,2014,80.039
Puerto Rico,2015,80.677
Puerto Rico,2016,80.355
Puerto Rico,2017,79.07
Puerto Rico,2018,81.086
Puerto Rico,2019,81.438
Puerto Rico,2020,80.009
Puerto Rico,2021,79.77
Puerto Rico,2022,79.427
Puerto Rico,2023,81.69
Qatar,1950,50.759
Qatar,1951,51.456
Qatar,1952,52.142
Qatar,1953,52.828
Qatar,1954,53.515
Qatar,1955,54.207
Qatar,1956,54.906
Qatar,1957,55.613
Qatar,1958,56.327
Qatar,1959,57.047
Qatar,1960,57.773
Qatar,1961,58.502
Qatar,1962,59.226
Qatar,1963,59.96
Qatar,1964,60.7
Qatar,1965,61.441
Qatar,1966,62.171
Qatar,1967,62.884
Qatar,1968,63.577
Qatar,1969,64.246
Qatar,1970,64.889
Qatar,1971,65.49
Qatar,1972,66.07
Qatar,1973,66.629
Qatar,1974,67.165
Qatar,1975,67.679
Qatar,1976,68.172
Qatar,1977,68.639
Qatar,1978,69.083
Qatar,1979,69.507
Qatar,1980,69.915
Qatar,1981,70.313
Qatar,1982,70.704
Qatar,1983,71.089
Qatar,1984,71.465
Qatar,1985,71.831
Qatar,1986,72.184
Qatar,1987,72.52
Qatar,1988,72.836
Qatar,1989,73.131
Qatar,1990,73.405
Qatar,1991,73.654
Qatar,1992,73.876
Qatar,1993,74.071
Qatar,1994,74.245
Qatar,1995,74.404
Qatar,1996,74.558
Qatar,1997,74.713
Qatar,1998,74.872
Qatar,1999,75.048
Qatar,2000,75.25
Qatar,2001,75.486
Qatar,2002,75.766
Qatar,2003,76.097
Qatar,2004,76.484
Qatar,2005,76.909
Qatar,2006,77.323
Qatar,2007,77.741
Qatar,2008,78.262
Qatar,2009,78.837
Qatar,2010,79.444
Qatar,2011,79.994
Qatar,2012,80.499
Qatar,2013,80.974
Qatar,2014,81.395
Qatar,2015,81.785
Qatar,2016,82.147
Qatar,2017,82.458
Qatar,2018,82.714
Qatar,2019,82.945
Qatar,2020,80.409
Qatar,2021,81.083
Qatar,2022,81.857
Qatar,2023,82.368
Reunion,1950,47.56
Reunion,1951,48.648
Reunion,1952,50.108
Reunion,1953,51.465
Reunion,1954,52.991
Reunion,1955,54.087
Reunion,1956,54.881
Reunion,1957,54.898
Reunion,1958,55.293
Reunion,1959,56.175
Reunion,1960,57.662
Reunion,1961,58.758
Reunion,1962,59.394
Reunion,1963,59.836
Reunion,1964,60.313
Reunion,1965,60.974
Reunion,1966,61.434
Reunion,1967,62.089
Reunion,1968,62.395
Reunion,1969,62.852
Reunion,1970,63.204
Reunion,1971,63.729
Reunion,1972,64.245
Reunion,1973,64.774
Reunion,1974,65.354
Reunion,1975,66.019
Reunion,1976,66.698
Reunion,1977,67.41
Reunion,1978,68.108
Reunion,1979,68.819
Reunion,1980,69.372
Reunion,1981,70.23
Reunion,1982,70.963
Reunion,1983,71.571
Reunion,1984,72.182
Reunion,1985,72.581
Reunion,1986,73.009
Reunion,1987,73.253
Reunion,1988,73.623
Reunion,1989,73.857
Reunion,1990,74.189
Reunion,1991,74.473
Reunion,1992,74.787
Reunion,1993,75.037
Reunion,1994,75.409
Reunion,1995,75.711
Reunion,1996,76.028
Reunion,1997,76.338
Reunion,1998,76.621
Reunion,1999,76.84
Reunion,2000,77.009
Reunion,2001,77.145
Reunion,2002,77.352
Reunion,2003,77.563
Reunion,2004,77.749
Reunion,2005,77.953
Reunion,2006,78.344
Reunion,2007,78.93
Reunion,2008,79.502
Reunion,2009,80.035
Reunion,2010,80.474
Reunion,2011,80.973
Reunion,2012,81.349
Reunion,2013,81.62
Reunion,2014,81.776
Reunion,2015,81.912
Reunion,2016,82.028
Reunion,2017,82.127
Reunion,2018,82.198
Reunion,2019,82.318
Reunion,2020,82.576
Reunion,2021,81.5
Reunion,2022,81.5
Reunion,2023,83.547
Romania,1950,60.508
Romania,1951,61.16
Romania,1952,61.828
Romania,1953,62.474
Romania,1954,62.954
Romania,1955,63.251
Romania,1956,63.635
Romania,1957,63.992
Romania,1958,64.406
Romania,1959,64.93
Romania,1960,65.606
Romania,1961,66.415
Romania,1962,67.208
Romania,1963,67.81
Romania,1964,68.351
Romania,1965,68.386
Romania,1966,68.234
Romania,1967,68.076
Romania,1968,67.948
Romania,1969,67.236
Romania,1970,67.93
Romania,1971,68.41
Romania,1972,68.977
Romania,1973,68.701
Romania,1974,69.517
Romania,1975,69.599
Romania,1976,69.899
Romania,1977,69.467
Romania,1978,69.78
Romania,1979,69.46
Romania,1980,69.249
Romania,1981,69.506
Romania,1982,69.799
Romania,1983,69.82
Romania,1984,69.907
Romania,1985,69.407
Romania,1986,69.718
Romania,1987,69.053
Romania,1988,69.389
Romania,1989,69.546
Romania,1990,69.841
Romania,1991,70.046
Romania,1992,69.506
Romania,1993,69.512
Romania,1994,69.326
Romania,1995,69.323
Romania,1996,68.821
Romania,1997,69.086
Romania,1998,69.892
Romania,1999,70.581
Romania,2000,71.159
Romania,2001,71.122
Romania,2002,70.835
Romania,2003,70.819
Romania,2004,71.096
Romania,2005,71.581
Romania,2006,72.169
Romania,2007,72.792
Romania,2008,73.216
Romania,2009,73.457
Romania,2010,73.579
Romania,2011,74.288
Romania,2012,74.314
Romania,2013,74.918
Romania,2014,74.765
Romania,2015,74.737
Romania,2016,75.021
Romania,2017,75.024
Romania,2018,75.103
Romania,2019,75.329
Romania,2020,74.046
Romania,2021,72.74
Romania,2022,75.261
Romania,2023,75.938
Russia,1950,55.472
Russia,1951,55.266
Russia,1952,57.591
Russia,1953,58.785
Russia,1954,59.92
Russia,1955,62.059
Russia,1956,66.498
Russia,1957,66.045
Russia,1958,67.691
Russia,1959,67.383
Russia,1960,68.314
Russia,1961,68.563
Russia,1962,68.479
Russia,1963,69.056
Russia,1964,69.497
Russia,1965,69.284
Russia,1966,69.359
Russia,1967,69.184
Russia,1968,69.062
Russia,1969,68.628
Russia,1970,68.708
Russia,1971,68.924
Russia,1972,68.845
Russia,1973,68.949
Russia,1974,68.734
Russia,1975,68.264
Russia,1976,68.102
Russia,1977,67.873
Russia,1978,67.813
Russia,1979,67.567
Russia,1980,67.477
Russia,1981,67.616
Russia,1982,68.141
Russia,1983,68.029
Russia,1984,67.572
Russia,1985,68.299
Russia,1986,70.024
Russia,1987,70.062
Russia,1988,69.863
Russia,1989,69.687
Russia,1990,69.279
Russia,1991,68.997
Russia,1992,67.843
Russia,1993,65.039
Russia,1994,63.822
Russia,1995,63.995
Russia,1996,65.449
Russia,1997,66.594
Russia,1998,66.916
Russia,1999,65.595
Russia,2000,64.998
Russia,2001,65.015
Russia,2002,64.73
Russia,2003,64.715
Russia,2004,65.149
Russia,2005,65.219
Russia,2006,66.546
Russia,2007,67.469
Russia,2008,67.862
Russia,2009,68.657
Russia,2010,68.153
Russia,2011,69.725
Russia,2012,70.117
Russia,2013,70.64
Russia,2014,70.798
Russia,2015,71.345
Russia,2016,71.91
Russia,2017,72.845
Russia,2018,72.936
Russia,2019,73.066
Russia,2020,71.171
Russia,2021,69.807
Russia,2022,72.517
Russia,2023,73.154
Rwanda,1950,43.18
Rwanda,1951,43.474
Rwanda,1952,43.775
Rwanda,1953,44.092
Rwanda,1954,44.429
Rwanda,1955,44.794
Rwanda,1956,45.176
Rwanda,1957,45.608
Rwanda,1958,46.052
Rwanda,1959,46.546
Rwanda,1960,47.022
Rwanda,1961,47.458
Rwanda,1962,47.802
Rwanda,1963,43.998
Rwanda,1964,48.131
Rwanda,1965,48.203
Rwanda,1966,48.084
Rwanda,1967,47.987
Rwanda,1968,47.731
Rwanda,1969,47.437
Rwanda,1970,47.116
Rwanda,1971,46.755
Rwanda,1972,46.343
Rwanda,1973,45.944
Rwanda,1974,45.566
Rwanda,1975,45.324
Rwanda,1976,45.312
Rwanda,1977,45.579
Rwanda,1978,46.165
Rwanda,1979,47.087
Rwanda,1980,48.122
Rwanda,1981,49.216
Rwanda,1982,50.188
Rwanda,1983,50.944
Rwanda,1984,51.445
Rwanda,1985,51.704
Rwanda,1986,51.706
Rwanda,1987,51.465
Rwanda,1988,50.914
Rwanda,1989,49.485
Rwanda,1990,47.763
Rwanda,1991,46.243
Rwanda,1992,44.397
Rwanda,1993,42.937
Rwanda,1994,12.158
Rwanda,1995,41.518
Rwanda,1996,42.486
Rwanda,1997,41.978
Rwanda,1998,43.099
Rwanda,1999,45.749
Rwanda,2000,47.798
Rwanda,2001,49.49
Rwanda,2002,51.262
Rwanda,2003,53.529
Rwanda,2004,55.52
Rwanda,2005,56.968
Rwanda,2006,58.342
Rwanda,2007,59.504
Rwanda,2008,60.641
Rwanda,2009,61.813
Rwanda,2010,62.804
Rwanda,2011,63.476
Rwanda,2012,64.189
Rwanda,2013,64.651
Rwanda,2014,65.088
Rwanda,2015,65.419
Rwanda,2016,65.733
Rwanda,2017,66.14
Rwanda,2018,66.354
Rwanda,2019,66.691
Rwanda,2020,66.953
Rwanda,2021,66.85
Rwanda,2022,67.528
Rwanda,2023,67.785
Saint Barthelemy,1950,53.969
Saint Barthelemy,1951,55.034
Saint Barthelemy,1952,56.594
Saint Barthelemy,1953,57.569
Saint Barthelemy,1954,58.213
Saint Barthelemy,1955,58.524
Saint Barthelemy,1956,58.989
Saint Barthelemy,1957,59.328
Saint Barthelemy,1958,59.611
Saint Barthelemy,1959,59.891
Saint Barthelemy,1960,60.119
Saint Barthelemy,1961,60.562
Saint Barthelemy,1962,61.017
Saint Barthelemy,1963,61.056
Saint Barthelemy,1964,61.537
Saint Barthelemy,1965,61.987
Saint Barthelemy,1966,62.12
Saint Barthelemy,1967,62.532
Saint Barthelemy,1968,63.676
Saint Barthelemy,1969,64.501
Saint Barthelemy,1970,65.283
Saint Barthelemy,1971,66.164
Saint Barthelemy,1972,66.873
Saint Barthelemy,1973,67.414
Saint Barthelemy,1974,68.142
Saint Barthelemy,1975,68.925
Saint Barthelemy,1976,69.688
Saint Barthelemy,1977,70.424
Saint Barthelemy,1978,71.12
Saint Barthelemy,1979,71.696
Saint Barthelemy,1980,72.363
Saint Barthelemy,1981,72.87
Saint Barthelemy,1982,73.326
Saint Barthelemy,1983,73.525
Saint Barthelemy,1984,73.831
Saint Barthelemy,1985,74.008
Saint Barthelemy,1986,74.342
Saint Barthelemy,1987,74.667
Saint Barthelemy,1988,75.011
Saint Barthelemy,1989,75.343
Saint Barthelemy,1990,75.706
Saint Barthelemy,1991,76.172
Saint Barthelemy,1992,76.624
Saint Barthelemy,1993,77.092
Saint Barthelemy,1994,77.455
Saint Barthelemy,1995,77.782
Saint Barthelemy,1996,78.063
Saint Barthelemy,1997,78.388
Saint Barthelemy,1998,78.725
Saint Barthelemy,1999,79.071
Saint Barthelemy,2000,79.341
Saint Barthelemy,2001,79.623
Saint Barthelemy,2002,79.903
Saint Barthelemy,2003,80.18
Saint Barthelemy,2004,80.503
Saint Barthelemy,2005,80.821
Saint Barthelemy,2006,81.132
Saint Barthelemy,2007,81.424
Saint Barthelemy,2008,81.66
Saint Barthelemy,2009,81.757
Saint Barthelemy,2010,81.881
Saint Barthelemy,2011,82.069
Saint Barthelemy,2012,82.323
Saint Barthelemy,2013,82.482
Saint Barthelemy,2014,82.793
Saint Barthelemy,2015,82.971
Saint Barthelemy,2016,83.154
Saint Barthelemy,2017,81.756
Saint Barthelemy,2018,83.604
Saint Barthelemy,2019,83.824
Saint Barthelemy,2020,84.071
Saint Barthelemy,2021,84.188
Saint Barthelemy,2022,84.281
Saint Barthelemy,2023,84.29
Saint Helena,1950,66.009
Saint Helena,1951,66.231
Saint Helena,1952,66.43
Saint Helena,1953,66.691
Saint Helena,1954,67.038
Saint Helena,1955,67.215
Saint Helena,1956,67.38
Saint Helena,1957,67.499
Saint Helena,1958,67.632
Saint Helena,1959,67.686
Saint Helena,1960,67.733
Saint Helena,1961,67.74
Saint Helena,1962,67.858
Saint Helena,1963,67.939
Saint Helena,1964,68.047
Saint Helena,1965,68.245
Saint Helena,1966,68.4
Saint Helena,1967,68.429
Saint Helena,1968,68.483
Saint Helena,1969,68.607
Saint Helena,1970,68.597
Saint Helena,1971,68.674
Saint Helena,1972,68.783
Saint Helena,1973,68.899
Saint Helena,1974,68.966
Saint Helena,1975,69.139
Saint Helena,1976,69.275
Saint Helena,1977,69.398
Saint Helena,1978,69.533
Saint Helena,1979,69.716
Saint Helena,1980,69.86
Saint Helena,1981,70.055
Saint Helena,1982,70.286
Saint Helena,1983,70.434
Saint Helena,1984,70.565
Saint Helena,1985,70.744
Saint Helena,1986,70.895
Saint Helena,1987,71.011
Saint Helena,1988,71.184
Saint Helena,1989,71.339
Saint Helena,1990,71.543
Saint Helena,1991,71.635
Saint Helena,1992,72.116
Saint Helena,1993,72.251
Saint Helena,1994,72.593
Saint Helena,1995,73.196
Saint Helena,1996,73.683
Saint Helena,1997,74.357
Saint Helena,1998,75.325
Saint Helena,1999,76.04
Saint Helena,2000,75.754
Saint Helena,2001,76.062
Saint Helena,2002,75.83
Saint Helena,2003,76.372
Saint Helena,2004,77.131
Saint Helena,2005,77.166
Saint Helena,2006,76.82
Saint Helena,2007,75.733
Saint Helena,2008,75.793
Saint Helena,2009,76.13
Saint Helena,2010,76.511
Saint Helena,2011,76.563
Saint Helena,2012,76.227
Saint Helena,2013,76.237
Saint Helena,2014,75.572
Saint Helena,2015,75.2
Saint Helena,2016,75.806
Saint Helena,2017,76.335
Saint Helena,2018,76.403
Saint Helena,2019,76.682
Saint Helena,2020,76.892
Saint Helena,2021,76.765
Saint Helena,2022,76.735
Saint Helena,2023,76.787
Saint Kitts and Nevis,1950,54.782
Saint Kitts and Nevis,1951,55.227
Saint Kitts and Nevis,1952,55.663
Saint Kitts and Nevis,1953,56.043
Saint Kitts and Nevis,1954,56.269
Saint Kitts and Nevis,1955,56.374
Saint Kitts and Nevis,1956,56.386
Saint Kitts and Nevis,1957,56.377
Saint Kitts and Nevis,1958,56.407
Saint Kitts and Nevis,1959,56.555
Saint Kitts and Nevis,1960,56.84
Saint Kitts and Nevis,1961,57.338
Saint Kitts and Nevis,1962,57.84
Saint Kitts and Nevis,1963,58.43
Saint Kitts and Nevis,1964,59.04
Saint Kitts and Nevis,1965,59.595
Saint Kitts and Nevis,1966,60.081
Saint Kitts and Nevis,1967,60.445
Saint Kitts and Nevis,1968,60.776
Saint Kitts and Nevis,1969,61.079
Saint Kitts and Nevis,1970,61.372
Saint Kitts and Nevis,1971,61.74
Saint Kitts and Nevis,1972,62.137
Saint Kitts and Nevis,1973,62.517
Saint Kitts and Nevis,1974,62.888
Saint Kitts and Nevis,1975,63.191
Saint Kitts and Nevis,1976,63.49
Saint Kitts and Nevis,1977,63.73
Saint Kitts and Nevis,1978,63.995
Saint Kitts and Nevis,1979,64.198
Saint Kitts and Nevis,1980,64.385
Saint Kitts and Nevis,1981,64.62
Saint Kitts and Nevis,1982,64.868
Saint Kitts and Nevis,1983,65.118
Saint Kitts and Nevis,1984,65.334
Saint Kitts and Nevis,1985,65.482
Saint Kitts and Nevis,1986,65.554
Saint Kitts and Nevis,1987,65.516
Saint Kitts and Nevis,1988,65.451
Saint Kitts and Nevis,1989,65.45
Saint Kitts and Nevis,1990,65.641
Saint Kitts and Nevis,1991,65.958
Saint Kitts and Nevis,1992,66.339
Saint Kitts and Nevis,1993,66.708
Saint Kitts and Nevis,1994,67.002
Saint Kitts and Nevis,1995,67.23
Saint Kitts and Nevis,1996,67.488
Saint Kitts and Nevis,1997,67.811
Saint Kitts and Nevis,1998,67.891
Saint Kitts and Nevis,1999,68.725
Saint Kitts and Nevis,2000,69.249
Saint Kitts and Nevis,2001,69.767
Saint Kitts and Nevis,2002,70.194
Saint Kitts and Nevis,2003,70.614
Saint Kitts and Nevis,2004,70.92
Saint Kitts and Nevis,2005,71.151
Saint Kitts and Nevis,2006,71.356
Saint Kitts and Nevis,2007,71.437
Saint Kitts and Nevis,2008,71.479
Saint Kitts and Nevis,2009,71.488
Saint Kitts and Nevis,2010,71.452
Saint Kitts and Nevis,2011,71.4
Saint Kitts and Nevis,2012,71.362
Saint Kitts and Nevis,2013,71.29
Saint Kitts and Nevis,2014,71.228
Saint Kitts and Nevis,2015,71.211
Saint Kitts and Nevis,2016,71.227
Saint Kitts and Nevis,2017,71.284
Saint Kitts and Nevis,2018,71.336
Saint Kitts and Nevis,2019,71.54
Saint Kitts and Nevis,2020,71.181
Saint Kitts and Nevis,2021,69.271
Saint Kitts and Nevis,2022,70.313
Saint Kitts and Nevis,2023,72.145
Saint Lucia,1950,48.289
Saint Lucia,1951,49.816
Saint Lucia,1952,52.431
Saint Lucia,1953,53.221
Saint Lucia,1954,54.534
Saint Lucia,1955,55.411
Saint Lucia,1956,55.888
Saint Lucia,1957,55.875
Saint Lucia,1958,56.562
Saint Lucia,1959,57.322
Saint Lucia,1960,57.865
Saint Lucia,1961,59.095
Saint Lucia,1962,59.877
Saint Lucia,1963,60.538
Saint Lucia,1964,61.339
Saint Lucia,1965,61.924
Saint Lucia,1966,62.533
Saint Lucia,1967,63.161
Saint Lucia,1968,63.749
Saint Lucia,1969,64.026
Saint Lucia,1970,64.29
Saint Lucia,1971,64.492
Saint Lucia,1972,64.645
Saint Lucia,1973,64.573
Saint Lucia,1974,65.419
Saint Lucia,1975,65.909
Saint Lucia,1976,66.198
Saint Lucia,1977,66.957
Saint Lucia,1978,67.38
Saint Lucia,1979,67.364
Saint Lucia,1980,67.801
Saint Lucia,1981,68.688
Saint Lucia,1982,68.977
Saint Lucia,1983,69.987
Saint Lucia,1984,70.522
Saint Lucia,1985,70.308
Saint Lucia,1986,70.229
Saint Lucia,1987,69.671
Saint Lucia,1988,69.736
Saint Lucia,1989,70.028
Saint Lucia,1990,70.008
Saint Lucia,1991,70.309
Saint Lucia,1992,70.734
Saint Lucia,1993,71.05
Saint Lucia,1994,71.076
Saint Lucia,1995,71.172
Saint Lucia,1996,70.963
Saint Lucia,1997,70.778
Saint Lucia,1998,70.68
Saint Lucia,1999,70.692
Saint Lucia,2000,70.779
Saint Lucia,2001,71.367
Saint Lucia,2002,71.707
Saint Lucia,2003,72.188
Saint Lucia,2004,72.453
Saint Lucia,2005,72.544
Saint Lucia,2006,72.794
Saint Lucia,2007,72.86
Saint Lucia,2008,72.963
Saint Lucia,2009,72.946
Saint Lucia,2010,72.768
Saint Lucia,2011,72.962
Saint Lucia,2012,72.86
Saint Lucia,2013,72.687
Saint Lucia,2014,72.676
Saint Lucia,2015,72.932
Saint Lucia,2016,72.552
Saint Lucia,2017,72.522
Saint Lucia,2018,72.655
Saint Lucia,2019,72.249
Saint Lucia,2020,72.308
Saint Lucia,2021,69.119
Saint Lucia,2022,72.67
Saint Lucia,2023,72.697
Saint Martin (French part),1950,65.118
Saint Martin (French part),1951,65.353
Saint Martin (French part),1952,65.361
Saint Martin (French part),1953,65.624
Saint Martin (French part),1954,65.894
Saint Martin (French part),1955,66.214
Saint Martin (French part),1956,66.511
Saint Martin (French part),1957,66.812
Saint Martin (French part),1958,67.097
Saint Martin (French part),1959,67.368
Saint Martin (French part),1960,67.648
Saint Martin (French part),1961,67.912
Saint Martin (French part),1962,68.194
Saint Martin (French part),1963,68.487
Saint Martin (French part),1964,68.757
Saint Martin (French part),1965,69.034
Saint Martin (French part),1966,69.401
Saint Martin (French part),1967,69.775
Saint Martin (French part),1968,70.15
Saint Martin (French part),1969,70.559
Saint Martin (French part),1970,70.982
Saint Martin (French part),1971,71.305
Saint Martin (French part),1972,71.568
Saint Martin (French part),1973,71.78
Saint Martin (French part),1974,71.933
Saint Martin (French part),1975,72.046
Saint Martin (French part),1976,72.116
Saint Martin (French part),1977,72.174
Saint Martin (French part),1978,72.238
Saint Martin (French part),1979,72.296
Saint Martin (French part),1980,72.347
Saint Martin (French part),1981,72.384
Saint Martin (French part),1982,72.419
Saint Martin (French part),1983,72.55
Saint Martin (French part),1984,72.734
Saint Martin (French part),1985,72.943
Saint Martin (French part),1986,73.201
Saint Martin (French part),1987,73.519
Saint Martin (French part),1988,73.858
Saint Martin (French part),1989,74.205
Saint Martin (French part),1990,74.565
Saint Martin (French part),1991,74.925
Saint Martin (French part),1992,75.15
Saint Martin (French part),1993,75.349
Saint Martin (French part),1994,75.533
Saint Martin (French part),1995,75.714
Saint Martin (French part),1996,75.885
Saint Martin (French part),1997,76.105
Saint Martin (French part),1998,76.338
Saint Martin (French part),1999,76.565
Saint Martin (French part),2000,76.793
Saint Martin (French part),2001,77.009
Saint Martin (French part),2002,77.219
Saint Martin (French part),2003,77.419
Saint Martin (French part),2004,77.612
Saint Martin (French part),2005,77.802
Saint Martin (French part),2006,77.989
Saint Martin (French part),2007,78.16
Saint Martin (French part),2008,78.326
Saint Martin (French part),2009,78.513
Saint Martin (French part),2010,78.752
Saint Martin (French part),2011,79.016
Saint Martin (French part),2012,79.302
Saint Martin (French part),2013,79.528
Saint Martin (French part),2014,79.727
Saint Martin (French part),2015,79.829
Saint Martin (French part),2016,79.885
Saint Martin (French part),2017,78.762
Saint Martin (French part),2018,80.029
Saint Martin (French part),2019,80.078
Saint Martin (French part),2020,80.085
Saint Martin (French part),2021,80.206
Saint Martin (French part),2022,80.236
Saint Martin (French part),2023,80.224
Saint Pierre and Miquelon,1950,62.945
Saint Pierre and Miquelon,1951,63.298
Saint Pierre and Miquelon,1952,63.624
Saint Pierre and Miquelon,1953,63.95
Saint Pierre and Miquelon,1954,64.324
Saint Pierre and Miquelon,1955,64.668
Saint Pierre and Miquelon,1956,65.004
Saint Pierre and Miquelon,1957,65.302
Saint Pierre and Miquelon,1958,65.636
Saint Pierre and Miquelon,1959,65.944
Saint Pierre and Miquelon,1960,66.256
Saint Pierre and Miquelon,1961,66.447
Saint Pierre and Miquelon,1962,66.651
Saint Pierre and Miquelon,1963,66.778
Saint Pierre and Miquelon,1964,66.846
Saint Pierre and Miquelon,1965,66.865
Saint Pierre and Miquelon,1966,66.879
Saint Pierre and Miquelon,1967,66.905
Saint Pierre and Miquelon,1968,66.988
Saint Pierre and Miquelon,1969,67.195
Saint Pierre and Miquelon,1970,67.501
Saint Pierre and Miquelon,1971,67.89
Saint Pierre and Miquelon,1972,68.341
Saint Pierre and Miquelon,1973,68.821
Saint Pierre and Miquelon,1974,69.222
Saint Pierre and Miquelon,1975,69.515
Saint Pierre and Miquelon,1976,69.713
Saint Pierre and Miquelon,1977,69.834
Saint Pierre and Miquelon,1978,69.921
Saint Pierre and Miquelon,1979,70.041
Saint Pierre and Miquelon,1980,70.184
Saint Pierre and Miquelon,1981,70.424
Saint Pierre and Miquelon,1982,70.713
Saint Pierre and Miquelon,1983,71.114
Saint Pierre and Miquelon,1984,71.468
Saint Pierre and Miquelon,1985,71.783
Saint Pierre and Miquelon,1986,72.127
Saint Pierre and Miquelon,1987,72.454
Saint Pierre and Miquelon,1988,72.749
Saint Pierre and Miquelon,1989,72.969
Saint Pierre and Miquelon,1990,73.16
Saint Pierre and Miquelon,1991,73.345
Saint Pierre and Miquelon,1992,73.404
Saint Pierre and Miquelon,1993,73.524
Saint Pierre and Miquelon,1994,73.662
Saint Pierre and Miquelon,1995,73.804
Saint Pierre and Miquelon,1996,73.973
Saint Pierre and Miquelon,1997,74.181
Saint Pierre and Miquelon,1998,74.405
Saint Pierre and Miquelon,1999,74.646
Saint Pierre and Miquelon,2000,74.881
Saint Pierre and Miquelon,2001,75.107
Saint Pierre and Miquelon,2002,75.326
Saint Pierre and Miquelon,2003,75.5
Saint Pierre and Miquelon,2004,75.68
Saint Pierre and Miquelon,2005,75.803
Saint Pierre and Miquelon,2006,75.919
Saint Pierre and Miquelon,2007,76.05
Saint Pierre and Miquelon,2008,76.177
Saint Pierre and Miquelon,2009,76.272
Saint Pierre and Miquelon,2010,76.355
Saint Pierre and Miquelon,2011,76.41
Saint Pierre and Miquelon,2012,76.463
Saint Pierre and Miquelon,2013,76.481
Saint Pierre and Miquelon,2014,76.475
Saint Pierre and Miquelon,2015,76.483
Saint Pierre and Miquelon,2016,76.509
Saint Pierre and Miquelon,2017,76.546
Saint Pierre and Miquelon,2018,76.585
Saint Pierre and Miquelon,2019,76.609
Saint Pierre and Miquelon,2020,76.618
Saint Pierre and Miquelon,2021,76.666
Saint Pierre and Miquelon,2022,76.699
Saint Pierre and Miquelon,2023,76.758
Saint Vincent and the Grenadines,1950,46.897
Saint Vincent and the Grenadines,1951,48.584
Saint Vincent and the Grenadines,1952,49.518
Saint Vincent and the Grenadines,1953,51.1
Saint Vincent and the Grenadines,1954,52.728
Saint Vincent and the Grenadines,1955,54.261
Saint Vincent and the Grenadines,1956,54.938
Saint Vincent and the Grenadines,1957,55.908
Saint Vincent and the Grenadines,1958,57.071
Saint Vincent and the Grenadines,1959,57.77
Saint Vincent and the Grenadines,1960,58.566
Saint Vincent and the Grenadines,1961,59.272
Saint Vincent and the Grenadines,1962,59.924
Saint Vincent and the Grenadines,1963,60.521
Saint Vincent and the Grenadines,1964,61.071
Saint Vincent and the Grenadines,1965,61.61
Saint Vincent and the Grenadines,1966,62.102
Saint Vincent and the Grenadines,1967,62.541
Saint Vincent and the Grenadines,1968,63.064
Saint Vincent and the Grenadines,1969,63.529
Saint Vincent and the Grenadines,1970,64.029
Saint Vincent and the Grenadines,1971,64.432
Saint Vincent and the Grenadines,1972,64.752
Saint Vincent and the Grenadines,1973,65.095
Saint Vincent and the Grenadines,1974,65.422
Saint Vincent and the Grenadines,1975,65.873
Saint Vincent and the Grenadines,1976,66.466
Saint Vincent and the Grenadines,1977,66.883
Saint Vincent and the Grenadines,1978,67.273
Saint Vincent and the Grenadines,1979,69.345
Saint Vincent and the Grenadines,1980,67.977
Saint Vincent and the Grenadines,1981,68.292
Saint Vincent and the Grenadines,1982,68.584
Saint Vincent and the Grenadines,1983,68.796
Saint Vincent and the Grenadines,1984,69.244
Saint Vincent and the Grenadines,1985,69.771
Saint Vincent and the Grenadines,1986,70.104
Saint Vincent and the Grenadines,1987,70.428
Saint Vincent and the Grenadines,1988,70.607
Saint Vincent and the Grenadines,1989,70.647
Saint Vincent and the Grenadines,1990,70.647
Saint Vincent and the Grenadines,1991,70.64
Saint Vincent and the Grenadines,1992,70.745
Saint Vincent and the Grenadines,1993,70.621
Saint Vincent and the Grenadines,1994,70.602
Saint Vincent and the Grenadines,1995,70.575
Saint Vincent and the Grenadines,1996,70.466
Saint Vincent and the Grenadines,1997,70.382
Saint Vincent and the Grenadines,1998,70.263
Saint Vincent and the Grenadines,1999,70.312
Saint Vincent and the Grenadines,2000,70.35
Saint Vincent and the Grenadines,2001,70.382
Saint Vincent and the Grenadines,2002,70.658
Saint Vincent and the Grenadines,2003,70.43
Saint Vincent and the Grenadines,2004,70.445
Saint Vincent and the Grenadines,2005,70.454
Saint Vincent and the Grenadines,2006,70.434
Saint Vincent and the Grenadines,2007,70.446
Saint Vincent and the Grenadines,2008,70.611
Saint Vincent and the Grenadines,2009,70.712
Saint Vincent and the Grenadines,2010,70.66
Saint Vincent and the Grenadines,2011,70.609
Saint Vincent and the Grenadines,2012,70.539
Saint Vincent and the Grenadines,2013,70.091
Saint Vincent and the Grenadines,2014,70.355
Saint Vincent and the Grenadines,2015,70.463
Saint Vincent and the Grenadines,2016,70.7
Saint Vincent and the Grenadines,2017,71.013
Saint Vincent and the Grenadines,2018,71.017
Saint Vincent and the Grenadines,2019,70.994
Saint Vincent and the Grenadines,2020,69.605
Saint Vincent and the Grenadines,2021,69.132
Saint Vincent and the Grenadines,2022,71.191
Saint Vincent and the Grenadines,2023,71.23
Samoa,1950,49.196
Samoa,1951,49.801
Samoa,1952,50.384
Samoa,1953,51.002
Samoa,1954,51.597
Samoa,1955,52.207
Samoa,1956,52.832
Samoa,1957,53.363
Samoa,1958,53.959
Samoa,1959,54.568
Samoa,1960,55.153
Samoa,1961,55.738
Samoa,1962,56.316
Samoa,1963,56.861
Samoa,1964,54.043
Samoa,1965,57.886
Samoa,1966,58.225
Samoa,1967,58.878
Samoa,1968,59.381
Samoa,1969,59.881
Samoa,1970,60.388
Samoa,1971,60.879
Samoa,1972,61.36
Samoa,1973,61.863
Samoa,1974,62.34
Samoa,1975,62.839
Samoa,1976,63.301
Samoa,1977,63.742
Samoa,1978,64.132
Samoa,1979,64.543
Samoa,1980,64.961
Samoa,1981,65.296
Samoa,1982,65.647
Samoa,1983,65.991
Samoa,1984,66.284
Samoa,1985,66.557
Samoa,1986,66.819
Samoa,1987,67.047
Samoa,1988,67.328
Samoa,1989,67.607
Samoa,1990,67.808
Samoa,1991,68.039
Samoa,1992,68.532
Samoa,1993,68.818
Samoa,1994,69.162
Samoa,1995,69.469
Samoa,1996,69.767
Samoa,1997,70.045
Samoa,1998,70.308
Samoa,1999,70.555
Samoa,2000,70.791
Samoa,2001,71.028
Samoa,2002,71.233
Samoa,2003,71.441
Samoa,2004,71.508
Samoa,2005,71.487
Samoa,2006,71.62
Samoa,2007,71.605
Samoa,2008,71.531
Samoa,2009,69.486
Samoa,2010,71.451
Samoa,2011,71.393
Samoa,2012,71.159
Samoa,2013,71.229
Samoa,2014,71.142
Samoa,2015,71.06
Samoa,2016,71.003
Samoa,2017,70.991
Samoa,2018,71.052
Samoa,2019,70.269
Samoa,2020,70.727
Samoa,2021,71.096
Samoa,2022,71.55
Samoa,2023,71.698
San Marino,1950,71.59
San Marino,1951,71.714
San Marino,1952,71.892
San Marino,1953,72.039
San Marino,1954,72.19
San Marino,1955,72.354
San Marino,1956,72.521
San Marino,1957,72.68
San Marino,1958,72.845
San Marino,1959,73.016
San Marino,1960,73.197
San Marino,1961,73.375
San Marino,1962,73.531
San Marino,1963,73.586
San Marino,1964,73.658
San Marino,1965,73.723
San Marino,1966,73.839
San Marino,1967,73.946
San Marino,1968,74.062
San Marino,1969,74.171
San Marino,1970,74.269
San Marino,1971,74.404
San Marino,1972,74.592
San Marino,1973,74.787
San Marino,1974,75.052
San Marino,1975,75.251
San Marino,1976,75.431
San Marino,1977,75.643
San Marino,1978,75.889
San Marino,1979,76.122
San Marino,1980,76.371
San Marino,1981,76.584
San Marino,1982,76.808
San Marino,1983,77.011
San Marino,1984,77.162
San Marino,1985,77.27
San Marino,1986,77.377
San Marino,1987,77.453
San Marino,1988,77.544
San Marino,1989,77.647
San Marino,1990,77.783
San Marino,1991,77.944
San Marino,1992,78.133
San Marino,1993,78.373
San Marino,1994,78.67
San Marino,1995,79.031
San Marino,1996,79.332
San Marino,1997,79.677
San Marino,1998,79.918
San Marino,1999,80.2
San Marino,2000,80.504
San Marino,2001,80.803
San Marino,2002,81.061
San Marino,2003,81.33
San Marino,2004,81.592
San Marino,2005,81.926
San Marino,2006,82.258
San Marino,2007,82.605
San Marino,2008,82.894
San Marino,2009,83.224
San Marino,2010,83.464
San Marino,2011,83.713
San Marino,2012,83.943
San Marino,2013,84.175
San Marino,2014,84.394
San Marino,2015,84.596
San Marino,2016,84.775
San Marino,2017,84.933
San Marino,2018,85.095
San Marino,2019,85.257
San Marino,2020,82.65
San Marino,2021,83.539
San Marino,2022,85.708
San Marino,2023,85.706
Sao Tome and Principe,1950,39.129
Sao Tome and Principe,1951,39.125
Sao Tome and Principe,1952,39.142
Sao Tome and Principe,1953,39.116
Sao Tome and Principe,1954,39.155
Sao Tome and Principe,1955,39.28
Sao Tome and Principe,1956,39.543
Sao Tome and Principe,1957,40.101
Sao Tome and Principe,1958,40.962
Sao Tome and Principe,1959,42.114
Sao Tome and Principe,1960,43.564
Sao Tome and Principe,1961,45.193
Sao Tome and Principe,1962,46.843
Sao Tome and Principe,1963,48.4
Sao Tome and Principe,1964,49.739
Sao Tome and Principe,1965,51.072
Sao Tome and Principe,1966,52.309
Sao Tome and Principe,1967,53.449
Sao Tome and Principe,1968,54.491
Sao Tome and Principe,1969,55.4
Sao Tome and Principe,1970,56.267
Sao Tome and Principe,1971,56.965
Sao Tome and Principe,1972,57.448
Sao Tome and Principe,1973,57.896
Sao Tome and Principe,1974,58.262
Sao Tome and Principe,1975,58.561
Sao Tome and Principe,1976,58.782
Sao Tome and Principe,1977,58.979
Sao Tome and Principe,1978,59.141
Sao Tome and Principe,1979,59.273
Sao Tome and Principe,1980,59.361
Sao Tome and Principe,1981,59.432
Sao Tome and Principe,1982,59.533
Sao Tome and Principe,1983,59.679
Sao Tome and Principe,1984,59.893
Sao Tome and Principe,1985,60.139
Sao Tome and Principe,1986,57.605
Sao Tome and Principe,1987,60.663
Sao Tome and Principe,1988,60.808
Sao Tome and Principe,1989,59.731
Sao Tome and Principe,1990,60.707
Sao Tome and Principe,1991,60.792
Sao Tome and Principe,1992,60.706
Sao Tome and Principe,1993,60.618
Sao Tome and Principe,1994,60.552
Sao Tome and Principe,1995,60.536
Sao Tome and Principe,1996,60.576
Sao Tome and Principe,1997,60.648
Sao Tome and Principe,1998,60.785
Sao Tome and Principe,1999,60.976
Sao Tome and Principe,2000,61.207
Sao Tome and Principe,2001,61.5
Sao Tome and Principe,2002,61.826
Sao Tome and Principe,2003,62.158
Sao Tome and Principe,2004,62.56
Sao Tome and Principe,2005,62.434
Sao Tome and Principe,2006,63.041
Sao Tome and Principe,2007,63.336
Sao Tome and Principe,2008,63.448
Sao Tome and Principe,2009,63.669
Sao Tome and Principe,2010,63.867
Sao Tome and Principe,2011,64.122
Sao Tome and Principe,2012,64.505
Sao Tome and Principe,2013,64.93
Sao Tome and Principe,2014,65.478
Sao Tome and Principe,2015,66.023
Sao Tome and Principe,2016,66.563
Sao Tome and Principe,2017,67.074
Sao Tome and Principe,2018,67.602
Sao Tome and Principe,2019,68.043
Sao Tome and Principe,2020,67.979
Sao Tome and Principe,2021,68.026
Sao Tome and Principe,2022,69.237
Sao Tome and Principe,2023,69.718
Saudi Arabia,1950,40.017
Saudi Arabia,1951,40.551
Saudi Arabia,1952,41.069
Saudi Arabia,1953,41.579
Saudi Arabia,1954,42.089
Saudi Arabia,1955,42.603
Saudi Arabia,1956,43.127
Saudi Arabia,1957,43.66
Saudi Arabia,1958,44.201
Saudi Arabia,1959,44.751
Saudi Arabia,1960,45.31
Saudi Arabia,1961,45.88
Saudi Arabia,1962,46.469
Saudi Arabia,1963,47.086
Saudi Arabia,1964,47.732
Saudi Arabia,1965,48.436
Saudi Arabia,1966,49.187
Saudi Arabia,1967,49.994
Saudi Arabia,1968,50.857
Saudi Arabia,1969,51.773
Saudi Arabia,1970,52.729
Saudi Arabia,1971,53.727
Saudi Arabia,1972,54.742
Saudi Arabia,1973,55.765
Saudi Arabia,1974,56.785
Saudi Arabia,1975,57.78
Saudi Arabia,1976,58.782
Saudi Arabia,1977,59.749
Saudi Arabia,1978,60.685
Saudi Arabia,1979,61.518
Saudi Arabia,1980,62.444
Saudi Arabia,1981,63.252
Saudi Arabia,1982,64.008
Saudi Arabia,1983,64.719
Saudi Arabia,1984,65.391
Saudi Arabia,1985,66.027
Saudi Arabia,1986,66.648
Saudi Arabia,1987,67.242
Saudi Arabia,1988,67.814
Saudi Arabia,1989,68.359
Saudi Arabia,1990,68.874
Saudi Arabia,1991,69.341
Saudi Arabia,1992,69.799
Saudi Arabia,1993,70.208
Saudi Arabia,1994,70.587
Saudi Arabia,1995,70.944
Saudi Arabia,1996,71.288
Saudi Arabia,1997,71.624
Saudi Arabia,1998,71.957
Saudi Arabia,1999,72.29
Saudi Arabia,2000,72.607
Saudi Arabia,2001,72.951
Saudi Arabia,2002,73.296
Saudi Arabia,2003,73.657
Saudi Arabia,2004,74.027
Saudi Arabia,2005,74.4
Saudi Arabia,2006,74.762
Saudi Arabia,2007,75.066
Saudi Arabia,2008,75.301
Saudi Arabia,2009,75.447
Saudi Arabia,2010,75.616
Saudi Arabia,2011,75.808
Saudi Arabia,2012,76.09
Saudi Arabia,2013,76.517
Saudi Arabia,2014,77.116
Saudi Arabia,2015,77.776
Saudi Arabia,2016,78.354
Saudi Arabia,2017,78.721
Saudi Arabia,2018,78.75
Saudi Arabia,2019,78.313
Saudi Arabia,2020,77.596
Saudi Arabia,2021,77.089
Saudi Arabia,2022,77.31
Saudi Arabia,2023,78.732
Senegal,1950,36.498
Senegal,1951,36.912
Senegal,1952,37.37
Senegal,1953,37.785
Senegal,1954,38.172
Senegal,1955,38.541
Senegal,1956,38.876
Senegal,1957,39.125
Senegal,1958,39.395
Senegal,1959,39.532
Senegal,1960,39.668
Senegal,1961,39.715
Senegal,1962,39.738
Senegal,1963,39.745
Senegal,1964,39.755
Senegal,1965,39.761
Senegal,1966,39.848
Senegal,1967,39.992
Senegal,1968,40.15
Senegal,1969,40.398
Senegal,1970,40.789
Senegal,1971,41.243
Senegal,1972,41.77
Senegal,1973,42.429
Senegal,1974,43.104
Senegal,1975,43.938
Senegal,1976,44.809
Senegal,1977,45.714
Senegal,1978,46.596
Senegal,1979,47.478
Senegal,1980,48.294
Senegal,1981,49.083
Senegal,1982,49.863
Senegal,1983,50.811
Senegal,1984,51.694
Senegal,1985,52.586
Senegal,1986,53.718
Senegal,1987,54.632
Senegal,1988,55.546
Senegal,1989,56.209
Senegal,1990,56.674
Senegal,1991,57.037
Senegal,1992,57.287
Senegal,1993,57.348
Senegal,1994,57.479
Senegal,1995,57.336
Senegal,1996,57.129
Senegal,1997,57.107
Senegal,1998,57.076
Senegal,1999,57.315
Senegal,2000,57.615
Senegal,2001,58.158
Senegal,2002,58.912
Senegal,2003,59.474
Senegal,2004,60.308
Senegal,2005,60.98
Senegal,2006,61.801
Senegal,2007,62.653
Senegal,2008,63.201
Senegal,2009,63.751
Senegal,2010,64.221
Senegal,2011,64.799
Senegal,2012,65.229
Senegal,2013,65.638
Senegal,2014,66.001
Senegal,2015,66.451
Senegal,2016,66.724
Senegal,2017,67.059
Senegal,2018,67.379
Senegal,2019,67.668
Senegal,2020,67.496
Senegal,2021,66.868
Senegal,2022,67.788
Senegal,2023,68.683
Serbia,1950,55.087
Serbia,1951,55.612
Serbia,1952,57.407
Serbia,1953,59.774
Serbia,1954,60.691
Serbia,1955,61.349
Serbia,1956,61.859
Serbia,1957,63.244
Serbia,1958,64.283
Serbia,1959,65.238
Serbia,1960,65.705
Serbia,1961,66.303
Serbia,1962,67.045
Serbia,1963,67.351
Serbia,1964,67.998
Serbia,1965,68.717
Serbia,1966,69.427
Serbia,1967,70.089
Serbia,1968,70.076
Serbia,1969,70.026
Serbia,1970,69.735
Serbia,1971,69.717
Serbia,1972,69.982
Serbia,1973,70.497
Serbia,1974,71.124
Serbia,1975,71.613
Serbia,1976,71.863
Serbia,1977,71.771
Serbia,1978,71.442
Serbia,1979,71.173
Serbia,1980,71.081
Serbia,1981,71.111
Serbia,1982,71.035
Serbia,1983,71.089
Serbia,1984,71.156
Serbia,1985,71.441
Serbia,1986,71.642
Serbia,1987,71.851
Serbia,1988,72.039
Serbia,1989,72.34
Serbia,1990,72.225
Serbia,1991,71.938
Serbia,1992,71.628
Serbia,1993,71.876
Serbia,1994,72.304
Serbia,1995,72.726
Serbia,1996,72.916
Serbia,1997,72.947
Serbia,1998,72.299
Serbia,1999,69.994
Serbia,2000,72.334
Serbia,2001,72.275
Serbia,2002,72.599
Serbia,2003,72.722
Serbia,2004,72.867
Serbia,2005,73.115
Serbia,2006,73.395
Serbia,2007,73.724
Serbia,2008,73.904
Serbia,2009,74.106
Serbia,2010,74.376
Serbia,2011,74.719
Serbia,2012,75.089
Serbia,2013,75.346
Serbia,2014,75.478
Serbia,2015,75.653
Serbia,2016,75.737
Serbia,2017,75.792
Serbia,2018,76.036
Serbia,2019,76.058
Serbia,2020,74.507
Serbia,2021,72.853
Serbia,2022,75.478
Serbia,2023,76.769
Seychelles,1950,57.819
Seychelles,1951,58.037
Seychelles,1952,58.364
Seychelles,1953,58.686
Seychelles,1954,58.997
Seychelles,1955,59.389
Seychelles,1956,59.813
Seychelles,1957,60.171
Seychelles,1958,60.352
Seychelles,1959,60.422
Seychelles,1960,60.493
Seychelles,1961,60.582
Seychelles,1962,60.67
Seychelles,1963,60.909
Seychelles,1964,61.153
Seychelles,1965,61.444
Seychelles,1966,61.682
Seychelles,1967,62.072
Seychelles,1968,62.644
Seychelles,1969,63.266
Seychelles,1970,63.983
Seychelles,1971,64.644
Seychelles,1972,65.347
Seychelles,1973,65.928
Seychelles,1974,66.43
Seychelles,1975,66.847
Seychelles,1976,67.22
Seychelles,1977,67.588
Seychelles,1978,67.935
Seychelles,1979,68.237
Seychelles,1980,68.487
Seychelles,1981,68.731
Seychelles,1982,69.004
Seychelles,1983,69.257
Seychelles,1984,69.468
Seychelles,1985,69.624
Seychelles,1986,69.766
Seychelles,1987,69.887
Seychelles,1988,69.99
Seychelles,1989,70.073
Seychelles,1990,70.17
Seychelles,1991,70.263
Seychelles,1992,70.346
Seychelles,1993,70.415
Seychelles,1994,70.504
Seychelles,1995,70.634
Seychelles,1996,70.795
Seychelles,1997,70.759
Seychelles,1998,71.092
Seychelles,1999,71.208
Seychelles,2000,71.313
Seychelles,2001,71.429
Seychelles,2002,71.546
Seychelles,2003,71.684
Seychelles,2004,71.707
Seychelles,2005,71.921
Seychelles,2006,72.047
Seychelles,2007,72.162
Seychelles,2008,72.323
Seychelles,2009,72.414
Seychelles,2010,72.477
Seychelles,2011,72.506
Seychelles,2012,72.491
Seychelles,2013,72.428
Seychelles,2014,72.355
Seychelles,2015,72.285
Seychelles,2016,72.246
Seychelles,2017,72.232
Seychelles,2018,72.176
Seychelles,2019,72.123
Seychelles,2020,74.091
Seychelles,2021,71.22
Seychelles,2022,71.248
Seychelles,2023,72.862
Sierra Leone,1950,28.935
Sierra Leone,1951,29.291
Sierra Leone,1952,29.738
Sierra Leone,1953,30.125
Sierra Leone,1954,30.517
Sierra Leone,1955,30.929
Sierra Leone,1956,31.315
Sierra Leone,1957,31.768
Sierra Leone,1958,32.141
Sierra Leone,1959,32.556
Sierra Leone,1960,33.09
Sierra Leone,1961,33.633
Sierra Leone,1962,34.155
Sierra Leone,1963,34.705
Sierra Leone,1964,35.298
Sierra Leone,1965,35.93
Sierra Leone,1966,36.64
Sierra Leone,1967,37.281
Sierra Leone,1968,37.761
Sierra Leone,1969,38.23
Sierra Leone,1970,38.619
Sierra Leone,1971,39.104
Sierra Leone,1972,39.505
Sierra Leone,1973,39.96
Sierra Leone,1974,40.412
Sierra Leone,1975,40.99
Sierra Leone,1976,41.425
Sierra Leone,1977,41.826
Sierra Leone,1978,42.192
Sierra Leone,1979,42.53
Sierra Leone,1980,42.839
Sierra Leone,1981,43.086
Sierra Leone,1982,43.302
Sierra Leone,1983,43.455
Sierra Leone,1984,43.561
Sierra Leone,1985,43.556
Sierra Leone,1986,43.502
Sierra Leone,1987,43.748
Sierra Leone,1988,43.765
Sierra Leone,1989,43.741
Sierra Leone,1990,43.72
Sierra Leone,1991,43.287
Sierra Leone,1992,43.451
Sierra Leone,1993,43.428
Sierra Leone,1994,42.808
Sierra Leone,1995,42.579
Sierra Leone,1996,43.528
Sierra Leone,1997,43.649
Sierra Leone,1998,42.714
Sierra Leone,1999,41.962
Sierra Leone,2000,44.834
Sierra Leone,2001,45.448
Sierra Leone,2002,46.174
Sierra Leone,2003,46.784
Sierra Leone,2004,47.485
Sierra Leone,2005,48.306
Sierra Leone,2006,49.547
Sierra Leone,2007,50.024
Sierra Leone,2008,50.693
Sierra Leone,2009,51.312
Sierra Leone,2010,51.927
Sierra Leone,2011,52.594
Sierra Leone,2012,53.159
Sierra Leone,2013,54.051
Sierra Leone,2014,54.281
Sierra Leone,2015,55.454
Sierra Leone,2016,56.937
Sierra Leone,2017,57.761
Sierra Leone,2018,59.059
Sierra Leone,2019,59.593
Sierra Leone,2020,59.694
Sierra Leone,2021,60.26
Sierra Leone,2022,61.275
Sierra Leone,2023,61.786
Singapore,1950,54.092
Singapore,1951,55.26
Singapore,1952,56.426
Singapore,1953,57.467
Singapore,1954,59.423
Singapore,1955,61.214
Singapore,1956,62.617
Singapore,1957,63.394
Singapore,1958,64.026
Singapore,1959,64.794
Singapore,1960,65.297
Singapore,1961,65.686
Singapore,1962,66.09
Singapore,1963,66.488
Singapore,1964,66.712
Singapore,1965,66.943
Singapore,1966,67.237
Singapore,1967,67.331
Singapore,1968,67.663
Singapore,1969,68.076
Singapore,1970,68.5
Singapore,1971,68.796
Singapore,1972,68.964
Singapore,1973,69.357
Singapore,1974,69.709
Singapore,1975,70.232
Singapore,1976,70.57
Singapore,1977,70.884
Singapore,1978,71.163
Singapore,1979,71.357
Singapore,1980,71.528
Singapore,1981,71.748
Singapore,1982,72.015
Singapore,1983,72.415
Singapore,1984,72.603
Singapore,1985,73.124
Singapore,1986,73.564
Singapore,1987,74.035
Singapore,1988,74.049
Singapore,1989,74.332
Singapore,1990,74.598
Singapore,1991,75.058
Singapore,1992,75.326
Singapore,1993,75.533
Singapore,1994,75.627
Singapore,1995,75.725
Singapore,1996,76.05
Singapore,1997,76.389
Singapore,1998,76.851
Singapore,1999,77.271
Singapore,2000,77.752
Singapore,2001,78.267
Singapore,2002,78.736
Singapore,2003,79.178
Singapore,2004,79.658
Singapore,2005,80.271
Singapore,2006,80.64
Singapore,2007,80.885
Singapore,2008,81.099
Singapore,2009,81.428
Singapore,2010,81.647
Singapore,2011,81.942
Singapore,2012,82.209
Singapore,2013,82.468
Singapore,2014,82.615
Singapore,2015,82.748
Singapore,2016,82.897
Singapore,2017,83.095
Singapore,2018,83.378
Singapore,2019,83.662
Singapore,2020,83.661
Singapore,2021,83.485
Singapore,2022,82.921
Singapore,2023,83.736
Sint Maarten (Dutch part),1950,62.433
Sint Maarten (Dutch part),1951,63.126
Sint Maarten (Dutch part),1952,63.08
Sint Maarten (Dutch part),1953,63.688
Sint Maarten (Dutch part),1954,64.127
Sint Maarten (Dutch part),1955,64.754
Sint Maarten (Dutch part),1956,65.164
Sint Maarten (Dutch part),1957,65.484
Sint Maarten (Dutch part),1958,65.773
Sint Maarten (Dutch part),1959,66.048
Sint Maarten (Dutch part),1960,66.351
Sint Maarten (Dutch part),1961,66.678
Sint Maarten (Dutch part),1962,67.054
Sint Maarten (Dutch part),1963,67.467
Sint Maarten (Dutch part),1964,67.782
Sint Maarten (Dutch part),1965,68.048
Sint Maarten (Dutch part),1966,68.505
Sint Maarten (Dutch part),1967,69.024
Sint Maarten (Dutch part),1968,69.551
Sint Maarten (Dutch part),1969,70.208
Sint Maarten (Dutch part),1970,70.856
Sint Maarten (Dutch part),1971,71.309
Sint Maarten (Dutch part),1972,71.729
Sint Maarten (Dutch part),1973,72.061
Sint Maarten (Dutch part),1974,72.243
Sint Maarten (Dutch part),1975,72.308
Sint Maarten (Dutch part),1976,72.276
Sint Maarten (Dutch part),1977,72.133
Sint Maarten (Dutch part),1978,71.971
Sint Maarten (Dutch part),1979,71.839
Sint Maarten (Dutch part),1980,71.79
Sint Maarten (Dutch part),1981,71.864
Sint Maarten (Dutch part),1982,72.01
Sint Maarten (Dutch part),1983,72.146
Sint Maarten (Dutch part),1984,72.28
Sint Maarten (Dutch part),1985,72.385
Sint Maarten (Dutch part),1986,72.436
Sint Maarten (Dutch part),1987,72.435
Sint Maarten (Dutch part),1988,72.456
Sint Maarten (Dutch part),1989,72.441
Sint Maarten (Dutch part),1990,72.414
Sint Maarten (Dutch part),1991,72.384
Sint Maarten (Dutch part),1992,72.402
Sint Maarten (Dutch part),1993,72.462
Sint Maarten (Dutch part),1994,72.597
Sint Maarten (Dutch part),1995,72.849
Sint Maarten (Dutch part),1996,73.188
Sint Maarten (Dutch part),1997,73.551
Sint Maarten (Dutch part),1998,73.9
Sint Maarten (Dutch part),1999,74.222
Sint Maarten (Dutch part),2000,74.409
Sint Maarten (Dutch part),2001,74.525
Sint Maarten (Dutch part),2002,74.585
Sint Maarten (Dutch part),2003,74.588
Sint Maarten (Dutch part),2004,74.618
Sint Maarten (Dutch part),2005,74.681
Sint Maarten (Dutch part),2006,74.779
Sint Maarten (Dutch part),2007,74.812
Sint Maarten (Dutch part),2008,74.852
Sint Maarten (Dutch part),2009,74.796
Sint Maarten (Dutch part),2010,74.821
Sint Maarten (Dutch part),2011,74.868
Sint Maarten (Dutch part),2012,75.125
Sint Maarten (Dutch part),2013,75.391
Sint Maarten (Dutch part),2014,75.735
Sint Maarten (Dutch part),2015,75.899
Sint Maarten (Dutch part),2016,75.952
Sint Maarten (Dutch part),2017,75.455
Sint Maarten (Dutch part),2018,75.693
Sint Maarten (Dutch part),2019,75.68
Sint Maarten (Dutch part),2020,75.002
Sint Maarten (Dutch part),2021,74.505
Sint Maarten (Dutch part),2022,76.18
Sint Maarten (Dutch part),2023,76.371
Slovakia,1950,60.776
Slovakia,1951,61.146
Slovakia,1952,64.304
Slovakia,1953,65.65
Slovakia,1954,66.691
Slovakia,1955,67.846
Slovakia,1956,68.374
Slovakia,1957,67.463
Slovakia,1958,69.357
Slovakia,1959,69.009
Slovakia,1960,70.336
Slovakia,1961,70.789
Slovakia,1962,70.326
Slovakia,1963,70.688
Slovakia,1964,71.077
Slovakia,1965,70.284
Slovakia,1966,70.419
Slovakia,1967,70.968
Slovakia,1968,70.464
Slovakia,1969,69.804
Slovakia,1970,69.723
Slovakia,1971,69.864
Slovakia,1972,70.301
Slovakia,1973,70.029
Slovakia,1974,70.177
Slovakia,1975,70.303
Slovakia,1976,70.466
Slovakia,1977,70.407
Slovakia,1978,70.422
Slovakia,1979,70.742
Slovakia,1980,70.38
Slovakia,1981,70.623
Slovakia,1982,70.761
Slovakia,1983,70.475
Slovakia,1984,70.71
Slovakia,1985,70.721
Slovakia,1986,70.886
Slovakia,1987,71.068
Slovakia,1988,71.126
Slovakia,1989,70.938
Slovakia,1990,70.819
Slovakia,1991,70.921
Slovakia,1992,71.365
Slovakia,1993,71.88
Slovakia,1994,72.329
Slovakia,1995,72.254
Slovakia,1996,72.739
Slovakia,1997,72.689
Slovakia,1998,72.573
Slovakia,1999,72.963
Slovakia,2000,73.139
Slovakia,2001,73.571
Slovakia,2002,73.765
Slovakia,2003,73.819
Slovakia,2004,74.217
Slovakia,2005,74.156
Slovakia,2006,74.416
Slovakia,2007,74.495
Slovakia,2008,74.864
Slovakia,2009,75.218
Slovakia,2010,75.496
Slovakia,2011,76.018
Slovakia,2012,76.176
Slovakia,2013,76.514
Slovakia,2014,76.848
Slovakia,2015,76.65
Slovakia,2016,77.216
Slovakia,2017,77.22
Slovakia,2018,77.265
Slovakia,2019,77.686
Slovakia,2020,76.864
Slovakia,2021,74.59
Slovakia,2022,77.036
Slovakia,2023,78.341
Slovenia,1950,61.815
Slovenia,1951,62.346
Slovenia,1952,63.831
Slovenia,1953,65.323
Slovenia,1954,66.066
Slovenia,1955,66.067
Slovenia,1956,66.502
Slovenia,1957,67.039
Slovenia,1958,67.668
Slovenia,1959,68.153
Slovenia,1960,68.534
Slovenia,1961,68.885
Slovenia,1962,68.851
Slovenia,1963,68.607
Slovenia,1964,68.487
Slovenia,1965,68.701
Slovenia,1966,68.881
Slovenia,1967,68.972
Slovenia,1968,68.608
Slovenia,1969,68.591
Slovenia,1970,69.049
Slovenia,1971,69.715
Slovenia,1972,70.33
Slovenia,1973,70.752
Slovenia,1974,71.039
Slovenia,1975,71.082
Slovenia,1976,71.138
Slovenia,1977,71.265
Slovenia,1978,71.587
Slovenia,1979,71.626
Slovenia,1980,71.817
Slovenia,1981,71.647
Slovenia,1982,71.368
Slovenia,1983,71.189
Slovenia,1984,71.333
Slovenia,1985,71.802
Slovenia,1986,72.088
Slovenia,1987,72.444
Slovenia,1988,72.763
Slovenia,1989,73.29
Slovenia,1990,73.465
Slovenia,1991,73.475
Slovenia,1992,73.419
Slovenia,1993,73.584
Slovenia,1994,73.906
Slovenia,1995,74.419
Slovenia,1996,74.797
Slovenia,1997,74.989
Slovenia,1998,75.139
Slovenia,1999,75.454
Slovenia,2000,75.83
Slovenia,2001,76.181
Slovenia,2002,76.316
Slovenia,2003,76.317
Slovenia,2004,76.932
Slovenia,2005,77.503
Slovenia,2006,77.82
Slovenia,2007,78.285
Slovenia,2008,78.595
Slovenia,2009,79.027
Slovenia,2010,79.301
Slovenia,2011,79.588
Slovenia,2012,79.765
Slovenia,2013,80.088
Slovenia,2014,80.252
Slovenia,2015,80.499
Slovenia,2016,80.512
Slovenia,2017,80.616
Slovenia,2018,80.861
Slovenia,2019,81.007
Slovenia,2020,80.364
Slovenia,2021,80.434
Slovenia,2022,80.793
Slovenia,2023,81.603
Solomon Islands,1950,41.429
Solomon Islands,1951,41.999
Solomon Islands,1952,42.63
Solomon Islands,1953,43.16
Solomon Islands,1954,43.74
Solomon Islands,1955,44.349
Solomon Islands,1956,42.833
Solomon Islands,1957,45.657
Solomon Islands,1958,46.307
Solomon Islands,1959,47.025
Solomon Islands,1960,47.683
Solomon Islands,1961,48.336
Solomon Islands,1962,49.037
Solomon Islands,1963,49.815
Solomon Islands,1964,50.583
Solomon Islands,1965,51.406
Solomon Islands,1966,52.256
Solomon Islands,1967,53.059
Solomon Islands,1968,54.142
Solomon Islands,1969,55.099
Solomon Islands,1970,56.061
Solomon Islands,1971,57.015
Solomon Islands,1972,57.913
Solomon Islands,1973,58.777
Solomon Islands,1974,59.611
Solomon Islands,1975,58.404
Solomon Islands,1976,61.153
Solomon Islands,1977,61.528
Solomon Islands,1978,62.536
Solomon Islands,1979,63.134
Solomon Islands,1980,63.669
Solomon Islands,1981,64.077
Solomon Islands,1982,64.456
Solomon Islands,1983,64.771
Solomon Islands,1984,65.049
Solomon Islands,1985,65.288
Solomon Islands,1986,64.718
Solomon Islands,1987,65.683
Solomon Islands,1988,65.866
Solomon Islands,1989,66.051
Solomon Islands,1990,66.194
Solomon Islands,1991,66.357
Solomon Islands,1992,66.471
Solomon Islands,1993,66.558
Solomon Islands,1994,66.661
Solomon Islands,1995,66.717
Solomon Islands,1996,66.739
Solomon Islands,1997,66.768
Solomon Islands,1998,66.89
Solomon Islands,1999,67.001
Solomon Islands,2000,67.116
Solomon Islands,2001,67.237
Solomon Islands,2002,67.35
Solomon Islands,2003,67.479
Solomon Islands,2004,67.628
Solomon Islands,2005,67.79
Solomon Islands,2006,67.968
Solomon Islands,2007,67.845
Solomon Islands,2008,68.336
Solomon Islands,2009,68.397
Solomon Islands,2010,68.669
Solomon Islands,2011,68.824
Solomon Islands,2012,68.961
Solomon Islands,2013,69.007
Solomon Islands,2014,68.984
Solomon Islands,2015,69.323
Solomon Islands,2016,69.501
Solomon Islands,2017,69.652
Solomon Islands,2018,69.806
Solomon Islands,2019,69.981
Solomon Islands,2020,69.258
Solomon Islands,2021,68.89
Solomon Islands,2022,70.409
Solomon Islands,2023,70.528
Somalia,1950,41.453
Somalia,1951,41.664
Somalia,1952,41.875
Somalia,1953,42.085
Somalia,1954,42.294
Somalia,1955,42.504
Somalia,1956,42.713
Somalia,1957,42.921
Somalia,1958,43.129
Somalia,1959,43.336
Somalia,1960,43.543
Somalia,1961,43.667
Somalia,1962,43.972
Somalia,1963,44.194
Somalia,1964,44.393
Somalia,1965,44.631
Somalia,1966,44.843
Somalia,1967,45.051
Somalia,1968,45.254
Somalia,1969,45.453
Somalia,1970,45.644
Somalia,1971,45.837
Somalia,1972,46.032
Somalia,1973,46.224
Somalia,1974,44.259
Somalia,1975,44.49
Somalia,1976,44.727
Somalia,1977,47.004
Somalia,1978,47.013
Somalia,1979,47.405
Somalia,1980,47.611
Somalia,1981,47.817
Somalia,1982,48.02
Somalia,1983,48.23
Somalia,1984,48.438
Somalia,1985,48.279
Somalia,1986,48.431
Somalia,1987,49.002
Somalia,1988,43.933
Somalia,1989,46.648
Somalia,1990,46.896
Somalia,1991,25.418
Somalia,1992,25.034
Somalia,1993,50.551
Somalia,1994,50.303
Somalia,1995,50.65
Somalia,1996,50.524
Somalia,1997,50.278
Somalia,1998,50.755
Somalia,1999,50.611
Somalia,2000,50.747
Somalia,2001,50.829
Somalia,2002,50.82
Somalia,2003,50.721
Somalia,2004,50.685
Somalia,2005,50.894
Somalia,2006,50.915
Somalia,2007,50.885
Somalia,2008,51.456
Somalia,2009,52.101
Somalia,2010,48.9
Somalia,2011,32.453
Somalia,2012,49.138
Somalia,2013,54.016
Somalia,2014,54.442
Somalia,2015,55.056
Somalia,2016,55.283
Somalia,2017,52.19
Somalia,2018,54.767
Somalia,2019,57.249
Somalia,2020,57.095
Somalia,2021,55.703
Somalia,2022,53.931
Somalia,2023,58.816
South Africa,1950,43.109
South Africa,1951,44.056
South Africa,1952,45.047
South Africa,1953,46.053
South Africa,1954,47.119
South Africa,1955,48.173
South Africa,1956,49.214
South Africa,1957,50.196
South Africa,1958,51.149
South Africa,1959,51.882
South Africa,1960,52.575
South Africa,1961,53.067
South Africa,1962,53.566
South Africa,1963,53.895
South Africa,1964,54.215
South Africa,1965,54.427
South Africa,1966,54.731
South Africa,1967,54.955
South Africa,1968,55.191
South Africa,1969,55.44
South Africa,1970,55.681
South Africa,1971,56.02
South Africa,1972,56.377
South Africa,1973,56.72
South Africa,1974,57.11
South Africa,1975,57.591
South Africa,1976,58
South Africa,1977,58.48
South Africa,1978,58.991
South Africa,1979,59.472
South Africa,1980,59.961
South Africa,1981,60.445
South Africa,1982,60.936
South Africa,1983,61.393
South Africa,1984,61.837
South Africa,1985,62.195
South Africa,1986,62.421
South Africa,1987,62.694
South Africa,1988,62.902
South Africa,1989,63.017
South Africa,1990,62.942
South Africa,1991,62.983
South Africa,1992,62.839
South Africa,1993,62.618
South Africa,1994,62.069
South Africa,1995,61.603
South Africa,1996,61.079
South Africa,1997,60.538
South Africa,1998,59.912
South Africa,1999,59.19
South Africa,2000,58.368
South Africa,2001,57.161
South Africa,2002,55.58
South Africa,2003,54.245
South Africa,2004,53.963
South Africa,2005,53.914
South Africa,2006,54.22
South Africa,2007,54.948
South Africa,2008,55.982
South Africa,2009,57.413
South Africa,2010,58.886
South Africa,2011,60.602
South Africa,2012,61.737
South Africa,2013,62.388
South Africa,2014,63.184
South Africa,2015,64.053
South Africa,2016,64.749
South Africa,2017,65.422
South Africa,2018,65.726
South Africa,2019,66.071
South Africa,2020,65.15
South Africa,2021,62.01
South Africa,2022,65.454
South Africa,2023,66.139
South Korea,1950,22.226
South Korea,1951,26.642
South Korea,1952,36.566
South Korea,1953,40.505
South Korea,1954,46.078
South Korea,1955,48.353
South Korea,1956,50.204
South Korea,1957,51.554
South Korea,1958,51.836
South Korea,1959,52.935
South Korea,1960,53.757
South Korea,1961,54.444
South Korea,1962,55.033
South Korea,1963,54.988
South Korea,1964,55.336
South Korea,1965,55.784
South Korea,1966,55.423
South Korea,1967,60.871
South Korea,1968,60.868
South Korea,1969,61.426
South Korea,1970,62.175
South Korea,1971,62.67
South Korea,1972,63.22
South Korea,1973,63.773
South Korea,1974,64.239
South Korea,1975,64.667
South Korea,1976,65.011
South Korea,1977,64.621
South Korea,1978,64.961
South Korea,1979,66.107
South Korea,1980,64.848
South Korea,1981,67.141
South Korea,1982,67.061
South Korea,1983,66.725
South Korea,1984,68.109
South Korea,1985,68.408
South Korea,1986,69.035
South Korea,1987,69.315
South Korea,1988,70.16
South Korea,1989,70.684
South Korea,1990,70.994
South Korea,1991,71.402
South Korea,1992,72.175
South Korea,1993,72.745
South Korea,1994,72.889
South Korea,1995,73.375
South Korea,1996,74.021
South Korea,1997,74.531
South Korea,1998,75.035
South Korea,1999,75.617
South Korea,2000,76.235
South Korea,2001,76.919
South Korea,2002,77.23
South Korea,2003,77.497
South Korea,2004,77.957
South Korea,2005,78.449
South Korea,2006,79.035
South Korea,2007,79.432
South Korea,2008,79.996
South Korea,2009,80.55
South Korea,2010,80.717
South Korea,2011,81.168
South Korea,2012,81.308
South Korea,2013,81.836
South Korea,2014,82.364
South Korea,2015,82.54
South Korea,2016,82.92
South Korea,2017,83.278
South Korea,2018,83.34
South Korea,2019,83.685
South Korea,2020,83.675
South Korea,2021,83.852
South Korea,2022,82.727
South Korea,2023,84.329
South Sudan,1950,30.206
South Sudan,1951,30.63
South Sudan,1952,30.979
South Sudan,1953,31.36
South Sudan,1954,31.699
South Sudan,1955,32.02
South Sudan,1956,31.625
South Sudan,1957,30.893
South Sudan,1958,27.612
South Sudan,1959,27.831
South Sudan,1960,28.054
South Sudan,1961,28.278
South Sudan,1962,28.506
South Sudan,1963,28.249
South Sudan,1964,32.458
South Sudan,1965,28.781
South Sudan,1966,25.633
South Sudan,1967,25.858
South Sudan,1968,26.103
South Sudan,1969,25.396
South Sudan,1970,25.632
South Sudan,1971,30.993
South Sudan,1972,31.291
South Sudan,1973,36.277
South Sudan,1974,36.589
South Sudan,1975,36.867
South Sudan,1976,37.092
South Sudan,1977,37.397
South Sudan,1978,37.592
South Sudan,1979,37.805
South Sudan,1980,38.034
South Sudan,1981,38.313
South Sudan,1982,38.677
South Sudan,1983,34.733
South Sudan,1984,31.788
South Sudan,1985,32.36
South Sudan,1986,32.816
South Sudan,1987,20.721
South Sudan,1988,10.989
South Sudan,1989,28.217
South Sudan,1990,28.628
South Sudan,1991,29.185
South Sudan,1992,21.938
South Sudan,1993,22.263
South Sudan,1994,44.858
South Sudan,1995,31.51
South Sudan,1996,32.124
South Sudan,1997,33.068
South Sudan,1998,19.048
South Sudan,1999,44.537
South Sudan,2000,47.591
South Sudan,2001,48.55
South Sudan,2002,49.394
South Sudan,2003,52.324
South Sudan,2004,53.052
South Sudan,2005,53.965
South Sudan,2006,54.653
South Sudan,2007,55.425
South Sudan,2008,56.28
South Sudan,2009,56.848
South Sudan,2010,57.485
South Sudan,2011,57.674
South Sudan,2012,58.241
South Sudan,2013,58.285
South Sudan,2014,45.625
South Sudan,2015,39.757
South Sudan,2016,36.72
South Sudan,2017,35.351
South Sudan,2018,51.905
South Sudan,2019,58.129
South Sudan,2020,57.648
South Sudan,2021,57.047
South Sudan,2022,57.203
South Sudan,2023,57.617
Spain,1950,61.754
Spain,1951,61.482
Spain,1952,64.828
Spain,1953,65.731
Spain,1954,66.911
Spain,1955,66.681
Spain,1956,66.751
Spain,1957,66.57
Spain,1958,68.783
Spain,1959,68.691
Spain,1960,69.207
Spain,1961,69.568
Spain,1962,69.629
Spain,1963,69.766
Spain,1964,70.494
Spain,1965,70.9
Spain,1966,71.16
Spain,1967,71.349
Spain,1968,71.674
Spain,1969,71.139
Spain,1970,72.149
Spain,1971,71.735
Spain,1972,72.953
Spain,1973,72.732
Spain,1974,73.093
Spain,1975,73.492
Spain,1976,73.807
Spain,1977,74.307
Spain,1978,74.496
Spain,1979,74.99
Spain,1980,75.526
Spain,1981,75.706
Spain,1982,76.319
Spain,1983,76.097
Spain,1984,76.482
Spain,1985,76.41
Spain,1986,76.703
Spain,1987,76.956
Spain,1988,76.949
Spain,1989,76.998
Spain,1990,77
Spain,1991,77.129
Spain,1992,77.589
Spain,1993,77.728
Spain,1994,78.114
Spain,1995,78.2
Spain,1996,78.339
Spain,1997,78.85
Spain,1998,78.939
Spain,1999,78.944
Spain,2000,79.412
Spain,2001,79.739
Spain,2002,79.818
Spain,2003,79.748
Spain,2004,80.328
Spain,2005,80.32
Spain,2006,80.963
Spain,2007,80.97
Spain,2008,81.278
Spain,2009,81.627
Spain,2010,82.006
Spain,2011,82.18
Spain,2012,82.191
Spain,2013,82.694
Spain,2014,82.828
Spain,2015,82.611
Spain,2016,83
Spain,2017,82.986
Spain,2018,83.096
Spain,2019,83.479
Spain,2020,82.241
Spain,2021,82.951
Spain,2022,82.366
Spain,2023,83.67
Sri Lanka,1950,53.169
Sri Lanka,1951,53.981
Sri Lanka,1952,54.859
Sri Lanka,1953,55.65
Sri Lanka,1954,56.439
Sri Lanka,1955,57.178
Sri Lanka,1956,57.895
Sri Lanka,1957,58.535
Sri Lanka,1958,59.28
Sri Lanka,1959,59.971
Sri Lanka,1960,60.602
Sri Lanka,1961,61.158
Sri Lanka,1962,61.627
Sri Lanka,1963,62.031
Sri Lanka,1964,62.376
Sri Lanka,1965,62.793
Sri Lanka,1966,63.156
Sri Lanka,1967,63.556
Sri Lanka,1968,63.869
Sri Lanka,1969,64.138
Sri Lanka,1970,64.352
Sri Lanka,1971,64.24
Sri Lanka,1972,64.625
Sri Lanka,1973,64.785
Sri Lanka,1974,64.966
Sri Lanka,1975,65.355
Sri Lanka,1976,65.84
Sri Lanka,1977,66.391
Sri Lanka,1978,66.844
Sri Lanka,1979,67.514
Sri Lanka,1980,68.006
Sri Lanka,1981,68.38
Sri Lanka,1982,68.665
Sri Lanka,1983,68.726
Sri Lanka,1984,68.761
Sri Lanka,1985,68.881
Sri Lanka,1986,68.962
Sri Lanka,1987,69.009
Sri Lanka,1988,68.995
Sri Lanka,1989,67.284
Sri Lanka,1990,69.239
Sri Lanka,1991,69.131
Sri Lanka,1992,69.619
Sri Lanka,1993,70.049
Sri Lanka,1994,70.211
Sri Lanka,1995,69.746
Sri Lanka,1996,69.841
Sri Lanka,1997,69.934
Sri Lanka,1998,70.134
Sri Lanka,1999,70.427
Sri Lanka,2000,71.179
Sri Lanka,2001,71.804
Sri Lanka,2002,72.271
Sri Lanka,2003,72.442
Sri Lanka,2004,68.022
Sri Lanka,2005,73.073
Sri Lanka,2006,72.825
Sri Lanka,2007,72.983
Sri Lanka,2008,72.556
Sri Lanka,2009,70.298
Sri Lanka,2010,74.463
Sri Lanka,2011,74.74
Sri Lanka,2012,75.187
Sri Lanka,2013,75.546
Sri Lanka,2014,75.757
Sri Lanka,2015,75.99
Sri Lanka,2016,76.136
Sri Lanka,2017,76.239
Sri Lanka,2018,76.485
Sri Lanka,2019,76.698
Sri Lanka,2020,76.928
Sri Lanka,2021,76.278
Sri Lanka,2022,77.3
Sri Lanka,2023,77.483
Sudan,1950,45.806
Sudan,1951,46.232
Sudan,1952,46.485
Sudan,1953,46.911
Sudan,1954,47.315
Sudan,1955,47.72
Sudan,1956,48.087
Sudan,1957,48.483
Sudan,1958,48.863
Sudan,1959,49.193
Sudan,1960,49.566
Sudan,1961,49.964
Sudan,1962,50.419
Sudan,1963,50.816
Sudan,1964,50.879
Sudan,1965,51.031
Sudan,1966,51.253
Sudan,1967,51.495
Sudan,1968,51.762
Sudan,1969,52.04
Sudan,1970,52.294
Sudan,1971,52.541
Sudan,1972,52.803
Sudan,1973,52.988
Sudan,1974,53.156
Sudan,1975,53.31
Sudan,1976,53.342
Sudan,1977,53.522
Sudan,1978,53.29
Sudan,1979,53.374
Sudan,1980,54.072
Sudan,1981,54.369
Sudan,1982,54.375
Sudan,1983,49.562
Sudan,1984,49.807
Sudan,1985,50.014
Sudan,1986,54.558
Sudan,1987,54.747
Sudan,1988,54.984
Sudan,1989,54.883
Sudan,1990,55.497
Sudan,1991,55.553
Sudan,1992,55.952
Sudan,1993,56.102
Sudan,1994,57.022
Sudan,1995,57.447
Sudan,1996,57.638
Sudan,1997,58.058
Sudan,1998,58.308
Sudan,1999,58.607
Sudan,2000,58.946
Sudan,2001,59.264
Sudan,2002,59.308
Sudan,2003,58.319
Sudan,2004,56.773
Sudan,2005,57.226
Sudan,2006,60.4
Sudan,2007,61.442
Sudan,2008,61.261
Sudan,2009,62.676
Sudan,2010,62.979
Sudan,2011,63.181
Sudan,2012,63.427
Sudan,2013,63.443
Sudan,2014,63.99
Sudan,2015,64.375
Sudan,2016,64.677
Sudan,2017,65.146
Sudan,2018,65.501
Sudan,2019,65.803
Sudan,2020,65.124
Sudan,2021,64.46
Sudan,2022,65.695
Sudan,2023,66.331
Suriname,1950,50.702
Suriname,1951,51.074
Suriname,1952,51.401
Suriname,1953,52.102
Suriname,1954,52.786
Suriname,1955,53.45
Suriname,1956,54.103
Suriname,1957,54.743
Suriname,1958,55.359
Suriname,1959,55.937
Suriname,1960,56.595
Suriname,1961,57.29
Suriname,1962,58.023
Suriname,1963,58.496
Suriname,1964,58.908
Suriname,1965,59.137
Suriname,1966,59.232
Suriname,1967,59.172
Suriname,1968,59.292
Suriname,1969,59.394
Suriname,1970,59.494
Suriname,1971,59.59
Suriname,1972,59.685
Suriname,1973,59.793
Suriname,1974,59.914
Suriname,1975,60.035
Suriname,1976,60.155
Suriname,1977,60.277
Suriname,1978,60.401
Suriname,1979,60.527
Suriname,1980,60.654
Suriname,1981,60.795
Suriname,1982,60.934
Suriname,1983,61.072
Suriname,1984,61.211
Suriname,1985,61.358
Suriname,1986,61.159
Suriname,1987,61.314
Suriname,1988,61.477
Suriname,1989,61.982
Suriname,1990,62.088
Suriname,1991,62.151
Suriname,1992,62.246
Suriname,1993,62.382
Suriname,1994,62.542
Suriname,1995,62.779
Suriname,1996,63.079
Suriname,1997,63.385
Suriname,1998,63.706
Suriname,1999,64.035
Suriname,2000,64.409
Suriname,2001,64.82
Suriname,2002,65.274
Suriname,2003,65.778
Suriname,2004,66.362
Suriname,2005,66.997
Suriname,2006,67.643
Suriname,2007,68.307
Suriname,2008,68.873
Suriname,2009,69.323
Suriname,2010,69.626
Suriname,2011,69.82
Suriname,2012,69.957
Suriname,2013,70.11
Suriname,2014,70.33
Suriname,2015,70.567
Suriname,2016,70.979
Suriname,2017,71.247
Suriname,2018,71.468
Suriname,2019,71.773
Suriname,2020,72.321
Suriname,2021,68.943
Suriname,2022,73.254
Suriname,2023,73.631
Sweden,1950,71.139
Sweden,1951,71.364
Sweden,1952,71.845
Sweden,1953,71.904
Sweden,1954,72.353
Sweden,1955,72.586
Sweden,1956,72.66
Sweden,1957,72.491
Sweden,1958,73.153
Sweden,1959,73.371
Sweden,1960,73.037
Sweden,1961,73.489
Sweden,1962,73.351
Sweden,1963,73.533
Sweden,1964,73.705
Sweden,1965,73.873
Sweden,1966,74.101
Sweden,1967,74.147
Sweden,1968,74.001
Sweden,1969,74.114
Sweden,1970,74.664
Sweden,1971,74.601
Sweden,1972,74.705
Sweden,1973,74.865
Sweden,1974,74.969
Sweden,1975,74.978
Sweden,1976,74.973
Sweden,1977,75.393
Sweden,1978,75.484
Sweden,1979,75.523
Sweden,1980,75.743
Sweden,1981,76.04
Sweden,1982,76.35
Sweden,1983,76.58
Sweden,1984,76.841
Sweden,1985,76.691
Sweden,1986,76.955
Sweden,1987,77.109
Sweden,1988,76.998
Sweden,1989,77.654
Sweden,1990,77.589
Sweden,1991,77.728
Sweden,1992,78.071
Sweden,1993,78.136
Sweden,1994,78.747
Sweden,1995,78.822
Sweden,1996,79.045
Sweden,1997,79.272
Sweden,1998,79.416
Sweden,1999,79.508
Sweden,2000,79.739
Sweden,2001,79.836
Sweden,2002,79.935
Sweden,2003,80.195
Sweden,2004,80.546
Sweden,2005,80.621
Sweden,2006,80.832
Sweden,2007,80.97
Sweden,2008,81.137
Sweden,2009,81.363
Sweden,2010,81.519
Sweden,2011,81.758
Sweden,2012,81.73
Sweden,2013,81.935
Sweden,2014,82.224
Sweden,2015,82.184
Sweden,2016,82.339
Sweden,2017,82.438
Sweden,2018,82.532
Sweden,2019,83.052
Sweden,2020,82.427
Sweden,2021,83.02
Sweden,2022,83.046
Sweden,2023,83.262
Switzerland,1950,68.913
Switzerland,1951,68.694
Switzerland,1952,69.588
Switzerland,1953,69.518
Switzerland,1954,69.985
Switzerland,1955,70.07
Switzerland,1956,70.199
Switzerland,1957,70.538
Switzerland,1958,71.291
Switzerland,1959,71.453
Switzerland,1960,71.414
Switzerland,1961,71.743
Switzerland,1962,71.303
Switzerland,1963,71.292
Switzerland,1964,72.179
Switzerland,1965,72.318
Switzerland,1966,72.45
Switzerland,1967,72.741
Switzerland,1968,72.705
Switzerland,1969,72.718
Switzerland,1970,73.124
Switzerland,1971,73.241
Switzerland,1972,73.759
Switzerland,1973,74.06
Switzerland,1974,74.401
Switzerland,1975,74.791
Switzerland,1976,74.906
Switzerland,1977,75.367
Switzerland,1978,75.308
Switzerland,1979,75.608
Switzerland,1980,75.59
Switzerland,1981,75.818
Switzerland,1982,76.162
Switzerland,1983,76.157
Switzerland,1984,76.756
Switzerland,1985,76.882
Switzerland,1986,77.04
Switzerland,1987,77.332
Switzerland,1988,77.365
Switzerland,1989,77.557
Switzerland,1990,77.385
Switzerland,1991,77.648
Switzerland,1992,77.944
Switzerland,1993,78.234
Switzerland,1994,78.495
Switzerland,1995,78.565
Switzerland,1996,79.049
Switzerland,1997,79.233
Switzerland,1998,79.475
Switzerland,1999,79.724
Switzerland,2000,79.834
Switzerland,2001,80.251
Switzerland,2002,80.444
Switzerland,2003,80.532
Switzerland,2004,81.055
Switzerland,2005,81.236
Switzerland,2006,81.549
Switzerland,2007,81.703
Switzerland,2008,81.971
Switzerland,2009,81.989
Switzerland,2010,82.287
Switzerland,2011,82.574
Switzerland,2012,82.617
Switzerland,2013,82.689
Switzerland,2014,83.084
Switzerland,2015,82.846
Switzerland,2016,83.446
Switzerland,2017,83.414
Switzerland,2018,83.564
Switzerland,2019,83.78
Switzerland,2020,83.063
Switzerland,2021,83.648
Switzerland,2022,83.2
Switzerland,2023,83.954
Syria,1950,42.455
Syria,1951,43.449
Syria,1952,44.339
Syria,1953,45.329
Syria,1954,46.351
Syria,1955,47.403
Syria,1956,48.493
Syria,1957,49.575
Syria,1958,50.672
Syria,1959,51.724
Syria,1960,52.723
Syria,1961,53.652
Syria,1962,54.569
Syria,1963,55.394
Syria,1964,56.17
Syria,1965,56.901
Syria,1966,57.55
Syria,1967,58.045
Syria,1968,59.118
Syria,1969,59.844
Syria,1970,60.608
Syria,1971,61.334
Syria,1972,61.969
Syria,1973,60.826
Syria,1974,63.441
Syria,1975,64.187
Syria,1976,64.844
Syria,1977,65.398
Syria,1978,65.932
Syria,1979,66.244
Syria,1980,66.545
Syria,1981,64.598
Syria,1982,60.839
Syria,1983,67.35
Syria,1984,67.723
Syria,1985,68.048
Syria,1986,68.415
Syria,1987,68.797
Syria,1988,69.172
Syria,1989,69.486
Syria,1990,69.83
Syria,1991,70.075
Syria,1992,70.243
Syria,1993,70.309
Syria,1994,70.296
Syria,1995,70.209
Syria,1996,70.156
Syria,1997,70.158
Syria,1998,70.237
Syria,1999,70.507
Syria,2000,70.856
Syria,2001,71.296
Syria,2002,71.742
Syria,2003,72.188
Syria,2004,72.494
Syria,2005,72.797
Syria,2006,73.04
Syria,2007,73.256
Syria,2008,73.368
Syria,2009,73.496
Syria,2010,73.542
Syria,2011,72.259
Syria,2012,66.206
Syria,2013,65.146
Syria,2014,65.492
Syria,2015,63.265
Syria,2016,65.19
Syria,2017,65.651
Syria,2018,67.371
Syria,2019,70.97
Syria,2020,71.944
Syria,2021,72.418
Syria,2022,72.79
Syria,2023,72.12
Taiwan,1950,56.587
Taiwan,1951,57.19
Taiwan,1952,57.907
Taiwan,1953,58.557
Taiwan,1954,58.932
Taiwan,1955,59.796
Taiwan,1956,60.313
Taiwan,1957,60.95
Taiwan,1958,61.04
Taiwan,1959,61.608
Taiwan,1960,62.543
Taiwan,1961,62.984
Taiwan,1962,63.795
Taiwan,1963,64.472
Taiwan,1964,64.876
Taiwan,1965,65.734
Taiwan,1966,66.09
Taiwan,1967,66.671
Taiwan,1968,66.802
Taiwan,1969,67.717
Taiwan,1970,69.036
Taiwan,1971,69.359
Taiwan,1972,69.628
Taiwan,1973,69.802
Taiwan,1974,70.306
Taiwan,1975,70.876
Taiwan,1976,71.157
Taiwan,1977,71.259
Taiwan,1978,71.728
Taiwan,1979,71.709
Taiwan,1980,71.959
Taiwan,1981,72.018
Taiwan,1982,72.397
Taiwan,1983,72.397
Taiwan,1984,72.988
Taiwan,1985,73.295
Taiwan,1986,73.318
Taiwan,1987,73.613
Taiwan,1988,73.401
Taiwan,1989,73.672
Taiwan,1990,73.936
Taiwan,1991,74.287
Taiwan,1992,74.305
Taiwan,1993,74.564
Taiwan,1994,74.704
Taiwan,1995,74.617
Taiwan,1996,74.918
Taiwan,1997,75.322
Taiwan,1998,75.475
Taiwan,1999,75.62
Taiwan,2000,76.139
Taiwan,2001,76.478
Taiwan,2002,76.871
Taiwan,2003,77.043
Taiwan,2004,77.173
Taiwan,2005,77.133
Taiwan,2006,77.845
Taiwan,2007,78.046
Taiwan,2008,78.298
Taiwan,2009,78.701
Taiwan,2010,79.036
Taiwan,2011,78.88
Taiwan,2012,79.179
Taiwan,2013,79.598
Taiwan,2014,79.473
Taiwan,2015,79.879
Taiwan,2016,79.7
Taiwan,2017,80.061
Taiwan,2018,80.431
Taiwan,2019,80.596
Taiwan,2020,81.107
Taiwan,2021,80.785
Taiwan,2022,80.157
Taiwan,2023,80.559
Tajikistan,1950,49.349
Tajikistan,1951,49.637
Tajikistan,1952,49.934
Tajikistan,1953,50.199
Tajikistan,1954,50.514
Tajikistan,1955,50.818
Tajikistan,1956,51.117
Tajikistan,1957,51.44
Tajikistan,1958,51.791
Tajikistan,1959,52.17
Tajikistan,1960,52.535
Tajikistan,1961,52.944
Tajikistan,1962,53.374
Tajikistan,1963,53.791
Tajikistan,1964,54.224
Tajikistan,1965,54.655
Tajikistan,1966,55.079
Tajikistan,1967,55.497
Tajikistan,1968,55.89
Tajikistan,1969,56.262
Tajikistan,1970,56.589
Tajikistan,1971,56.884
Tajikistan,1972,57.157
Tajikistan,1973,57.418
Tajikistan,1974,57.651
Tajikistan,1975,57.88
Tajikistan,1976,58.076
Tajikistan,1977,58.244
Tajikistan,1978,58.396
Tajikistan,1979,58.523
Tajikistan,1980,58.632
Tajikistan,1981,58.758
Tajikistan,1982,60.161
Tajikistan,1983,60.46
Tajikistan,1984,60.69
Tajikistan,1985,60.973
Tajikistan,1986,61.83
Tajikistan,1987,61.582
Tajikistan,1988,61.839
Tajikistan,1989,61.736
Tajikistan,1990,61.636
Tajikistan,1991,61.679
Tajikistan,1992,57.085
Tajikistan,1993,55.512
Tajikistan,1994,60.093
Tajikistan,1995,61.389
Tajikistan,1996,60.806
Tajikistan,1997,61.928
Tajikistan,1998,62.404
Tajikistan,1999,63.114
Tajikistan,2000,63.542
Tajikistan,2001,64.197
Tajikistan,2002,64.898
Tajikistan,2003,65.874
Tajikistan,2004,66.604
Tajikistan,2005,66.531
Tajikistan,2006,66.997
Tajikistan,2007,67.405
Tajikistan,2008,67.924
Tajikistan,2009,68.248
Tajikistan,2010,68.37
Tajikistan,2011,68.698
Tajikistan,2012,69.13
Tajikistan,2013,69.579
Tajikistan,2014,69.697
Tajikistan,2015,69.665
Tajikistan,2016,69.982
Tajikistan,2017,70.524
Tajikistan,2018,70.737
Tajikistan,2019,70.962
Tajikistan,2020,68.605
Tajikistan,2021,69.594
Tajikistan,2022,71.562
Tajikistan,2023,71.79
Tanzania,1950,41.032
Tanzania,1951,41.182
Tanzania,1952,41.357
Tanzania,1953,41.508
Tanzania,1954,41.656
Tanzania,1955,41.826
Tanzania,1956,41.99
Tanzania,1957,42.145
Tanzania,1958,42.311
Tanzania,1959,42.452
Tanzania,1960,42.596
Tanzania,1961,42.841
Tanzania,1962,43.215
Tanzania,1963,43.616
Tanzania,1964,44.075
Tanzania,1965,44.542
Tanzania,1966,44.941
Tanzania,1967,45.163
Tanzania,1968,45.626
Tanzania,1969,46.043
Tanzania,1970,46.495
Tanzania,1971,46.972
Tanzania,1972,47.436
Tanzania,1973,47.912
Tanzania,1974,48.422
Tanzania,1975,48.922
Tanzania,1976,49.459
Tanzania,1977,49.969
Tanzania,1978,50.351
Tanzania,1979,50.791
Tanzania,1980,51.272
Tanzania,1981,51.703
Tanzania,1982,51.99
Tanzania,1983,52.178
Tanzania,1984,52.151
Tanzania,1985,52.184
Tanzania,1986,52.207
Tanzania,1987,52.182
Tanzania,1988,52.224
Tanzania,1989,52.09
Tanzania,1990,51.985
Tanzania,1991,51.837
Tanzania,1992,51.432
Tanzania,1993,51.215
Tanzania,1994,51.077
Tanzania,1995,51.005
Tanzania,1996,51.132
Tanzania,1997,51.246
Tanzania,1998,51.807
Tanzania,1999,52.399
Tanzania,2000,53.244
Tanzania,2001,54.124
Tanzania,2002,54.94
Tanzania,2003,55.929
Tanzania,2004,56.836
Tanzania,2005,57.675
Tanzania,2006,58.512
Tanzania,2007,59.26
Tanzania,2008,59.896
Tanzania,2009,60.494
Tanzania,2010,61.127
Tanzania,2011,61.618
Tanzania,2012,62.286
Tanzania,2013,62.788
Tanzania,2014,63.364
Tanzania,2015,63.928
Tanzania,2016,64.404
Tanzania,2017,64.963
Tanzania,2018,65.488
Tanzania,2019,66.007
Tanzania,2020,66.771
Tanzania,2021,66.131
Tanzania,2022,66.879
Tanzania,2023,66.995
Thailand,1950,45.189
Thailand,1951,45.92
Thailand,1952,46.498
Thailand,1953,47.066
Thailand,1954,47.62
Thailand,1955,48.134
Thailand,1956,48.639
Thailand,1957,49.128
Thailand,1958,49.548
Thailand,1959,50.126
Thailand,1960,50.608
Thailand,1961,51.065
Thailand,1962,51.444
Thailand,1963,51.988
Thailand,1964,52.539
Thailand,1965,53.131
Thailand,1966,53.729
Thailand,1967,54.316
Thailand,1968,54.977
Thailand,1969,55.705
Thailand,1970,56.47
Thailand,1971,57.1
Thailand,1972,57.746
Thailand,1973,58.323
Thailand,1974,59.031
Thailand,1975,59.713
Thailand,1976,60.371
Thailand,1977,60.906
Thailand,1978,61.266
Thailand,1979,61.696
Thailand,1980,62.186
Thailand,1981,62.856
Thailand,1982,63.603
Thailand,1983,64.5
Thailand,1984,65.55
Thailand,1985,66.543
Thailand,1986,67.308
Thailand,1987,67.833
Thailand,1988,68.194
Thailand,1989,68.557
Thailand,1990,68.924
Thailand,1991,69.132
Thailand,1992,69.353
Thailand,1993,69.568
Thailand,1994,69.661
Thailand,1995,69.757
Thailand,1996,69.94
Thailand,1997,70.362
Thailand,1998,70.703
Thailand,1999,70.979
Thailand,2000,71.205
Thailand,2001,71.52
Thailand,2002,71.775
Thailand,2003,72.101
Thailand,2004,72.1
Thailand,2005,72.894
Thailand,2006,73.341
Thailand,2007,73.779
Thailand,2008,74.221
Thailand,2009,74.669
Thailand,2010,75.012
Thailand,2011,75.302
Thailand,2012,75.59
Thailand,2013,75.96
Thailand,2014,76.279
Thailand,2015,76.563
Thailand,2016,76.769
Thailand,2017,76.989
Thailand,2018,77.19
Thailand,2019,77.197
Thailand,2020,77.331
Thailand,2021,77.606
Thailand,2022,75.291
Thailand,2023,76.412
Togo,1950,41.926
Togo,1951,42.073
Togo,1952,42.196
Togo,1953,42.315
Togo,1954,42.489
Togo,1955,42.661
Togo,1956,42.762
Togo,1957,42.943
Togo,1958,43.129
Togo,1959,43.323
Togo,1960,43.536
Togo,1961,43.745
Togo,1962,44.001
Togo,1963,44.274
Togo,1964,44.6
Togo,1965,44.917
Togo,1966,45.227
Togo,1967,45.615
Togo,1968,46.022
Togo,1969,46.354
Togo,1970,46.782
Togo,1971,47.232
Togo,1972,47.692
Togo,1973,48.139
Togo,1974,48.593
Togo,1975,49.046
Togo,1976,49.509
Togo,1977,50.163
Togo,1978,50.902
Togo,1979,51.515
Togo,1980,52.146
Togo,1981,52.781
Togo,1982,53.273
Togo,1983,53.769
Togo,1984,54.094
Togo,1985,54.361
Togo,1986,54.614
Togo,1987,54.821
Togo,1988,54.901
Togo,1989,54.732
Togo,1990,54.557
Togo,1991,54.255
Togo,1992,54.077
Togo,1993,53.852
Togo,1994,53.707
Togo,1995,53.692
Togo,1996,53.817
Togo,1997,53.845
Togo,1998,53.956
Togo,1999,54.31
Togo,2000,54.577
Togo,2001,54.746
Togo,2002,55.032
Togo,2003,55.299
Togo,2004,55.594
Togo,2005,55.916
Togo,2006,56.142
Togo,2007,56.382
Togo,2008,56.651
Togo,2009,56.927
Togo,2010,57.227
Togo,2011,57.612
Togo,2012,57.94
Togo,2013,58.345
Togo,2014,58.766
Togo,2015,59.22
Togo,2016,59.669
Togo,2017,60.135
Togo,2018,60.601
Togo,2019,61.055
Togo,2020,61.123
Togo,2021,61.328
Togo,2022,62.29
Togo,2023,62.739
Tokelau,1950,54.692
Tokelau,1951,55.055
Tokelau,1952,55.476
Tokelau,1953,55.798
Tokelau,1954,56.207
Tokelau,1955,56.595
Tokelau,1956,56.979
Tokelau,1957,57.379
Tokelau,1958,57.806
Tokelau,1959,58.203
Tokelau,1960,58.598
Tokelau,1961,58.995
Tokelau,1962,59.369
Tokelau,1963,59.758
Tokelau,1964,60.146
Tokelau,1965,60.487
Tokelau,1966,60.891
Tokelau,1967,61.27
Tokelau,1968,61.602
Tokelau,1969,61.958
Tokelau,1970,62.299
Tokelau,1971,62.612
Tokelau,1972,62.822
Tokelau,1973,63.039
Tokelau,1974,63.261
Tokelau,1975,63.474
Tokelau,1976,63.716
Tokelau,1977,64.01
Tokelau,1978,64.362
Tokelau,1979,64.735
Tokelau,1980,65.16
Tokelau,1981,65.618
Tokelau,1982,66.073
Tokelau,1983,66.51
Tokelau,1984,66.913
Tokelau,1985,67.341
Tokelau,1986,67.733
Tokelau,1987,68.139
Tokelau,1988,68.534
Tokelau,1989,68.953
Tokelau,1990,69.376
Tokelau,1991,69.797
Tokelau,1992,70.215
Tokelau,1993,70.585
Tokelau,1994,70.924
Tokelau,1995,71.213
Tokelau,1996,71.467
Tokelau,1997,71.652
Tokelau,1998,71.811
Tokelau,1999,72
Tokelau,2000,72.197
Tokelau,2001,72.426
Tokelau,2002,72.654
Tokelau,2003,72.891
Tokelau,2004,73.124
Tokelau,2005,73.342
Tokelau,2006,73.555
Tokelau,2007,73.78
Tokelau,2008,74.021
Tokelau,2009,74.271
Tokelau,2010,74.51
Tokelau,2011,74.76
Tokelau,2012,75.013
Tokelau,2013,75.269
Tokelau,2014,75.474
Tokelau,2015,75.707
Tokelau,2016,75.926
Tokelau,2017,76.055
Tokelau,2018,76.243
Tokelau,2019,76.452
Tokelau,2020,76.622
Tokelau,2021,76.718
Tokelau,2022,76.887
Tokelau,2023,77.051
Tonga,1950,48.376
Tonga,1951,49.794
Tonga,1952,51.158
Tonga,1953,52.45
Tonga,1954,53.562
Tonga,1955,54.66
Tonga,1956,55.663
Tonga,1957,56.505
Tonga,1958,57.209
Tonga,1959,57.766
Tonga,1960,58.315
Tonga,1961,58.757
Tonga,1962,59.298
Tonga,1963,59.77
Tonga,1964,60.251
Tonga,1965,60.72
Tonga,1966,61.21
Tonga,1967,61.692
Tonga,1968,62.161
Tonga,1969,62.696
Tonga,1970,63.182
Tonga,1971,63.607
Tonga,1972,64.061
Tonga,1973,64.389
Tonga,1974,64.825
Tonga,1975,65.122
Tonga,1976,65.418
Tonga,1977,65.625
Tonga,1978,65.854
Tonga,1979,66.039
Tonga,1980,66.186
Tonga,1981,66.357
Tonga,1982,66.327
Tonga,1983,66.652
Tonga,1984,66.806
Tonga,1985,66.928
Tonga,1986,67.058
Tonga,1987,67.189
Tonga,1988,67.321
Tonga,1989,67.445
Tonga,1990,67.539
Tonga,1991,67.749
Tonga,1992,67.927
Tonga,1993,68.157
Tonga,1994,68.371
Tonga,1995,68.592
Tonga,1996,68.803
Tonga,1997,69.012
Tonga,1998,69.224
Tonga,1999,69.431
Tonga,2000,69.635
Tonga,2001,69.8
Tonga,2002,70.03
Tonga,2003,70.228
Tonga,2004,70.433
Tonga,2005,70.56
Tonga,2006,70.71
Tonga,2007,70.887
Tonga,2008,71.041
Tonga,2009,70.949
Tonga,2010,71.319
Tonga,2011,71.437
Tonga,2012,71.546
Tonga,2013,71.65
Tonga,2014,71.721
Tonga,2015,71.851
Tonga,2016,71.951
Tonga,2017,72.066
Tonga,2018,72.169
Tonga,2019,72.292
Tonga,2020,72.379
Tonga,2021,72.13
Tonga,2022,72.635
Tonga,2023,72.895
Trinidad and Tobago,1950,56.979
Trinidad and Tobago,1951,57.333
Trinidad and Tobago,1952,57.684
Trinidad and Tobago,1953,58.251
Trinidad and Tobago,1954,59.076
Trinidad and Tobago,1955,59.717
Trinidad and Tobago,1956,60.343
Trinidad and Tobago,1957,60.748
Trinidad and Tobago,1958,61.42
Trinidad and Tobago,1959,61.892
Trinidad and Tobago,1960,62.505
Trinidad and Tobago,1961,62.965
Trinidad and Tobago,1962,63.429
Trinidad and Tobago,1963,63.633
Trinidad and Tobago,1964,63.978
Trinidad and Tobago,1965,64.195
Trinidad and Tobago,1966,64.316
Trinidad and Tobago,1967,64.471
Trinidad and Tobago,1968,64.626
Trinidad and Tobago,1969,64.753
Trinidad and Tobago,1970,64.869
Trinidad and Tobago,1971,64.934
Trinidad and Tobago,1972,65.183
Trinidad and Tobago,1973,65.412
Trinidad and Tobago,1974,65.512
Trinidad and Tobago,1975,65.647
Trinidad and Tobago,1976,66.032
Trinidad and Tobago,1977,66.17
Trinidad and Tobago,1978,66.198
Trinidad and Tobago,1979,66.422
Trinidad and Tobago,1980,66.507
Trinidad and Tobago,1981,66.459
Trinidad and Tobago,1982,66.382
Trinidad and Tobago,1983,66.44
Trinidad and Tobago,1984,66.556
Trinidad and Tobago,1985,66.748
Trinidad and Tobago,1986,66.903
Trinidad and Tobago,1987,67.135
Trinidad and Tobago,1988,67.379
Trinidad and Tobago,1989,67.518
Trinidad and Tobago,1990,67.591
Trinidad and Tobago,1991,67.782
Trinidad and Tobago,1992,67.78
Trinidad and Tobago,1993,67.825
Trinidad and Tobago,1994,67.837
Trinidad and Tobago,1995,67.995
Trinidad and Tobago,1996,68.039
Trinidad and Tobago,1997,68.143
Trinidad and Tobago,1998,68.331
Trinidad and Tobago,1999,68.509
Trinidad and Tobago,2000,68.629
Trinidad and Tobago,2001,68.874
Trinidad and Tobago,2002,69.232
Trinidad and Tobago,2003,69.454
Trinidad and Tobago,2004,69.879
Trinidad and Tobago,2005,70.185
Trinidad and Tobago,2006,70.437
Trinidad and Tobago,2007,70.797
Trinidad and Tobago,2008,71.117
Trinidad and Tobago,2009,71.404
Trinidad and Tobago,2010,71.809
Trinidad and Tobago,2011,72.232
Trinidad and Tobago,2012,72.513
Trinidad and Tobago,2013,72.785
Trinidad and Tobago,2014,72.898
Trinidad and Tobago,2015,72.882
Trinidad and Tobago,2016,72.935
Trinidad and Tobago,2017,72.984
Trinidad and Tobago,2018,72.658
Trinidad and Tobago,2019,72.836
Trinidad and Tobago,2020,72.645
Trinidad and Tobago,2021,71.111
Trinidad and Tobago,2022,73.331
Trinidad and Tobago,2023,73.49
Tunisia,1950,38.219
Tunisia,1951,38.717
Tunisia,1952,39.307
Tunisia,1953,39.747
Tunisia,1954,40.002
Tunisia,1955,40.762
Tunisia,1956,41.345
Tunisia,1957,42.077
Tunisia,1958,42.703
Tunisia,1959,43.356
Tunisia,1960,44.049
Tunisia,1961,44.257
Tunisia,1962,45.562
Tunisia,1963,46.412
Tunisia,1964,47.272
Tunisia,1965,48.204
Tunisia,1966,49.158
Tunisia,1967,50.157
Tunisia,1968,51.342
Tunisia,1969,52.297
Tunisia,1970,53.792
Tunisia,1971,54.906
Tunisia,1972,56.095
Tunisia,1973,57.115
Tunisia,1974,58.251
Tunisia,1975,59.306
Tunisia,1976,60.313
Tunisia,1977,61.256
Tunisia,1978,62.147
Tunisia,1979,62.929
Tunisia,1980,63.669
Tunisia,1981,64.374
Tunisia,1982,65.01
Tunisia,1983,65.696
Tunisia,1984,66.294
Tunisia,1985,66.877
Tunisia,1986,67.429
Tunisia,1987,68.011
Tunisia,1988,68.456
Tunisia,1989,68.825
Tunisia,1990,69.092
Tunisia,1991,69.398
Tunisia,1992,69.684
Tunisia,1993,69.992
Tunisia,1994,70.363
Tunisia,1995,70.785
Tunisia,1996,71.247
Tunisia,1997,71.67
Tunisia,1998,72.067
Tunisia,1999,72.344
Tunisia,2000,72.604
Tunisia,2001,72.822
Tunisia,2002,73.07
Tunisia,2003,73.304
Tunisia,2004,73.519
Tunisia,2005,73.712
Tunisia,2006,73.888
Tunisia,2007,74.039
Tunisia,2008,74.192
Tunisia,2009,74.32
Tunisia,2010,74.438
Tunisia,2011,74.471
Tunisia,2012,74.599
Tunisia,2013,74.674
Tunisia,2014,74.784
Tunisia,2015,74.875
Tunisia,2016,75.007
Tunisia,2017,75.177
Tunisia,2018,75.37
Tunisia,2019,75.599
Tunisia,2020,75.004
Tunisia,2021,72.893
Tunisia,2022,76.05
Tunisia,2023,76.508
Turkey,1950,47.292
Turkey,1951,47.604
Turkey,1952,48.121
Turkey,1953,48.201
Turkey,1954,48.802
Turkey,1955,49.062
Turkey,1956,49.474
Turkey,1957,49.225
Turkey,1958,49.228
Turkey,1959,50.137
Turkey,1960,50.799
Turkey,1961,51.558
Turkey,1962,52.347
Turkey,1963,53.12
Turkey,1964,53.6
Turkey,1965,54.105
Turkey,1966,54.57
Turkey,1967,55.183
Turkey,1968,55.639
Turkey,1969,56.179
Turkey,1970,56.702
Turkey,1971,57.223
Turkey,1972,57.971
Turkey,1973,58.455
Turkey,1974,59.019
Turkey,1975,59.513
Turkey,1976,60.014
Turkey,1977,60.846
Turkey,1978,61.614
Turkey,1979,62.161
Turkey,1980,62.739
Turkey,1981,63.194
Turkey,1982,63.74
Turkey,1983,64.269
Turkey,1984,64.81
Turkey,1985,65.344
Turkey,1986,65.87
Turkey,1987,66.379
Turkey,1988,66.902
Turkey,1989,67.365
Turkey,1990,67.835
Turkey,1991,68.287
Turkey,1992,68.603
Turkey,1993,69.018
Turkey,1994,69.402
Turkey,1995,69.734
Turkey,1996,70.245
Turkey,1997,70.668
Turkey,1998,71.144
Turkey,1999,70.752
Turkey,2000,71.931
Turkey,2001,72.271
Turkey,2002,72.605
Turkey,2003,72.906
Turkey,2004,73.223
Turkey,2005,73.51
Turkey,2006,73.804
Turkey,2007,74.129
Turkey,2008,74.38
Turkey,2009,74.679
Turkey,2010,74.964
Turkey,2011,74.823
Turkey,2012,75.552
Turkey,2013,76.171
Turkey,2014,76.452
Turkey,2015,76.539
Turkey,2016,76.595
Turkey,2017,77.037
Turkey,2018,77.454
Turkey,2019,77.737
Turkey,2020,76.525
Turkey,2021,75.722
Turkey,2022,77.591
Turkey,2023,77.156
Turkmenistan,1950,48.097
Turkmenistan,1951,48.558
Turkmenistan,1952,48.971
Turkmenistan,1953,49.365
Turkmenistan,1954,49.761
Turkmenistan,1955,50.155
Turkmenistan,1956,50.569
Turkmenistan,1957,50.97
Turkmenistan,1958,51.38
Turkmenistan,1959,51.768
Turkmenistan,1960,52.149
Turkmenistan,1961,52.51
Turkmenistan,1962,52.868
Turkmenistan,1963,53.228
Turkmenistan,1964,53.595
Turkmenistan,1965,53.986
Turkmenistan,1966,54.403
Turkmenistan,1967,54.837
Turkmenistan,1968,55.274
Turkmenistan,1969,55.69
Turkmenistan,1970,56.045
Turkmenistan,1971,56.349
Turkmenistan,1972,56.603
Turkmenistan,1973,56.836
Turkmenistan,1974,57.04
Turkmenistan,1975,57.241
Turkmenistan,1976,57.449
Turkmenistan,1977,57.689
Turkmenistan,1978,58.279
Turkmenistan,1979,59.12
Turkmenistan,1980,60.181
Turkmenistan,1981,60.983
Turkmenistan,1982,61.577
Turkmenistan,1983,61.988
Turkmenistan,1984,62.364
Turkmenistan,1985,62.803
Turkmenistan,1986,63.212
Turkmenistan,1987,63.531
Turkmenistan,1988,63.699
Turkmenistan,1989,63.782
Turkmenistan,1990,63.867
Turkmenistan,1991,63.842
Turkmenistan,1992,63.753
Turkmenistan,1993,63.586
Turkmenistan,1994,63.515
Turkmenistan,1995,63.514
Turkmenistan,1996,63.538
Turkmenistan,1997,63.667
Turkmenistan,1998,63.966
Turkmenistan,1999,64.475
Turkmenistan,2000,64.931
Turkmenistan,2001,65.325
Turkmenistan,2002,65.593
Turkmenistan,2003,65.854
Turkmenistan,2004,66.055
Turkmenistan,2005,66.275
Turkmenistan,2006,66.574
Turkmenistan,2007,67.02
Turkmenistan,2008,67.584
Turkmenistan,2009,68.155
Turkmenistan,2010,68.608
Turkmenistan,2011,68.87
Turkmenistan,2012,68.961
Turkmenistan,2013,68.968
Turkmenistan,2014,69.001
Turkmenistan,2015,69.061
Turkmenistan,2016,69.142
Turkmenistan,2017,69.19
Turkmenistan,2018,69.272
Turkmenistan,2019,69.405
Turkmenistan,2020,68.846
Turkmenistan,2021,69.353
Turkmenistan,2022,69.913
Turkmenistan,2023,70.073
Turks and Caicos Islands,1950,48.567
Turks and Caicos Islands,1951,49.444
Turks and Caicos Islands,1952,50.3
Turks and Caicos Islands,1953,51.13
Turks and Caicos Islands,1954,51.9
Turks and Caicos Islands,1955,52.673
Turks and Caicos Islands,1956,53.331
Turks and Caicos Islands,1957,54.056
Turks and Caicos Islands,1958,54.796
Turks and Caicos Islands,1959,55.561
Turks and Caicos Islands,1960,56.292
Turks and Caicos Islands,1961,57.087
Turks and Caicos Islands,1962,57.742
Turks and Caicos Islands,1963,58.426
Turks and Caicos Islands,1964,59.119
Turks and Caicos Islands,1965,59.806
Turks and Caicos Islands,1966,60.441
Turks and Caicos Islands,1967,61.039
Turks and Caicos Islands,1968,61.586
Turks and Caicos Islands,1969,62.135
Turks and Caicos Islands,1970,62.689
Turks and Caicos Islands,1971,63.256
Turks and Caicos Islands,1972,63.76
Turks and Caicos Islands,1973,64.228
Turks and Caicos Islands,1974,64.731
Turks and Caicos Islands,1975,65.201
Turks and Caicos Islands,1976,65.607
Turks and Caicos Islands,1977,66.025
Turks and Caicos Islands,1978,66.432
Turks and Caicos Islands,1979,66.772
Turks and Caicos Islands,1980,67.108
Turks and Caicos Islands,1981,67.439
Turks and Caicos Islands,1982,67.747
Turks and Caicos Islands,1983,68.069
Turks and Caicos Islands,1984,68.386
Turks and Caicos Islands,1985,68.669
Turks and Caicos Islands,1986,68.99
Turks and Caicos Islands,1987,69.3
Turks and Caicos Islands,1988,69.619
Turks and Caicos Islands,1989,69.916
Turks and Caicos Islands,1990,70.218
Turks and Caicos Islands,1991,70.54
Turks and Caicos Islands,1992,70.887
Turks and Caicos Islands,1993,71.194
Turks and Caicos Islands,1994,71.575
Turks and Caicos Islands,1995,71.948
Turks and Caicos Islands,1996,72.328
Turks and Caicos Islands,1997,72.713
Turks and Caicos Islands,1998,73.113
Turks and Caicos Islands,1999,73.531
Turks and Caicos Islands,2000,73.972
Turks and Caicos Islands,2001,74.409
Turks and Caicos Islands,2002,74.843
Turks and Caicos Islands,2003,75.262
Turks and Caicos Islands,2004,75.63
Turks and Caicos Islands,2005,75.954
Turks and Caicos Islands,2006,76.197
Turks and Caicos Islands,2007,76.427
Turks and Caicos Islands,2008,76.084
Turks and Caicos Islands,2009,76.672
Turks and Caicos Islands,2010,76.784
Turks and Caicos Islands,2011,76.87
Turks and Caicos Islands,2012,76.969
Turks and Caicos Islands,2013,77.1
Turks and Caicos Islands,2014,77.212
Turks and Caicos Islands,2015,77.321
Turks and Caicos Islands,2016,77.437
Turks and Caicos Islands,2017,77.505
Turks and Caicos Islands,2018,77.596
Turks and Caicos Islands,2019,77.691
Turks and Caicos Islands,2020,77.499
Turks and Caicos Islands,2021,77.234
Turks and Caicos Islands,2022,77.918
Turks and Caicos Islands,2023,78.008
Tuvalu,1950,40.007
Tuvalu,1951,40.835
Tuvalu,1952,41.657
Tuvalu,1953,42.452
Tuvalu,1954,43.352
Tuvalu,1955,44.175
Tuvalu,1956,45.016
Tuvalu,1957,45.847
Tuvalu,1958,46.699
Tuvalu,1959,47.497
Tuvalu,1960,48.261
Tuvalu,1961,49.02
Tuvalu,1962,49.779
Tuvalu,1963,50.58
Tuvalu,1964,51.336
Tuvalu,1965,52.086
Tuvalu,1966,52.809
Tuvalu,1967,53.481
Tuvalu,1968,54.072
Tuvalu,1969,54.73
Tuvalu,1970,55.347
Tuvalu,1971,55.971
Tuvalu,1972,54.694
Tuvalu,1973,57.197
Tuvalu,1974,57.693
Tuvalu,1975,58.253
Tuvalu,1976,58.773
Tuvalu,1977,59.201
Tuvalu,1978,59.571
Tuvalu,1979,59.879
Tuvalu,1980,60.217
Tuvalu,1981,60.489
Tuvalu,1982,60.746
Tuvalu,1983,60.938
Tuvalu,1984,61.052
Tuvalu,1985,61.137
Tuvalu,1986,61.207
Tuvalu,1987,61.286
Tuvalu,1988,61.367
Tuvalu,1989,61.506
Tuvalu,1990,61.643
Tuvalu,1991,61.809
Tuvalu,1992,60.29
Tuvalu,1993,62.11
Tuvalu,1994,62.317
Tuvalu,1995,62.505
Tuvalu,1996,62.709
Tuvalu,1997,62.942
Tuvalu,1998,63.162
Tuvalu,1999,63.346
Tuvalu,2000,63.536
Tuvalu,2001,63.709
Tuvalu,2002,63.825
Tuvalu,2003,63.897
Tuvalu,2004,63.989
Tuvalu,2005,64.096
Tuvalu,2006,64.247
Tuvalu,2007,64.402
Tuvalu,2008,64.516
Tuvalu,2009,64.693
Tuvalu,2010,64.834
Tuvalu,2011,64.96
Tuvalu,2012,65.079
Tuvalu,2013,65.171
Tuvalu,2014,65.278
Tuvalu,2015,65.365
Tuvalu,2016,65.51
Tuvalu,2017,65.683
Tuvalu,2018,65.871
Tuvalu,2019,66.109
Tuvalu,2020,66.357
Tuvalu,2021,65.824
Tuvalu,2022,66.852
Tuvalu,2023,67.105
Uganda,1950,39.707
Uganda,1951,40.219
Uganda,1952,40.754
Uganda,1953,41.295
Uganda,1954,41.84
Uganda,1955,42.419
Uganda,1956,43.016
Uganda,1957,43.653
Uganda,1958,44.311
Uganda,1959,44.953
Uganda,1960,45.633
Uganda,1961,46.271
Uganda,1962,46.821
Uganda,1963,47.378
Uganda,1964,47.846
Uganda,1965,48.303
Uganda,1966,48.463
Uganda,1967,49.006
Uganda,1968,49.285
Uganda,1969,49.505
Uganda,1970,49.621
Uganda,1971,47.147
Uganda,1972,47.162
Uganda,1973,46.992
Uganda,1974,46.861
Uganda,1975,46.517
Uganda,1976,46.169
Uganda,1977,45.84
Uganda,1978,45.596
Uganda,1979,45.385
Uganda,1980,43.453
Uganda,1981,43.456
Uganda,1982,43.309
Uganda,1983,43.489
Uganda,1984,43.706
Uganda,1985,45.496
Uganda,1986,45.651
Uganda,1987,47.36
Uganda,1988,47.476
Uganda,1989,47.488
Uganda,1990,47.561
Uganda,1991,47.549
Uganda,1992,47.671
Uganda,1993,47.681
Uganda,1994,47.675
Uganda,1995,47.706
Uganda,1996,47.759
Uganda,1997,48.026
Uganda,1998,48.263
Uganda,1999,48.977
Uganda,2000,49.64
Uganda,2001,50.576
Uganda,2002,51.443
Uganda,2003,52.414
Uganda,2004,53.699
Uganda,2005,54.926
Uganda,2006,56.118
Uganda,2007,57.248
Uganda,2008,58.253
Uganda,2009,59.157
Uganda,2010,59.959
Uganda,2011,60.791
Uganda,2012,61.579
Uganda,2013,62.353
Uganda,2014,63.057
Uganda,2015,63.831
Uganda,2016,64.494
Uganda,2017,65.174
Uganda,2018,65.775
Uganda,2019,66.354
Uganda,2020,66.41
Uganda,2021,66.45
Uganda,2022,67.675
Uganda,2023,68.252
Ukraine,1950,61.174
Ukraine,1951,61.364
Ukraine,1952,62.066
Ukraine,1953,63.022
Ukraine,1954,64.126
Ukraine,1955,65.258
Ukraine,1956,66.26
Ukraine,1957,67.171
Ukraine,1958,67.727
Ukraine,1959,68.692
Ukraine,1960,69.388
Ukraine,1961,70.044
Ukraine,1962,70.401
Ukraine,1963,70.683
Ukraine,1964,70.972
Ukraine,1965,71.143
Ukraine,1966,71.163
Ukraine,1967,71.115
Ukraine,1968,70.968
Ukraine,1969,70.828
Ukraine,1970,70.844
Ukraine,1971,70.872
Ukraine,1972,70.966
Ukraine,1973,70.822
Ukraine,1974,70.627
Ukraine,1975,70.361
Ukraine,1976,70.144
Ukraine,1977,70.007
Ukraine,1978,69.839
Ukraine,1979,69.775
Ukraine,1980,69.759
Ukraine,1981,69.816
Ukraine,1982,69.902
Ukraine,1983,69.948
Ukraine,1984,69.992
Ukraine,1985,70.409
Ukraine,1986,70.833
Ukraine,1987,71.179
Ukraine,1988,71.04
Ukraine,1989,70.839
Ukraine,1990,70.354
Ukraine,1991,69.688
Ukraine,1992,68.947
Ukraine,1993,68.287
Ukraine,1994,67.534
Ukraine,1995,67.114
Ukraine,1996,67.097
Ukraine,1997,67.658
Ukraine,1998,67.993
Ukraine,1999,68.004
Ukraine,2000,67.786
Ukraine,2001,67.675
Ukraine,2002,67.699
Ukraine,2003,67.638
Ukraine,2004,67.472
Ukraine,2005,67.517
Ukraine,2006,67.49
Ukraine,2007,67.715
Ukraine,2008,68.262
Ukraine,2009,69.159
Ukraine,2010,70.188
Ukraine,2011,70.711
Ukraine,2012,71.09
Ukraine,2013,71.474
Ukraine,2014,71.803
Ukraine,2015,72.686
Ukraine,2016,73.389
Ukraine,2017,73.993
Ukraine,2018,73.569
Ukraine,2019,73.92
Ukraine,2020,73.283
Ukraine,2021,71.631
Ukraine,2022,72.658
Ukraine,2023,73.422
United Arab Emirates,1950,42.148
United Arab Emirates,1951,42.886
United Arab Emirates,1952,43.635
United Arab Emirates,1953,44.407
United Arab Emirates,1954,45.209
United Arab Emirates,1955,46.048
United Arab Emirates,1956,46.925
United Arab Emirates,1957,47.831
United Arab Emirates,1958,48.759
United Arab Emirates,1959,49.701
United Arab Emirates,1960,50.651
United Arab Emirates,1961,51.596
United Arab Emirates,1962,52.546
United Arab Emirates,1963,53.509
United Arab Emirates,1964,54.495
United Arab Emirates,1965,55.512
United Arab Emirates,1966,56.572
United Arab Emirates,1967,57.648
United Arab Emirates,1968,58.727
United Arab Emirates,1969,59.764
United Arab Emirates,1970,60.78
United Arab Emirates,1971,61.753
United Arab Emirates,1972,62.675
United Arab Emirates,1973,63.542
United Arab Emirates,1974,64.351
United Arab Emirates,1975,65.105
United Arab Emirates,1976,65.806
United Arab Emirates,1977,66.471
United Arab Emirates,1978,67.083
United Arab Emirates,1979,67.645
United Arab Emirates,1980,68.157
United Arab Emirates,1981,68.622
United Arab Emirates,1982,69.056
United Arab Emirates,1983,69.448
United Arab Emirates,1984,69.802
United Arab Emirates,1985,70.123
United Arab Emirates,1986,70.41
United Arab Emirates,1987,70.623
United Arab Emirates,1988,70.808
United Arab Emirates,1989,70.96
United Arab Emirates,1990,71.074
United Arab Emirates,1991,71.144
United Arab Emirates,1992,71.166
United Arab Emirates,1993,71.159
United Arab Emirates,1994,71.204
United Arab Emirates,1995,71.392
United Arab Emirates,1996,71.82
United Arab Emirates,1997,72.559
United Arab Emirates,1998,73.66
United Arab Emirates,1999,74.982
United Arab Emirates,2000,76.347
United Arab Emirates,2001,77.621
United Arab Emirates,2002,78.721
United Arab Emirates,2003,79.6
United Arab Emirates,2004,80.272
United Arab Emirates,2005,80.779
United Arab Emirates,2006,81.155
United Arab Emirates,2007,81.438
United Arab Emirates,2008,81.591
United Arab Emirates,2009,81.679
United Arab Emirates,2010,81.886
United Arab Emirates,2011,81.898
United Arab Emirates,2012,81.913
United Arab Emirates,2013,81.95
United Arab Emirates,2014,81.99
United Arab Emirates,2015,82.076
United Arab Emirates,2016,82.195
United Arab Emirates,2017,82.388
United Arab Emirates,2018,82.449
United Arab Emirates,2019,82.596
United Arab Emirates,2020,81.936
United Arab Emirates,2021,79.083
United Arab Emirates,2022,80.487
United Arab Emirates,2023,82.909
United Kingdom,1950,68.631
United Kingdom,1951,68.239
United Kingdom,1952,69.527
United Kingdom,1953,69.805
United Kingdom,1954,70.171
United Kingdom,1955,70.134
United Kingdom,1956,70.406
United Kingdom,1957,70.525
United Kingdom,1958,70.705
United Kingdom,1959,70.828
United Kingdom,1960,71.025
United Kingdom,1961,70.79
United Kingdom,1962,70.858
United Kingdom,1963,70.761
United Kingdom,1964,71.541
United Kingdom,1965,71.516
United Kingdom,1966,71.433
United Kingdom,1967,72.071
United Kingdom,1968,71.684
United Kingdom,1969,71.662
United Kingdom,1970,71.882
United Kingdom,1971,72.234
United Kingdom,1972,71.988
United Kingdom,1973,72.185
United Kingdom,1974,72.376
United Kingdom,1975,72.65
United Kingdom,1976,72.634
United Kingdom,1977,73.111
United Kingdom,1978,73.043
United Kingdom,1979,73.161
United Kingdom,1980,73.591
United Kingdom,1981,73.916
United Kingdom,1982,74.039
United Kingdom,1983,74.293
United Kingdom,1984,74.674
United Kingdom,1985,74.536
United Kingdom,1986,74.795
United Kingdom,1987,75.147
United Kingdom,1988,75.259
United Kingdom,1989,75.397
United Kingdom,1990,75.738
United Kingdom,1991,75.911
United Kingdom,1992,76.307
United Kingdom,1993,76.16
United Kingdom,1994,76.72
United Kingdom,1995,76.614
United Kingdom,1996,76.872
United Kingdom,1997,77.139
United Kingdom,1998,77.275
United Kingdom,1999,77.373
United Kingdom,2000,77.849
United Kingdom,2001,78.121
United Kingdom,2002,78.237
United Kingdom,2003,78.33
United Kingdom,2004,78.9
United Kingdom,2005,79.106
United Kingdom,2006,79.347
United Kingdom,2007,79.534
United Kingdom,2008,79.655
United Kingdom,2009,80.156
United Kingdom,2010,80.391
United Kingdom,2011,80.796
United Kingdom,2012,80.859
United Kingdom,2013,80.923
United Kingdom,2014,81.153
United Kingdom,2015,80.919
United Kingdom,2016,81.067
United Kingdom,2017,81.164
United Kingdom,2018,81.123
United Kingdom,2019,81.443
United Kingdom,2020,80.385
United Kingdom,2021,80.708
United Kingdom,2022,81.074
United Kingdom,2023,81.302
United States,1950,68.067
United States,1951,68.174
United States,1952,68.38
United States,1953,68.711
United States,1954,69.5
United States,1955,69.557
United States,1956,69.643
United States,1957,69.418
United States,1958,69.673
United States,1959,69.904
United States,1960,69.829
United States,1961,70.254
United States,1962,70.116
United States,1963,69.943
United States,1964,70.199
United States,1965,70.249
United States,1966,70.21
United States,1967,70.52
United States,1968,70.2
United States,1969,70.476
United States,1970,70.734
United States,1971,71.098
United States,1972,71.178
United States,1973,71.397
United States,1974,71.959
United States,1975,72.543
United States,1976,72.845
United States,1977,73.227
United States,1978,73.409
United States,1979,73.833
United States,1980,73.73
United States,1981,74.117
United States,1982,74.463
United States,1983,74.553
United States,1984,74.675
United States,1985,74.65
United States,1986,74.728
United States,1987,74.86
United States,1988,74.833
United States,1989,75.109
United States,1990,75.374
United States,1991,75.524
United States,1992,75.779
United States,1993,75.568
United States,1994,75.738
United States,1995,75.852
United States,1996,76.175
United States,1997,76.498
United States,1998,76.659
United States,1999,76.669
United States,2000,76.806
United States,2001,76.919
United States,2002,76.988
United States,2003,77.137
United States,2004,77.535
United States,2005,77.526
United States,2006,77.798
United States,2007,78.047
United States,2008,78.127
United States,2009,78.476
United States,2010,78.668
United States,2011,78.702
United States,2012,78.817
United States,2013,78.817
United States,2014,78.879
United States,2015,78.722
United States,2016,78.686
United States,2017,78.648
United States,2018,78.8
United States,2019,78.916
United States,2020,77.011
United States,2021,76.384
United States,2022,77.979
United States,2023,79.304
United States Virgin Islands,1950,59.902
United States Virgin Islands,1951,57.111
United States Virgin Islands,1952,58.882
United States Virgin Islands,1953,61.453
United States Virgin Islands,1954,63.814
United States Virgin Islands,1955,62.939
United States Virgin Islands,1956,60.946
United States Virgin Islands,1957,61.843
United States Virgin Islands,1958,64.567
United States Virgin Islands,1959,61.81
United States Virgin Islands,1960,62.652
United States Virgin Islands,1961,63.225
United States Virgin Islands,1962,62.776
United States Virgin Islands,1963,61.522
United States Virgin Islands,1964,64.22
United States Virgin Islands,1965,64.77
United States Virgin Islands,1966,63.729
United States Virgin Islands,1967,64.451
United States Virgin Islands,1968,65.168
United States Virgin Islands,1969,65.807
United States Virgin Islands,1970,66.429
United States Virgin Islands,1971,67.019
United States Virgin Islands,1972,65.546
United States Virgin Islands,1973,67.039
United States Virgin Islands,1974,67.34
United States Virgin Islands,1975,67.637
United States Virgin Islands,1976,67.853
United States Virgin Islands,1977,68.074
United States Virgin Islands,1978,68.285
United States Virgin Islands,1979,68.506
United States Virgin Islands,1980,68.744
United States Virgin Islands,1981,68.92
United States Virgin Islands,1982,69.127
United States Virgin Islands,1983,69.354
United States Virgin Islands,1984,69.539
United States Virgin Islands,1985,69.682
United States Virgin Islands,1986,69.965
United States Virgin Islands,1987,70.194
United States Virgin Islands,1988,70.4
United States Virgin Islands,1989,70.53
United States Virgin Islands,1990,70.681
United States Virgin Islands,1991,70.809
United States Virgin Islands,1992,70.969
United States Virgin Islands,1993,71.09
United States Virgin Islands,1994,71.24
United States Virgin Islands,1995,71.189
United States Virgin Islands,1996,71.601
United States Virgin Islands,1997,70.908
United States Virgin Islands,1998,71.264
United States Virgin Islands,1999,71.109
United States Virgin Islands,2000,71.805
United States Virgin Islands,2001,72.218
United States Virgin Islands,2002,72.054
United States Virgin Islands,2003,72.007
United States Virgin Islands,2004,71.829
United States Virgin Islands,2005,72.235
United States Virgin Islands,2006,72.479
United States Virgin Islands,2007,72.587
United States Virgin Islands,2008,72.657
United States Virgin Islands,2009,72.919
United States Virgin Islands,2010,73.235
United States Virgin Islands,2011,73.403
United States Virgin Islands,2012,73.696
United States Virgin Islands,2013,73.947
United States Virgin Islands,2014,74.198
United States Virgin Islands,2015,74.31
United States Virgin Islands,2016,74.424
United States Virgin Islands,2017,74.372
United States Virgin Islands,2018,74.682
United States Virgin Islands,2019,74.876
United States Virgin Islands,2020,74.714
United States Virgin Islands,2021,74.613
United States Virgin Islands,2022,75.045
United States Virgin Islands,2023,75.472
Upper-middle-income countries,1950,45.432
Upper-middle-income countries,1951,46.094
Upper-middle-income countries,1952,46.981
Upper-middle-income countries,1953,47.648
Upper-middle-income countries,1954,48.481
Upper-middle-income countries,1955,49.094
Upper-middle-income countries,1956,49.904
Upper-middle-income countries,1957,50.416
Upper-middle-income countries,1958,50.979
Upper-middle-income countries,1959,45.716
Upper-middle-income countries,1960,41.6
Upper-middle-income countries,1961,46.558
Upper-middle-income countries,1962,53.132
Upper-middle-income countries,1963,53.812
Upper-middle-income countries,1964,54.422
Upper-middle-income countries,1965,54.252
Upper-middle-income countries,1966,55.316
Upper-middle-income countries,1967,56.078
Upper-middle-income countries,1968,56.687
Upper-middle-income countries,1969,57.26
Upper-middle-income countries,1970,57.85
Upper-middle-income countries,1971,58.637
Upper-middle-income countries,1972,59.295
Upper-middle-income countries,1973,59.986
Upper-middle-income countries,1974,60.538
Upper-middle-income countries,1975,61.044
Upper-middle-income countries,1976,61.305
Upper-middle-income countries,1977,62.149
Upper-middle-income countries,1978,62.643
Upper-middle-income countries,1979,63.1
Upper-middle-income countries,1980,63.508
Upper-middle-income countries,1981,63.978
Upper-middle-income countries,1982,64.46
Upper-middle-income countries,1983,64.928
Upper-middle-income countries,1984,65.303
Upper-middle-income countries,1985,65.744
Upper-middle-income countries,1986,66.341
Upper-middle-income countries,1987,66.702
Upper-middle-income countries,1988,66.923
Upper-middle-income countries,1989,67.253
Upper-middle-income countries,1990,67.435
Upper-middle-income countries,1991,67.782
Upper-middle-income countries,1992,67.978
Upper-middle-income countries,1993,68.034
Upper-middle-income countries,1994,68.188
Upper-middle-income countries,1995,68.603
Upper-middle-income countries,1996,69.091
Upper-middle-income countries,1997,69.508
Upper-middle-income countries,1998,69.831
Upper-middle-income countries,1999,69.931
Upper-middle-income countries,2000,70.185
Upper-middle-income countries,2001,70.474
Upper-middle-income countries,2002,70.707
Upper-middle-income countries,2003,70.951
Upper-middle-income countries,2004,71.077
Upper-middle-income countries,2005,71.589
Upper-middle-income countries,2006,71.983
Upper-middle-income countries,2007,72.4
Upper-middle-income countries,2008,72.617
Upper-middle-income countries,2009,73.079
Upper-middle-income countries,2010,73.349
Upper-middle-income countries,2011,73.741
Upper-middle-income countries,2012,74.089
Upper-middle-income countries,2013,74.38
Upper-middle-income countries,2014,74.638
Upper-middle-income countries,2015,74.906
Upper-middle-income countries,2016,75.103
Upper-middle-income countries,2017,75.295
Upper-middle-income countries,2018,75.624
Upper-middle-income countries,2019,75.823
Upper-middle-income countries,2020,75.031
Upper-middle-income countries,2021,74.338
Upper-middle-income countries,2022,75.731
Upper-middle-income countries,2023,75.881
Uruguay,1950,65.574
Uruguay,1951,65.841
Uruguay,1952,66.056
Uruguay,1953,66.26
Uruguay,1954,66.475
Uruguay,1955,66.691
Uruguay,1956,66.907
Uruguay,1957,67.118
Uruguay,1958,67.329
Uruguay,1959,67.53
Uruguay,1960,67.683
Uruguay,1961,67.81
Uruguay,1962,67.911
Uruguay,1963,68.023
Uruguay,1964,68.112
Uruguay,1965,68.2
Uruguay,1966,68.302
Uruguay,1967,68.407
Uruguay,1968,68.514
Uruguay,1969,68.581
Uruguay,1970,68.734
Uruguay,1971,68.926
Uruguay,1972,69.169
Uruguay,1973,69.348
Uruguay,1974,69.524
Uruguay,1975,69.705
Uruguay,1976,69.887
Uruguay,1977,70.081
Uruguay,1978,70.265
Uruguay,1979,70.255
Uruguay,1980,70.505
Uruguay,1981,70.952
Uruguay,1982,71.528
Uruguay,1983,71.595
Uruguay,1984,71.708
Uruguay,1985,71.861
Uruguay,1986,72.187
Uruguay,1987,72.196
Uruguay,1988,72.408
Uruguay,1989,72.628
Uruguay,1990,72.994
Uruguay,1991,73.198
Uruguay,1992,73.185
Uruguay,1993,73.147
Uruguay,1994,73.162
Uruguay,1995,73.493
Uruguay,1996,73.812
Uruguay,1997,73.92
Uruguay,1998,74.029
Uruguay,1999,74.293
Uruguay,2000,74.693
Uruguay,2001,74.987
Uruguay,2002,74.979
Uruguay,2003,75.086
Uruguay,2004,75.319
Uruguay,2005,75.829
Uruguay,2006,75.888
Uruguay,2007,76.15
Uruguay,2008,76.275
Uruguay,2009,76.67
Uruguay,2010,76.691
Uruguay,2011,76.614
Uruguay,2012,76.691
Uruguay,2013,76.953
Uruguay,2014,77.194
Uruguay,2015,77.285
Uruguay,2016,77.351
Uruguay,2017,77.618
Uruguay,2018,77.527
Uruguay,2019,77.503
Uruguay,2020,78.381
Uruguay,2021,75.434
Uruguay,2022,76.468
Uruguay,2023,78.138
Uzbekistan,1950,53.343
Uzbekistan,1951,53.657
Uzbekistan,1952,53.96
Uzbekistan,1953,54.26
Uzbekistan,1954,54.562
Uzbekistan,1955,54.873
Uzbekistan,1956,55.19
Uzbekistan,1957,55.515
Uzbekistan,1958,55.851
Uzbekistan,1959,56.192
Uzbekistan,1960,56.539
Uzbekistan,1961,56.874
Uzbekistan,1962,57.218
Uzbekistan,1963,57.564
Uzbekistan,1964,57.922
Uzbekistan,1965,58.277
Uzbekistan,1966,58.633
Uzbekistan,1967,58.993
Uzbekistan,1968,59.355
Uzbekistan,1969,59.715
Uzbekistan,1970,60.072
Uzbekistan,1971,60.417
Uzbekistan,1972,60.75
Uzbekistan,1973,61.058
Uzbekistan,1974,61.355
Uzbekistan,1975,61.632
Uzbekistan,1976,61.903
Uzbekistan,1977,62.173
Uzbekistan,1978,62.44
Uzbekistan,1979,62.707
Uzbekistan,1980,62.981
Uzbekistan,1981,63.223
Uzbekistan,1982,63.465
Uzbekistan,1983,63.75
Uzbekistan,1984,64.108
Uzbekistan,1985,64.574
Uzbekistan,1986,65.027
Uzbekistan,1987,65.486
Uzbekistan,1988,65.757
Uzbekistan,1989,65.844
Uzbekistan,1990,65.772
Uzbekistan,1991,65.529
Uzbekistan,1992,65.236
Uzbekistan,1993,64.924
Uzbekistan,1994,64.681
Uzbekistan,1995,64.67
Uzbekistan,1996,64.78
Uzbekistan,1997,65.028
Uzbekistan,1998,65.169
Uzbekistan,1999,65.307
Uzbekistan,2000,65.456
Uzbekistan,2001,65.853
Uzbekistan,2002,66.376
Uzbekistan,2003,66.852
Uzbekistan,2004,67.203
Uzbekistan,2005,67.481
Uzbekistan,2006,67.905
Uzbekistan,2007,68.483
Uzbekistan,2008,69.035
Uzbekistan,2009,69.517
Uzbekistan,2010,69.836
Uzbekistan,2011,70.143
Uzbekistan,2012,70.411
Uzbekistan,2013,70.692
Uzbekistan,2014,70.973
Uzbekistan,2015,71.33
Uzbekistan,2016,71.58
Uzbekistan,2017,71.737
Uzbekistan,2018,71.999
Uzbekistan,2019,72.093
Uzbekistan,2020,71.461
Uzbekistan,2021,71.681
Uzbekistan,2022,72.147
Uzbekistan,2023,72.388
Vanuatu,1950,43.926
Vanuatu,1951,42.189
Vanuatu,1952,45.281
Vanuatu,1953,45.822
Vanuatu,1954,46.479
Vanuatu,1955,47.099
Vanuatu,1956,47.672
Vanuatu,1957,48.202
Vanuatu,1958,48.747
Vanuatu,1959,49.292
Vanuatu,1960,49.841
Vanuatu,1961,50.384
Vanuatu,1962,50.931
Vanuatu,1963,51.485
Vanuatu,1964,51.969
Vanuatu,1965,52.527
Vanuatu,1966,53.09
Vanuatu,1967,53.667
Vanuatu,1968,54.23
Vanuatu,1969,54.761
Vanuatu,1970,55.311
Vanuatu,1971,55.88
Vanuatu,1972,56.372
Vanuatu,1973,57.001
Vanuatu,1974,57.572
Vanuatu,1975,58.133
Vanuatu,1976,58.664
Vanuatu,1977,59.247
Vanuatu,1978,59.881
Vanuatu,1979,60.893
Vanuatu,1980,61.322
Vanuatu,1981,61.95
Vanuatu,1982,62.54
Vanuatu,1983,63.075
Vanuatu,1984,63.519
Vanuatu,1985,63.927
Vanuatu,1986,64.618
Vanuatu,1987,64.439
Vanuatu,1988,65.699
Vanuatu,1989,66.023
Vanuatu,1990,66.684
Vanuatu,1991,67.114
Vanuatu,1992,67.433
Vanuatu,1993,67.724
Vanuatu,1994,67.984
Vanuatu,1995,68.104
Vanuatu,1996,68.176
Vanuatu,1997,68.309
Vanuatu,1998,68.372
Vanuatu,1999,67.924
Vanuatu,2000,68.586
Vanuatu,2001,68.722
Vanuatu,2002,68.836
Vanuatu,2003,68.933
Vanuatu,2004,68.985
Vanuatu,2005,69.166
Vanuatu,2006,69.126
Vanuatu,2007,69.144
Vanuatu,2008,69.302
Vanuatu,2009,69.422
Vanuatu,2010,69.57
Vanuatu,2011,69.729
Vanuatu,2012,69.898
Vanuatu,2013,69.986
Vanuatu,2014,70.043
Vanuatu,2015,70.163
Vanuatu,2016,70.397
Vanuatu,2017,70.5
Vanuatu,2018,70.626
Vanuatu,2019,70.783
Vanuatu,2020,70.385
Vanuatu,2021,69.952
Vanuatu,2022,71.302
Vanuatu,2023,71.477
Vatican,1950,65.854
Vatican,1951,65.254
Vatican,1952,65.706
Vatican,1953,66.259
Vatican,1954,67.485
Vatican,1955,67.81
Vatican,1956,67.306
Vatican,1957,67.543
Vatican,1958,68.73
Vatican,1959,69.241
Vatican,1960,69.189
Vatican,1961,69.802
Vatican,1962,69.223
Vatican,1963,69.303
Vatican,1964,70.269
Vatican,1965,70.135
Vatican,1966,70.883
Vatican,1967,70.895
Vatican,1968,70.703
Vatican,1969,70.665
Vatican,1970,71.479
Vatican,1971,71.743
Vatican,1972,71.972
Vatican,1973,71.943
Vatican,1974,72.651
Vatican,1975,72.59
Vatican,1976,72.929
Vatican,1977,73.295
Vatican,1978,73.739
Vatican,1979,73.991
Vatican,1980,74.129
Vatican,1981,74.318
Vatican,1982,74.782
Vatican,1983,74.655
Vatican,1984,75.063
Vatican,1985,75.456
Vatican,1986,75.749
Vatican,1987,76.197
Vatican,1988,76.371
Vatican,1989,76.793
Vatican,1990,76.902
Vatican,1991,76.922
Vatican,1992,77.316
Vatican,1993,77.019
Vatican,1994,77.657
Vatican,1995,77.802
Vatican,1996,78.509
Vatican,1997,78.194
Vatican,1998,78.34
Vatican,1999,78.668
Vatican,2000,79.337
Vatican,2001,79.85
Vatican,2002,79.953
Vatican,2003,79.846
Vatican,2004,80.191
Vatican,2005,80.647
Vatican,2006,81.224
Vatican,2007,81.298
Vatican,2008,81.373
Vatican,2009,81.301
Vatican,2010,81.541
Vatican,2011,81.707
Vatican,2012,81.981
Vatican,2013,82.474
Vatican,2014,82.628
Vatican,2015,82.464
Vatican,2016,82.876
Vatican,2017,82.719
Vatican,2018,83.313
Vatican,2019,83.624
Vatican,2020,82.986
Vatican,2021,82.946
Vatican,2022,83.335
Vatican,2023,82.985
Venezuela,1950,51.142
Venezuela,1951,51.989
Venezuela,1952,52.692
Venezuela,1953,53.4
Venezuela,1954,54.102
Venezuela,1955,54.778
Venezuela,1956,55.505
Venezuela,1957,56.218
Venezuela,1958,56.944
Venezuela,1959,57.685
Venezuela,1960,58.376
Venezuela,1961,59.115
Venezuela,1962,59.667
Venezuela,1963,60.502
Venezuela,1964,61.168
Venezuela,1965,61.909
Venezuela,1966,62.894
Venezuela,1967,63.55
Venezuela,1968,63.908
Venezuela,1969,63.84
Venezuela,1970,64.816
Venezuela,1971,65.184
Venezuela,1972,65.555
Venezuela,1973,65.74
Venezuela,1974,66.223
Venezuela,1975,66.686
Venezuela,1976,67.266
Venezuela,1977,67.726
Venezuela,1978,68.108
Venezuela,1979,68.226
Venezuela,1980,68.179
Venezuela,1981,68.697
Venezuela,1982,68.985
Venezuela,1983,69.541
Venezuela,1984,69.672
Venezuela,1985,69.961
Venezuela,1986,70.528
Venezuela,1987,70.673
Venezuela,1988,70.762
Venezuela,1989,70.805
Venezuela,1990,70.964
Venezuela,1991,71.172
Venezuela,1992,71.177
Venezuela,1993,71.385
Venezuela,1994,71.283
Venezuela,1995,71.714
Venezuela,1996,71.92
Venezuela,1997,72.56
Venezuela,1998,72.446
Venezuela,1999,72.088
Venezuela,2000,72.388
Venezuela,2001,71.019
Venezuela,2002,72.823
Venezuela,2003,72.056
Venezuela,2004,72.752
Venezuela,2005,73.075
Venezuela,2006,72.972
Venezuela,2007,73.348
Venezuela,2008,72.578
Venezuela,2009,72.785
Venezuela,2010,73.092
Venezuela,2011,73.09
Venezuela,2012,73.086
Venezuela,2013,73.076
Venezuela,2014,72.837
Venezuela,2015,73.004
Venezuela,2016,72.002
Venezuela,2017,71.903
Venezuela,2018,72.641
Venezuela,2019,72.766
Venezuela,2020,72.369
Venezuela,2021,71.536
Venezuela,2022,72.566
Venezuela,2023,72.514
Vietnam,1950,48.041
Vietnam,1951,48.7
Vietnam,1952,49.377
Vietnam,1953,49.959
Vietnam,1954,52.003
Vietnam,1955,54.826
Vietnam,1956,55.535
Vietnam,1957,56.167
Vietnam,1958,56.798
Vietnam,1959,57.398
Vietnam,1960,58.046
Vietnam,1961,58.461
Vietnam,1962,58.204
Vietnam,1963,56.897
Vietnam,1964,57.473
Vietnam,1965,56.967
Vietnam,1966,56.914
Vietnam,1967,56.745
Vietnam,1968,52.668
Vietnam,1969,54.791
Vietnam,1970,54.93
Vietnam,1971,55.585
Vietnam,1972,51.913
Vietnam,1973,55.677
Vietnam,1974,54.751
Vietnam,1975,61.865
Vietnam,1976,63.669
Vietnam,1977,64.07
Vietnam,1978,64.529
Vietnam,1979,64.986
Vietnam,1980,65.338
Vietnam,1981,65.779
Vietnam,1982,66.212
Vietnam,1983,66.545
Vietnam,1984,66.929
Vietnam,1985,67.192
Vietnam,1986,67.55
Vietnam,1987,68.005
Vietnam,1988,68.585
Vietnam,1989,68.805
Vietnam,1990,69.027
Vietnam,1991,69.303
Vietnam,1992,69.62
Vietnam,1993,69.957
Vietnam,1994,70.379
Vietnam,1995,70.871
Vietnam,1996,71.296
Vietnam,1997,71.67
Vietnam,1998,72.283
Vietnam,1999,72.575
Vietnam,2000,72.746
Vietnam,2001,72.984
Vietnam,2002,73.138
Vietnam,2003,73.236
Vietnam,2004,73.062
Vietnam,2005,73.198
Vietnam,2006,73.293
Vietnam,2007,73.385
Vietnam,2008,73.455
Vietnam,2009,73.525
Vietnam,2010,73.611
Vietnam,2011,73.713
Vietnam,2012,73.762
Vietnam,2013,73.821
Vietnam,2014,73.886
Vietnam,2015,73.955
Vietnam,2016,73.984
Vietnam,2017,74.026
Vietnam,2018,74.1
Vietnam,2019,74.211
Vietnam,2020,75.383
Vietnam,2021,74.145
Vietnam,2022,74.502
Vietnam,2023,74.588
Wallis and Futuna,1950,44.133
Wallis and Futuna,1951,44.255
Wallis and Futuna,1952,44.403
Wallis and Futuna,1953,44.681
Wallis and Futuna,1954,45.007
Wallis and Futuna,1955,45.348
Wallis and Futuna,1956,45.719
Wallis and Futuna,1957,46.096
Wallis and Futuna,1958,46.484
Wallis and Futuna,1959,46.878
Wallis and Futuna,1960,47.286
Wallis and Futuna,1961,47.712
Wallis and Futuna,1962,48.17
Wallis and Futuna,1963,48.639
Wallis and Futuna,1964,49.114
Wallis and Futuna,1965,49.598
Wallis and Futuna,1966,50.053
Wallis and Futuna,1967,50.568
Wallis and Futuna,1968,51.127
Wallis and Futuna,1969,51.709
Wallis and Futuna,1970,52.3
Wallis and Futuna,1971,52.891
Wallis and Futuna,1972,53.5
Wallis and Futuna,1973,54.137
Wallis and Futuna,1974,54.809
Wallis and Futuna,1975,55.49
Wallis and Futuna,1976,56.179
Wallis and Futuna,1977,56.933
Wallis and Futuna,1978,57.703
Wallis and Futuna,1979,58.473
Wallis and Futuna,1980,59.299
Wallis and Futuna,1981,60.144
Wallis and Futuna,1982,60.983
Wallis and Futuna,1983,61.896
Wallis and Futuna,1984,62.897
Wallis and Futuna,1985,63.974
Wallis and Futuna,1986,65.042
Wallis and Futuna,1987,66.476
Wallis and Futuna,1988,67.783
Wallis and Futuna,1989,68.944
Wallis and Futuna,1990,69.919
Wallis and Futuna,1991,70.585
Wallis and Futuna,1992,71.132
Wallis and Futuna,1993,70.593
Wallis and Futuna,1994,71.997
Wallis and Futuna,1995,72.495
Wallis and Futuna,1996,73.128
Wallis and Futuna,1997,73.835
Wallis and Futuna,1998,74.522
Wallis and Futuna,1999,75.016
Wallis and Futuna,2000,75.39
Wallis and Futuna,2001,75.645
Wallis and Futuna,2002,75.721
Wallis and Futuna,2003,75.761
Wallis and Futuna,2004,75.934
Wallis and Futuna,2005,76.141
Wallis and Futuna,2006,76.317
Wallis and Futuna,2007,76.542
Wallis and Futuna,2008,76.718
Wallis and Futuna,2009,76.789
Wallis and Futuna,2010,76.809
Wallis and Futuna,2011,76.929
Wallis and Futuna,2012,77.047
Wallis and Futuna,2013,77.157
Wallis and Futuna,2014,77.286
Wallis and Futuna,2015,77.45
Wallis and Futuna,2016,77.545
Wallis and Futuna,2017,77.628
Wallis and Futuna,2018,77.763
Wallis and Futuna,2019,77.994
Wallis and Futuna,2020,78.164
Wallis and Futuna,2021,77.461
Wallis and Futuna,2022,78.501
Wallis and Futuna,2023,78.629
Western Sahara,1950,34.927
Western Sahara,1951,35.291
Western Sahara,1952,35.654
Western Sahara,1953,36.018
Western Sahara,1954,36.396
Western Sahara,1955,36.78
Western Sahara,1956,37.169
Western Sahara,1957,37.556
Western Sahara,1958,37.94
Western Sahara,1959,38.321
Western Sahara,1960,38.698
Western Sahara,1961,39.075
Western Sahara,1962,39.46
Western Sahara,1963,39.84
Western Sahara,1964,40.214
Western Sahara,1965,40.583
Western Sahara,1966,40.953
Western Sahara,1967,41.347
Western Sahara,1968,41.757
Western Sahara,1969,42.194
Western Sahara,1970,42.662
Western Sahara,1971,42.925
Western Sahara,1972,43.541
Western Sahara,1973,44.208
Western Sahara,1974,44.951
Western Sahara,1975,35.957
Western Sahara,1976,36.264
Western Sahara,1977,38.265
Western Sahara,1978,40.398
Western Sahara,1979,37.545
Western Sahara,1980,39.399
Western Sahara,1981,44.181
Western Sahara,1982,45.218
Western Sahara,1983,46.119
Western Sahara,1984,46.944
Western Sahara,1985,47.758
Western Sahara,1986,48.538
Western Sahara,1987,48.847
Western Sahara,1988,52.091
Western Sahara,1989,51.445
Western Sahara,1990,57.661
Western Sahara,1991,58.191
Western Sahara,1992,58.713
Western Sahara,1993,59.224
Western Sahara,1994,59.744
Western Sahara,1995,60.244
Western Sahara,1996,60.72
Western Sahara,1997,61.212
Western Sahara,1998,61.71
Western Sahara,1999,62.231
Western Sahara,2000,62.734
Western Sahara,2001,63.222
Western Sahara,2002,63.737
Western Sahara,2003,64.233
Western Sahara,2004,64.744
Western Sahara,2005,65.222
Western Sahara,2006,65.67
Western Sahara,2007,66.144
Western Sahara,2008,66.582
Western Sahara,2009,67.057
Western Sahara,2010,67.492
Western Sahara,2011,67.883
Western Sahara,2012,68.237
Western Sahara,2013,68.617
Western Sahara,2014,68.953
Western Sahara,2015,69.275
Western Sahara,2016,69.596
Western Sahara,2017,69.883
Western Sahara,2018,70.143
Western Sahara,2019,70.382
Western Sahara,2020,70.613
Western Sahara,2021,70.887
Western Sahara,2022,71.143
Western Sahara,2023,71.385
World,1950,46.394
World,1951,47.126
World,1952,48.218
World,1953,48.809
World,1954,49.651
World,1955,50.206
World,1956,50.737
World,1957,51.064
World,1958,51.615
World,1959,49.582
World,1960,47.82
World,1961,50.346
World,1962,53.242
World,1963,53.716
World,1964,54.26
World,1965,53.998
World,1966,54.564
World,1967,55.068
World,1968,55.618
World,1969,56
World,1970,56.266
World,1971,56.019
World,1972,57.215
World,1973,57.692
World,1974,58.061
World,1975,58.268
World,1976,58.575
World,1977,59.154
World,1978,59.513
World,1979,60.157
World,1980,60.502
World,1981,60.919
World,1982,61.343
World,1983,61.521
World,1984,61.866
World,1985,62.209
World,1986,62.73
World,1987,63.181
World,1988,63.367
World,1989,63.782
World,1990,63.955
World,1991,64.064
World,1992,64.288
World,1993,64.433
World,1994,64.299
World,1995,64.882
World,1996,65.2
World,1997,65.541
World,1998,65.741
World,1999,66.041
World,2000,66.433
World,2001,66.753
World,2002,67.068
World,2003,67.401
World,2004,67.745
World,2005,68.141
World,2006,68.614
World,2007,69.032
World,2008,69.302
World,2009,69.681
World,2010,70.089
World,2011,70.403
World,2012,70.824
World,2013,71.142
World,2014,71.404
World,2015,71.606
World,2016,71.877
World,2017,72.067
World,2018,72.388
World,2019,72.609
World,2020,71.917
World,2021,70.865
World,2022,72.64
World,2023,73.169
Yemen,1950,28.934
Yemen,1951,29.284
Yemen,1952,29.625
Yemen,1953,30.026
Yemen,1954,30.413
Yemen,1955,30.81
Yemen,1956,31.297
Yemen,1957,31.779
Yemen,1958,32.359
Yemen,1959,32.862
Yemen,1960,33.462
Yemen,1961,34.058
Yemen,1962,33.669
Yemen,1963,33.431
Yemen,1964,34.907
Yemen,1965,35.592
Yemen,1966,36.264
Yemen,1967,37.079
Yemen,1968,37.99
Yemen,1969,39.61
Yemen,1970,40.573
Yemen,1971,41.757
Yemen,1972,42.688
Yemen,1973,43.603
Yemen,1974,44.541
Yemen,1975,45.475
Yemen,1976,46.441
Yemen,1977,47.442
Yemen,1978,48.484
Yemen,1979,49.531
Yemen,1980,50.608
Yemen,1981,51.679
Yemen,1982,52.367
Yemen,1983,53.618
Yemen,1984,54.586
Yemen,1985,55.418
Yemen,1986,54.002
Yemen,1987,56.828
Yemen,1988,57.43
Yemen,1989,58.025
Yemen,1990,58.528
Yemen,1991,58.805
Yemen,1992,59.26
Yemen,1993,59.655
Yemen,1994,59.828
Yemen,1995,60.532
Yemen,1996,60.884
Yemen,1997,61.34
Yemen,1998,61.788
Yemen,1999,62.275
Yemen,2000,62.761
Yemen,2001,63.286
Yemen,2002,63.807
Yemen,2003,64.407
Yemen,2004,64.881
Yemen,2005,65.356
Yemen,2006,65.8
Yemen,2007,66.23
Yemen,2008,66.609
Yemen,2009,66.905
Yemen,2010,67.223
Yemen,2011,67.412
Yemen,2012,67.569
Yemen,2013,67.961
Yemen,2014,68.003
Yemen,2015,66.761
Yemen,2016,67.105
Yemen,2017,67.12
Yemen,2018,65.915
Yemen,2019,66.567
Yemen,2020,66.435
Yemen,2021,66.019
Yemen,2022,67.952
Yemen,2023,69.295
Zambia,1950,46.803
Zambia,1951,47.168
Zambia,1952,47.575
Zambia,1953,47.988
Zambia,1954,48.364
Zambia,1955,48.756
Zambia,1956,49.129
Zambia,1957,49.467
Zambia,1958,49.89
Zambia,1959,50.292
Zambia,1960,50.648
Zambia,1961,51.041
Zambia,1962,51.331
Zambia,1963,51.605
Zambia,1964,51.17
Zambia,1965,52.079
Zambia,1966,52.29
Zambia,1967,52.512
Zambia,1968,52.719
Zambia,1969,53.044
Zambia,1970,53.404
Zambia,1971,53.887
Zambia,1972,54.375
Zambia,1973,54.913
Zambia,1974,55.377
Zambia,1975,55.742
Zambia,1976,56.102
Zambia,1977,56.281
Zambia,1978,56.335
Zambia,1979,56.05
Zambia,1980,55.496
Zambia,1981,54.986
Zambia,1982,54.361
Zambia,1983,53.674
Zambia,1984,52.877
Zambia,1985,52.001
Zambia,1986,51.149
Zambia,1987,50.421
Zambia,1988,49.674
Zambia,1989,48.882
Zambia,1990,48.204
Zambia,1991,47.443
Zambia,1992,46.968
Zambia,1993,46.678
Zambia,1994,46.344
Zambia,1995,46.051
Zambia,1996,45.757
Zambia,1997,45.743
Zambia,1998,45.709
Zambia,1999,45.924
Zambia,2000,46.577
Zambia,2001,47.408
Zambia,2002,48.461
Zambia,2003,49.616
Zambia,2004,50.54
Zambia,2005,51.615
Zambia,2006,52.693
Zambia,2007,53.73
Zambia,2008,54.835
Zambia,2009,55.886
Zambia,2010,56.896
Zambia,2011,57.843
Zambia,2012,58.704
Zambia,2013,59.445
Zambia,2014,60.109
Zambia,2015,60.728
Zambia,2016,61.129
Zambia,2017,61.564
Zambia,2018,62.138
Zambia,2019,62.914
Zambia,2020,63.361
Zambia,2021,62.363
Zambia,2022,65.279
Zambia,2023,66.349
Zimbabwe,1950,49.416
Zimbabwe,1951,49.836
Zimbabwe,1952,50.239
Zimbabwe,1953,50.633
Zimbabwe,1954,51.024
Zimbabwe,1955,51.411
Zimbabwe,1956,51.801
Zimbabwe,1957,52.196
Zimbabwe,1958,52.582
Zimbabwe,1959,53.022
Zimbabwe,1960,53.492
Zimbabwe,1961,53.966
Zimbabwe,1962,54.453
Zimbabwe,1963,54.942
Zimbabwe,1964,55.431
Zimbabwe,1965,55.905
Zimbabwe,1966,56.359
Zimbabwe,1967,56.766
Zimbabwe,1968,57.145
Zimbabwe,1969,57.481
Zimbabwe,1970,57.761
Zimbabwe,1971,57.996
Zimbabwe,1972,58.175
Zimbabwe,1973,58.087
Zimbabwe,1974,58.194
Zimbabwe,1975,58.249
Zimbabwe,1976,57.628
Zimbabwe,1977,56.996
Zimbabwe,1978,54.73
Zimbabwe,1979,54.918
Zimbabwe,1980,59.062
Zimbabwe,1981,59.446
Zimbabwe,1982,59.859
Zimbabwe,1983,59.989
Zimbabwe,1984,60.622
Zimbabwe,1985,60.901
Zimbabwe,1986,60.982
Zimbabwe,1987,60.724
Zimbabwe,1988,60.241
Zimbabwe,1989,59.446
Zimbabwe,1990,58.319
Zimbabwe,1991,57.037
Zimbabwe,1992,55.602
Zimbabwe,1993,53.976
Zimbabwe,1994,52.537
Zimbabwe,1995,51.144
Zimbabwe,1996,48.981
Zimbabwe,1997,48.536
Zimbabwe,1998,47.551
Zimbabwe,1999,46.379
Zimbabwe,2000,46.034
Zimbabwe,2001,44.525
Zimbabwe,2002,45.938
Zimbabwe,2003,45.373
Zimbabwe,2004,46.043
Zimbabwe,2005,46.57
Zimbabwe,2006,47.056
Zimbabwe,2007,47.576
Zimbabwe,2008,48.456
Zimbabwe,2009,49.75
Zimbabwe,2010,51.925
Zimbabwe,2011,53.911
Zimbabwe,2012,55.386
Zimbabwe,2013,56.842
Zimbabwe,2014,58.106
Zimbabwe,2015,58.989
Zimbabwe,2016,59.76
Zimbabwe,2017,60.263
Zimbabwe,2018,60.906
Zimbabwe,2019,61.06
Zimbabwe,2020,61.53
Zimbabwe,2021,60.135
Zimbabwe,2022,62.36
Zimbabwe,2023,62.775